budget_function,PMU_counter_used_budget,PMU_counter_used_budget_r,PMU_counter_used_budget_w,total_calc_r,total_calc_w,used_budget_read[0],used_budget_read[1],used_budget_read[2],used_budget_read[3],used_budget_read[4],used_budget_read[5],used_budget_read[6],used_budget_read[7],used_budget_read[8],used_budget_read[9],used_budget_write[0],used_budget_write[1],used_budget_write[2],used_budget_write[3],used_budget_write[4],used_budget_write[5],used_budget_write[6],used_budget_write[7],used_budget_write[8],used_budget_write[9],calculated_read[0],calculated_read[1],calculated_read[2],calculated_read[3],calculated_read[4],calculated_read[5],calculated_read[6],calculated_read[7],calculated_read[8],calculated_read[9],calculated_write[0],calculated_write[1],calculated_write[2],calculated_write[3],calculated_write[4],calculated_write[5],calculated_write[6],calculated_write[7],calculated_write[8],calculated_write[9],
EWMA,7553607,4999856,2553751,3372272,1848632,436795,474234,961073,266250,229950,1371275,170989,117289,733534,238467,72492,218777,632319,86699,60340,987778,12913,12913,431283,38237,87359,164734,324001,312450,295950,511015,443009,377865,448998,406891,14498,55353,170746,153936,135216,305728,247165,247165,283988,234837,
SW,14781075,9117595,5663480,6826214,3276954,1044312,700969,117378,1364178,402244,1548133,423815,1563461,400068,1553037,219389,476892,143056,907822,266204,1030466,280575,1040621,264710,1033745,929563,929563,620886,620886,620886,620886,620886,620886,620886,620886,619937,418785,279779,279779,279779,279779,279779,279779,279779,279779,
AFC,9839142,5942118,3897024,3789277,2470963,324733,450395,983858,736224,139388,1176046,522387,22208,1116863,470016,214555,144328,707990,369434,369434,800003,210520,210520,719309,150931,64946,142035,310399,395564,344329,510672,513015,414854,555255,538208,42911,63194,192153,227609,227609,342087,315774,315774,396481,347371,
AMBP,4976003,3619492,1356511,287826614,167605939,1307461,792087,189993,189993,189993,189993,189993,189993,189993,189993,884350,389545,10327,10327,10327,10327,10327,10327,10327,10327,261843,367891,35899610,35899610,35899610,35899610,35899610,35899610,35899610,35899610,176950,219469,20901190,20901190,20901190,20901190,20901190,20901190,20901190,20901190,
PIC,15112650,9884280,5228370,4282117710,4288170400,988428,988428,988428,988428,988428,988428,988428,988428,988428,988428,522837,522837,522837,522837,522837,522837,522837,522837,522837,522837,428211771,428211771,428211771,428211771,428211771,428211771,428211771,428211771,428211771,428211771,428817040,428817040,428817040,428817040,428817040,428817040,428817040,428817040,428817040,428817040,
EWMA,9723353,6368889,3354464,4289908,2239724,729481,883738,748689,666730,606024,575240,564000,533966,524903,536118,267511,496782,416510,367682,330702,312304,306038,286795,281202,288938,145896,293464,384509,440953,473967,494221,508176,513334,515647,519741,53502,142158,197028,231158,251066,263313,271858,274845,276116,278680,
SW,9696530,6310989,3385541,4535014,2440190,1049205,238793,265582,532222,702799,695330,697602,709118,720162,700176,563369,136550,139196,284227,376104,371135,372622,380318,387684,374336,819789,778641,517860,345532,345532,345532,345532,345532,345532,345532,433057,420822,279705,186658,186658,186658,186658,186658,186658,186658,
AFC,9622813,6270260,3352553,4199495,2242272,529565,947934,763995,681571,611017,585023,550377,543783,536090,520905,260710,514299,411493,368467,328567,315522,295001,292143,287953,278398,105913,274317,372252,434115,469495,492600,504155,512080,516882,517686,52142,144573,197957,232059,251360,264192,270353,274711,277359,277566,
AMBP,9535934,6210946,3324988,4133095,2209947,384559,970820,782653,677160,649387,580319,562636,532613,543131,527668,187893,524770,421055,363809,353134,311770,302805,284485,292483,282784,76991,255756,361135,424340,469349,491543,505761,511131,517531,519558,37658,135080,192275,226581,251891,263866,271653,274219,277871,278853,
PIC,5759620,3867280,1892340,4289939810,4292507240,386728,386728,386728,386728,386728,386728,386728,386728,386728,386728,189234,189234,189234,189234,189234,189234,189234,189234,189234,189234,428993981,428993981,428993981,428993981,428993981,428993981,428993981,428993981,428993981,428993981,429250724,429250724,429250724,429250724,429250724,429250724,429250724,429250724,429250724,429250724,
EWMA,20571351,12394854,8176497,8409160,5534353,1757662,1651314,1394008,1237749,1143976,1087595,1053762,1033490,1021300,1013998,1081882,1111659,934341,826752,762162,723320,700022,686057,677674,672628,351532,611488,767992,861943,918349,952198,972510,984706,992024,996418,216376,395432,503213,567920,606768,630078,644066,652464,657506,660530,
SW,20126652,12102028,8024624,8595528,5699398,2005752,341266,554920,1038126,1360580,1360498,1360386,1360212,1360130,1360158,1329993,226235,367945,688358,902184,902130,902051,901939,901886,901903,1664196,1450622,967313,644771,644771,644771,644771,644771,644771,644771,1103542,961874,641391,427513,427513,427513,427513,427513,427513,427513,
AFC,20121270,12099010,8022260,8117936,5382505,1168311,1771456,1464788,1280092,1169239,1102774,1062885,1038955,1024562,1015948,774066,1174734,971338,848845,775321,731238,704780,688917,679365,673656,233662,541220,725933,836764,903259,943162,967106,981475,990092,995263,154813,358797,481305,554813,598914,625378,641258,650789,656504,659934,
AMBP,19826833,11922021,7904812,7944256,5267393,818942,1840972,1506690,1305222,1184337,1111818,1068288,1042174,1026475,1017103,542394,1220812,999105,865497,785325,737233,708362,691044,680632,674408,163868,499288,700768,821658,894193,937718,963832,979500,988895,994536,108558,331008,464627,544801,592905,621770,639088,649479,655709,659448,
PIC,13627560,8197870,5429690,4284310050,4287908680,819787,819787,819787,819787,819787,819787,819787,819787,819787,819787,542969,542969,542969,542969,542969,542969,542969,542969,542969,542969,428431005,428431005,428431005,428431005,428431005,428431005,428431005,428431005,428431005,428431005,428790868,428790868,428790868,428790868,428790868,428790868,428790868,428790868,428790868,428790868,
EWMA,20571026,12394646,8176380,8409013,5534272,1757837,1651192,1393840,1237742,1143904,1087591,1053762,1033515,1021283,1013980,1081972,1111585,934260,826743,762112,723318,700026,686076,677663,672625,351567,611492,767961,861917,918314,952169,972487,984692,992010,996404,216394,395432,503197,567906,606747,630061,644054,652458,657499,660524,
SW,20126490,12101937,8024553,8595676,5699515,2005786,341234,555021,1038131,1360597,1360467,1360303,1360154,1360107,1360137,1330013,226209,368023,688368,902191,902104,901994,901905,901864,901882,1664178,1450586,967347,644795,644795,644795,644795,644795,644795,644795,1103525,961844,641415,427533,427533,427533,427533,427533,427533,427533,
AFC,20120961,12098827,8022134,8117804,5382416,1168206,1771377,1464822,1280123,1169271,1102760,1062854,1038918,1024564,1015932,774012,1174676,971367,848857,775337,731227,704762,688885,679368,673643,233641,541188,725914,836755,903258,943158,967097,981461,990081,995251,154802,358776,481294,554806,598912,625375,641252,650778,656496,659925,
AMBP,19826532,11921827,7904705,7944089,5267301,818798,1840898,1506721,1305243,1184343,1111799,1068273,1042163,1026497,1017092,542312,1220757,999129,865509,785332,737222,708353,691039,680643,674409,163839,499250,700744,821643,894183,937706,963819,979487,988889,994529,108542,330985,464613,544792,592900,621764,639081,649472,655706,659446,
PIC,13622210,8194660,5427550,4284314220,4287911460,819466,819466,819466,819466,819466,819466,819466,819466,819466,819466,542755,542755,542755,542755,542755,542755,542755,542755,542755,542755,428431422,428431422,428431422,428431422,428431422,428431422,428431422,428431422,428431422,428431422,428791146,428791146,428791146,428791146,428791146,428791146,428791146,428791146,428791146,428791146,
EWMA,20571385,12394795,8176590,8409106,5534403,1757701,1651251,1393961,1237741,1143928,1087631,1053816,1033485,1021302,1013979,1081900,1111617,934336,826770,762148,723362,700078,686064,677679,672636,351540,611482,767977,861929,918328,952188,972513,984707,992026,996416,216380,395427,503208,567920,606765,630084,644082,652478,657518,660541,
SW,20126572,12101997,8024575,8595759,5699597,2005779,341321,554950,1038153,1360604,1360470,1360298,1360191,1360111,1360120,1330002,226276,367981,688382,902189,902102,901991,901916,901866,901870,1664120,1450633,967350,644808,644808,644808,644808,644808,644808,644808,1103480,961875,641420,427546,427546,427546,427546,427546,427546,427546,
AFC,20121249,12098990,8022259,8117927,5382502,1168225,1771488,1464828,1280083,1169266,1102775,1062885,1038922,1024567,1015951,774005,1174758,971369,848839,775341,731238,704786,688894,679370,673659,233645,541213,725936,836765,903265,943167,967110,981472,990091,995263,154801,358792,481307,554813,598918,625382,641262,650788,656504,659935,
AMBP,19826840,11921999,7904841,7944236,5267400,818940,1840947,1506721,1305223,1184330,1111798,1068268,1042173,1026504,1017095,542386,1220798,999134,865499,785325,737219,708353,691045,680660,674422,163868,499283,700770,821660,894194,937714,963824,979493,988895,994535,108557,331005,464630,544803,592907,621769,639085,649477,655713,659454,
PIC,13625810,8196890,5428920,4284311320,4287909680,819689,819689,819689,819689,819689,819689,819689,819689,819689,819689,542892,542892,542892,542892,542892,542892,542892,542892,542892,542892,428431132,428431132,428431132,428431132,428431132,428431132,428431132,428431132,428431132,428431132,428790968,428790968,428790968,428790968,428790968,428790968,428790968,428790968,428790968,428790968,
EWMA,15883987,10162921,5721066,6888355,3861117,1398986,1361334,1162090,1018471,944134,888925,864290,853495,835451,835745,687833,794347,674370,586299,541405,507329,492594,486404,474975,475510,279797,496104,629301,707135,754534,781412,797987,809088,814360,818637,137566,268922,350011,397268,426095,442341,452391,459193,462349,464981,
SW,15536487,9909364,5627123,7040523,3998823,1636915,291559,443559,853448,1117121,1118245,1107884,1109703,1122575,1108355,929114,167386,250590,484876,634616,635372,628460,629676,638252,628781,1348581,1194610,790678,529522,529522,529522,529522,529522,529522,529522,763832,679304,449030,300951,300951,300951,300951,300951,300951,300951,
AFC,15565566,9931065,5634501,6658794,3775016,981287,1448622,1182069,1057066,955525,891493,866199,869726,834424,844654,544150,825565,671486,602344,543160,505550,491732,495967,473544,481003,196257,446730,593797,686450,740265,770510,789647,805662,811414,818062,108830,252177,336038,389299,420071,437166,448079,457656,460833,464867,
AMBP,15423388,9838948,5584440,6567409,3726352,800878,1461709,1223328,1061192,958190,904997,891020,844295,860840,832499,452255,828097,695172,602670,543383,513537,507588,478462,490724,472552,160255,420545,581101,677119,733333,767665,792336,802727,814349,817979,90531,238044,329469,384109,415963,435477,449899,455611,462633,464616,
PIC,12417940,7942810,4475130,4284641630,4289149610,794281,794281,794281,794281,794281,794281,794281,794281,794281,794281,447513,447513,447513,447513,447513,447513,447513,447513,447513,447513,428464163,428464163,428464163,428464163,428464163,428464163,428464163,428464163,428464163,428464163,428914961,428914961,428914961,428914961,428914961,428914961,428914961,428914961,428914961,428914961,
EWMA,20570842,12394562,8176280,8408893,5534157,1757575,1651103,1393969,1237756,1143926,1087642,1053796,1033498,1021307,1013990,1081793,1111485,934350,826771,762131,723344,700039,686062,677672,672633,351515,611432,767939,861902,918306,952173,972497,984697,992019,996413,216358,395383,503176,567895,606742,630062,644057,652458,657500,660526,
SW,20126426,12101920,8024506,8595748,5699535,2005803,341322,554976,1038134,1360569,1360455,1360314,1360180,1360088,1360079,1330019,226269,367994,688361,902171,902098,901995,901907,901847,901845,1664128,1450576,967367,644811,644811,644811,644811,644811,644811,644811,1103487,961834,641427,427541,427541,427541,427541,427541,427541,427541,
AFC,20121022,12098888,8022134,8117839,5382411,1168246,1771302,1464854,1280117,1169291,1102778,1062872,1038921,1024564,1015943,774007,1174644,971386,848853,775348,731234,704773,688886,679359,673644,233649,541179,725914,836754,903261,943164,967105,981468,990087,995258,154801,358769,481292,554804,598912,625376,641255,650781,656496,659925,
AMBP,19826481,11921819,7904662,7944067,5267255,818803,1840762,1506762,1305273,1184371,1111801,1068283,1042171,1026496,1017097,542303,1220668,999147,865533,785344,737216,708358,691036,680641,674416,163840,499224,700731,821639,894185,937708,963823,979492,988892,994533,108540,330965,464601,544787,592898,621761,639080,649471,655705,659447,
PIC,13623330,8195380,5427950,4284313280,4287910940,819538,819538,819538,819538,819538,819538,819538,819538,819538,819538,542795,542795,542795,542795,542795,542795,542795,542795,542795,542795,428431328,428431328,428431328,428431328,428431328,428431328,428431328,428431328,428431328,428431328,428791094,428791094,428791094,428791094,428791094,428791094,428791094,428791094,428791094,428791094,
EWMA,20571133,12394645,8176488,8409039,5534344,1757720,1651214,1393887,1237790,1143950,1087645,1053779,1033430,1021263,1013967,1081903,1111574,934312,826804,762157,723377,700036,686042,677657,672626,351544,611478,767959,861925,918330,952193,972510,984694,992007,996399,216380,395418,503196,567917,606765,630087,644076,652469,657506,660530,
SW,20126435,12101845,8024590,8595702,5699618,2005714,341382,554965,1038110,1360570,1360436,1360252,1360202,1360108,1360106,1329978,226311,367999,688357,902182,902105,901964,901937,901881,901876,1664069,1450546,967354,644819,644819,644819,644819,644819,644819,644819,1103467,961830,641429,427556,427556,427556,427556,427556,427556,427556,
AFC,20120933,12098759,8022174,8117737,5382423,1168247,1771294,1464792,1280098,1169283,1102753,1062880,1038919,1024533,1015960,774026,1174621,971355,848849,775375,731235,704796,688896,679354,673667,233649,541178,725900,836739,903247,943148,967094,981459,990073,995250,154805,358768,481285,554797,598912,625376,641260,650787,656500,659933,
AMBP,19826409,11921688,7904721,7943987,5267295,818796,1840865,1506728,1305222,1184273,1111788,1068286,1042120,1026524,1017086,542309,1220752,999149,865498,785304,737220,708374,691015,680677,674423,163839,499244,700740,821636,894163,937688,963807,979469,988880,994521,108541,330983,464616,544792,592894,621759,639082,649468,655709,659451,
PIC,13624590,8196120,5428470,4284312320,4287910270,819612,819612,819612,819612,819612,819612,819612,819612,819612,819612,542847,542847,542847,542847,542847,542847,542847,542847,542847,542847,428431232,428431232,428431232,428431232,428431232,428431232,428431232,428431232,428431232,428431232,428791027,428791027,428791027,428791027,428791027,428791027,428791027,428791027,428791027,428791027,
EWMA,20569846,12393923,8175923,8408403,5533888,1757611,1650511,1394047,1237831,1143954,1087681,1053757,1033057,1021440,1014034,1081866,1111095,934381,826825,762157,723403,700019,685766,677764,672647,351522,611319,767864,861857,918276,952157,972477,984593,991962,996376,216373,395317,503129,567868,606725,630060,644051,652394,657468,660503,
SW,20125818,12101546,8024272,8594716,5698929,2005784,340479,555350,1038324,1360261,1360604,1360430,1359919,1360194,1360201,1330003,225703,368253,688510,901967,902193,902070,901734,901916,901923,1664213,1450273,967204,644718,644718,644718,644718,644718,644718,644718,1103551,961635,641320,427489,427489,427489,427489,427489,427489,427489,
AFC,20119143,12097733,8021410,8117245,5382048,1168118,1771334,1464893,1279678,1169428,1102839,1062289,1039097,1024678,1015379,773927,1174669,971406,848569,775455,731278,704372,689019,679441,673274,233623,541165,725910,836663,903216,943140,966969,981394,990050,995115,154785,358761,481290,554745,598887,625365,641166,650736,656477,659836,
AMBP,19823272,11919862,7903410,7943214,5266716,819483,1840667,1506537,1304260,1184578,1111764,1067642,1042397,1026247,1016287,542755,1220612,998994,864868,785485,737197,707934,691198,680483,673884,163976,499314,700758,821458,894082,937618,963622,979377,988751,994258,108631,331027,464620,544669,592832,621705,638950,649399,655615,659268,
PIC,13643760,8207610,5436150,4284297390,4287900280,820761,820761,820761,820761,820761,820761,820761,820761,820761,820761,543615,543615,543615,543615,543615,543615,543615,543615,543615,543615,428429739,428429739,428429739,428429739,428429739,428429739,428429739,428429739,428429739,428429739,428790028,428790028,428790028,428790028,428790028,428790028,428790028,428790028,428790028,428790028,
EWMA,20571352,12394816,8176536,8409171,5534393,1757725,1651403,1393952,1237703,1143946,1087585,1053758,1033488,1021296,1013960,1081891,1111691,934353,826732,762160,723329,700026,686064,677668,672622,351545,611516,768003,861943,918343,952191,972504,984700,992019,996407,216378,395440,503222,567924,606771,630082,644070,652468,657508,660530,
SW,20126621,12101976,8024645,8595657,5699573,2005732,341232,554986,1038173,1360596,1360468,1360335,1360182,1360142,1360130,1329986,226219,368004,688399,902192,902114,902027,901921,901893,901890,1664163,1450598,967317,644797,644797,644797,644797,644797,644797,644797,1103523,961860,641403,427541,427541,427541,427541,427541,427541,427541,
AFC,20121279,12098973,8022306,8117898,5382527,1168240,1771434,1464816,1280106,1169272,1102767,1062857,1038949,1024572,1015960,774020,1174731,971371,848858,775351,731242,704774,688909,679383,673667,233648,541205,725927,836762,903264,943164,967102,981471,990091,995264,154804,358789,481305,554815,598922,625386,641263,650792,656510,659941,
AMBP,19826754,11921916,7904838,7944152,5267386,818746,1841031,1506713,1305243,1184332,1111797,1068273,1042179,1026501,1017101,542266,1220861,999134,865515,785332,737224,708362,691056,680663,674425,163829,499269,700757,821654,894189,937710,963822,979493,988894,994535,108533,330998,464625,544803,592908,621771,639089,649482,655718,659459,
PIC,13622810,8195010,5427800,4284313770,4287911140,819501,819501,819501,819501,819501,819501,819501,819501,819501,819501,542780,542780,542780,542780,542780,542780,542780,542780,542780,542780,428431377,428431377,428431377,428431377,428431377,428431377,428431377,428431377,428431377,428431377,428791114,428791114,428791114,428791114,428791114,428791114,428791114,428791114,428791114,428791114,
EWMA,20570087,12394055,8176032,8408573,5533993,1757617,1651079,1393888,1237540,1143849,1087679,1053718,1033468,1021368,1013849,1081818,1111491,934304,826615,762088,723389,699992,686062,677723,672550,351523,611434,767924,861847,918247,952133,972450,984653,991996,996366,216363,395388,503171,567859,606704,630041,644031,652437,657494,660505,
SW,20124400,12100707,8023693,8593092,5697789,2005665,339839,555504,1038425,1359877,1360725,1360376,1359722,1360350,1360224,1329929,225291,368345,688550,901708,902277,902031,901610,902025,901927,1663893,1450073,967003,644589,644589,644589,644589,644589,644589,644589,1103334,961502,641188,427395,427395,427395,427395,427395,427395,427395,
AFC,20118059,12097097,8020962,8116588,5381597,1167188,1771479,1464943,1279532,1169472,1102870,1062380,1039104,1024652,1015477,773315,1174748,971441,848461,775477,731312,704441,689007,679426,673334,233437,541045,725824,836565,903146,943090,966948,981379,990033,995121,154663,358680,481232,554677,598837,625332,641153,650723,656463,659837,
AMBP,19825236,11921055,7904181,7943552,5266920,819210,1840829,1506369,1305182,1184375,1110854,1068377,1042311,1026343,1017205,542578,1220708,998889,865475,785352,736573,708435,691146,680537,674488,163922,499303,700716,821609,894162,937500,963675,979402,988790,994473,108595,331017,464591,544767,592884,621621,638983,649415,655639,659408,
PIC,13637440,8203860,5433580,4284302260,4287903620,820386,820386,820386,820386,820386,820386,820386,820386,820386,820386,543358,543358,543358,543358,543358,543358,543358,543358,543358,543358,428430226,428430226,428430226,428430226,428430226,428430226,428430226,428430226,428430226,428430226,428790362,428790362,428790362,428790362,428790362,428790362,428790362,428790362,428790362,428790362,
EWMA,20570918,12394603,8176315,8408976,5534216,1757699,1651110,1393914,1237802,1143960,1087631,1053771,1033478,1021285,1013953,1081891,1111527,934269,826792,762153,723344,700016,686049,677661,672613,351539,611453,767945,861916,918324,952185,972502,984697,992014,996401,216378,395407,503179,567901,606751,630069,644058,652456,657497,660520,
SW,20126302,12101832,8024470,8595840,5699636,2005766,341330,555027,1038139,1360572,1360446,1360283,1360112,1360085,1360072,1329991,226279,368029,688370,902176,902089,901990,901860,901847,901839,1664091,1450551,967374,644832,644832,644832,644832,644832,644832,644832,1103468,961822,641433,427559,427559,427559,427559,427559,427559,427559,
AFC,20120714,12098678,8022036,8117620,5382292,1167924,1771337,1464850,1280137,1169282,1102777,1062905,1038947,1024572,1015947,773805,1174649,971385,848876,775350,731245,704798,688902,679373,673653,233584,541134,725877,836729,903239,943146,967097,981467,990088,995259,154761,358738,481267,554788,598900,625369,641254,650783,656501,659931,
AMBP,19826684,11921914,7904770,7944153,5267333,818976,1840740,1506723,1305243,1184333,1111811,1068294,1042186,1026515,1017093,542421,1220663,999129,865516,785320,737231,708365,691052,680653,674420,163875,499248,700743,821643,894181,937707,963824,979496,988899,994537,108564,330983,464612,544792,592897,621763,639083,649476,655711,659452,
PIC,13623900,8195750,5428150,4284312800,4287910680,819575,819575,819575,819575,819575,819575,819575,819575,819575,819575,542815,542815,542815,542815,542815,542815,542815,542815,542815,542815,428431280,428431280,428431280,428431280,428431280,428431280,428431280,428431280,428431280,428431280,428791068,428791068,428791068,428791068,428791068,428791068,428791068,428791068,428791068,428791068,
EWMA,14955900,9252692,5703208,6254570,3840021,1257444,1198024,1079363,957618,811308,844564,815571,722811,787349,778640,687784,760988,683365,603126,506155,528599,509470,447794,490849,485078,251488,440795,568508,646330,679325,712372,733011,730971,742246,749524,137556,262242,346466,397798,419469,441295,454930,453502,460971,465792,
SW,14510578,8583135,5927443,6005771,4012093,1526043,3391,503653,847757,705516,1072530,1074911,712156,1067810,1069368,949534,949534,235518,238868,228984,713767,715350,473598,710632,711658,1150105,1016770,677696,451600,451600,451600,451600,451600,451600,451600,710237,710237,710237,474640,234457,234457,234457,234457,234457,234457,
AFC,13390638,8268247,5122391,5620095,3491252,638613,1390724,1140959,620483,978139,883365,468495,874044,829114,444311,424596,859507,706504,367666,610872,550609,275834,547183,517858,261762,127722,380322,532449,550055,635671,685209,641867,688302,716464,662034,84919,239836,333169,340068,394228,425504,395570,425892,444285,407781,
AMBP,14155472,8737438,5418034,150276503,93330591,862983,1345168,975587,1003566,902699,710688,841482,812207,641529,641529,541065,835756,600229,625356,562010,436365,524946,506267,393020,393020,172676,407174,520856,617398,674458,681704,713659,733368,72877605,72877605,108293,253785,323073,383529,419225,422653,443111,455742,45260590,45260590,
PIC,24699990,15227020,9472970,4275172150,4282652420,1522702,1522702,1522702,1522702,1522702,1522702,1522702,1522702,1522702,1522702,947297,947297,947297,947297,947297,947297,947297,947297,947297,947297,427517215,427517215,427517215,427517215,427517215,427517215,427517215,427517215,427517215,427517215,428265242,428265242,428265242,428265242,428265242,428265242,428265242,428265242,428265242,428265242,
EWMA,20571171,12394655,8176516,8409029,5534370,1757683,1651466,1393861,1237636,1143874,1087597,1053784,1033484,1021306,1013964,1081901,1111747,934280,826698,762115,723345,700053,686072,677687,672618,351536,611522,767989,861918,918309,952166,972489,984688,992011,996401,216380,395453,503218,567914,606754,630072,644068,652468,657511,660532,
SW,20126529,12101904,8024625,8595654,5699597,2005744,341232,554974,1038139,1360555,1360456,1360345,1360204,1360137,1360118,1330004,226223,367995,688377,902165,902106,902039,901938,901896,901882,1664244,1450619,967317,644782,644782,644782,644782,644782,644782,644782,1103583,961883,641407,427532,427532,427532,427532,427532,427532,427532,
AFC,20121416,12099028,8022388,8117955,5382595,1168333,1771428,1464799,1280107,1169270,1102765,1062875,1038928,1024569,1015954,774088,1174728,971362,848866,775353,731249,704792,688901,679381,673668,233666,541218,725934,836768,903268,943167,967108,981472,990091,995263,154817,358799,481311,554822,598928,625392,641272,650797,656513,659944,
AMBP,19827065,11922080,7904985,7944296,5267507,818912,1841071,1506692,1305205,1184331,1111800,1068289,1042161,1026512,1017107,542387,1220898,999121,865493,785336,737230,708374,691045,680671,674430,163862,499303,700780,821665,894198,937718,963832,979497,988900,994541,108557,331025,464644,544813,592917,621779,639098,649487,655723,659464,
PIC,13627160,8197650,5429510,4284310330,4287908920,819765,819765,819765,819765,819765,819765,819765,819765,819765,819765,542951,542951,542951,542951,542951,542951,542951,542951,542951,542951,428431033,428431033,428431033,428431033,428431033,428431033,428431033,428431033,428431033,428431033,428790892,428790892,428790892,428790892,428790892,428790892,428790892,428790892,428790892,428790892,
EWMA,24560848,18509113,6051735,12634589,4098957,2909047,2828907,1333621,2051723,2127339,913436,1800669,1986047,810057,1748267,681513,864496,777030,545369,593221,611492,444879,535202,575830,422703,581809,1031228,1091706,1283709,1452435,1344635,1435841,1545882,1398717,1468627,136302,281940,380958,413840,449716,482071,474632,486746,504562,488190,
SW,24093612,18148042,5945570,12722872,4307945,3153343,977979,152095,1720614,2467505,1406211,2199477,2464200,1407093,2199525,929180,202791,341182,436858,681641,735586,601160,680758,735210,601204,2438798,2204665,1427806,950229,950229,950229,950229,950229,950229,950229,805475,722811,491051,326944,326944,326944,326944,326944,326944,326944,
AFC,24220046,18420672,5799374,12330349,3906937,2098146,2422442,2609425,1949821,990508,2171003,1656730,841831,2075536,1605230,581971,711633,773649,541311,694842,565635,408265,617552,521338,383178,419629,820191,1178037,1332393,1264016,1445413,1487676,1358507,1501912,1522575,116394,235441,343082,382727,445150,469247,457051,489151,495588,473106,
AMBP,20984066,15077581,5906485,579968871,149073787,392794,3079703,2730532,1255314,2033885,2108065,869322,869322,869322,869322,738924,782889,730932,689413,499162,562709,581067,440463,440463,440463,78638,678851,1089187,1122412,1304706,1465377,143557425,143557425,143557425,143557425,147864,274869,366081,430747,444430,468085,490681,48817010,48817010,48817010,
PIC,40635290,31387220,9248070,4254163890,4282944790,3138722,3138722,3138722,3138722,3138722,3138722,3138722,3138722,3138722,3138722,924807,924807,924807,924807,924807,924807,924807,924807,924807,924807,425416389,425416389,425416389,425416389,425416389,425416389,425416389,425416389,425416389,425416389,428294479,428294479,428294479,428294479,428294479,428294479,428294479,428294479,428294479,428294479,
EWMA,24629439,18549984,6079455,12667041,4119630,2915012,2863105,1309228,2061310,2151398,889301,1809328,2003429,792652,1755221,683245,874415,780113,546486,599212,611240,445443,539532,576734,423035,583002,1039022,1093063,1286712,1459649,1345579,1438328,1551348,1399608,1470730,136649,284202,383384,416004,452645,484364,476579,489169,506682,489952,
SW,24151628,18181073,5970555,12745315,4321414,3158181,997644,132297,1725261,2490786,1390574,2202949,2490995,1390118,2202268,930897,205146,339808,437680,688007,738698,602047,688002,738444,601826,2445342,2208461,1429374,951734,951734,951734,951734,951734,951734,951734,810484,726165,491950,327545,327545,327545,327545,327545,327545,327545,
AFC,24475901,18593593,5882308,12417882,3958106,2125302,2404941,2606759,2022200,965517,2158975,1751766,803724,2061424,1692985,589864,715619,771149,557789,714448,556540,428705,638089,509950,400155,425060,821036,1178180,1346984,1270691,1448347,1509030,1367969,1506660,1543925,117972,237501,344230,386941,452442,473261,464350,499097,501267,481045,
AMBP,21029873,15098666,5931207,582586770,150545340,352258,3083191,2772320,1247936,2032708,2139037,867804,867804,867804,867804,755302,778074,739998,697073,495182,569068,595362,433716,433716,433716,70531,673063,1092914,1123918,1305676,1472348,144212080,144212080,144212080,144212080,151140,276526,369220,434790,446868,471308,496118,49299790,49299790,49299790,
PIC,40880360,31577220,9303140,4253916890,4282873200,3157722,3157722,3157722,3157722,3157722,3157722,3157722,3157722,3157722,3157722,930314,930314,930314,930314,930314,930314,930314,930314,930314,930314,425391689,425391689,425391689,425391689,425391689,425391689,425391689,425391689,425391689,425391689,428287320,428287320,428287320,428287320,428287320,428287320,428287320,428287320,428287320,428287320,
EWMA,24638394,18554426,6083968,12670561,4122347,2920216,2858782,1308365,2064923,2157495,877507,1814562,2013834,777462,1761280,685122,873517,779981,546828,600748,609833,446507,541464,575875,424093,584043,1038990,1092865,1287276,1461319,1344556,1438557,1553612,1398382,1470961,137024,284322,383453,416128,453052,484408,476827,489754,506978,490401,
SW,24170095,18194034,5976061,12743950,4326520,3163059,1007865,116437,1728753,2502383,1379639,2208364,2499458,1382380,2205696,932051,207741,338356,437834,690440,737169,602530,689620,738281,602039,2445245,2212459,1429120,951018,951018,951018,951018,951018,951018,951018,810546,727419,492716,327977,327977,327977,327977,327977,327977,327977,
AFC,24352886,18353764,5999122,12712866,3968952,2477433,2240480,2649238,1857859,1823512,2020814,779808,1761249,1974973,768398,683474,676967,783038,554582,538030,596595,609358,442991,537343,576744,495486,844484,1205434,1335919,1433437,1550912,1396692,1469603,1570677,1410222,136694,244748,352406,392841,421878,456821,487328,478461,490237,507538,
AMBP,20825375,15095267,5730108,708391305,193587632,1578468,3118736,1544993,2151427,2215923,897144,897144,897144,897144,897144,372777,942835,803406,572215,616659,623052,449791,449791,449791,449791,315773,876365,1010090,1238357,1433870,140703370,140703370,140703370,140703370,140703370,74635,248275,359301,401883,444838,480480,47894555,47894555,47894555,47894555,
PIC,40922750,31612070,9310680,4253871590,4282863390,3161207,3161207,3161207,3161207,3161207,3161207,3161207,3161207,3161207,3161207,931068,931068,931068,931068,931068,931068,931068,931068,931068,931068,425387159,425387159,425387159,425387159,425387159,425387159,425387159,425387159,425387159,425387159,428286339,428286339,428286339,428286339,428286339,428286339,428286339,428286339,428286339,428286339,
EWMA,24612025,18538664,6073361,12658662,4115042,2913777,2852960,1316481,2056765,2148365,893804,1806814,2002503,794755,1752440,683259,871592,779463,545362,598478,611860,444789,538961,577394,422203,582755,1036796,1092733,1285539,1458104,1345244,1437558,1550547,1399388,1469998,136651,283639,382803,415314,451946,483928,476100,488672,506416,489573,
SW,24127248,18164622,5962626,12747233,4319714,3152355,996507,137451,1724142,2485759,1392122,2199875,2484680,1392825,2198906,928815,206128,340005,437243,686912,737629,601177,686244,737555,600918,2441723,2207839,1428771,952700,952700,952700,952700,952700,952700,952700,808270,725251,491649,327792,327792,327792,327792,327792,327792,327792,
AFC,24460175,18584070,5876105,12411867,3953474,2116620,2412450,2606482,2018917,965910,2158605,1748461,804391,2061919,1690315,587367,715923,771214,557231,712454,557297,428238,635191,510847,400343,423324,821149,1178215,1346355,1270266,1447933,1508038,1367309,1506231,1543047,117473,237163,343973,386624,451790,472891,463961,498207,500735,480657,
AMBP,21036854,15107590,5929264,582216591,150453434,352738,3086416,2763316,1251612,2033412,2133392,871676,871676,871676,871676,753341,779526,737564,697126,495784,567921,595180,434274,434274,434274,70627,673784,1091690,1123674,1305621,1471175,144120005,144120005,144120005,144120005,150748,276503,368715,434397,446674,470923,495774,49269900,49269900,49269900,
PIC,40809900,31521900,9288000,4253988810,4282892880,3152190,3152190,3152190,3152190,3152190,3152190,3152190,3152190,3152190,3152190,928800,928800,928800,928800,928800,928800,928800,928800,928800,928800,425398881,425398881,425398881,425398881,425398881,425398881,425398881,425398881,425398881,425398881,428289288,428289288,428289288,428289288,428289288,428289288,428289288,428289288,428289288,428289288,
EWMA,24627465,18548548,6078917,12665630,4118917,2917090,2861663,1307594,2059794,2149718,892718,1809083,2003135,791362,1756391,683974,873797,779961,545501,598710,611993,445388,538971,577264,423358,583418,1039067,1092772,1286176,1458884,1345650,1438336,1551295,1399308,1470724,136794,284194,383347,415777,452363,484289,476508,489000,506652,489993,
SW,24146101,18177924,5968177,12746127,4322592,3157635,997087,132461,1726455,2489685,1389802,2202917,2490180,1389502,2202200,930234,205222,340172,437965,687603,738302,601552,687477,737952,601698,2444818,2208241,1429061,952001,952001,952001,952001,952001,952001,952001,810119,726095,491876,327786,327786,327786,327786,327786,327786,327786,
AFC,24473874,18592401,5881473,12416784,3957423,2124766,2404811,2606344,2023043,965571,2157788,1751710,803779,2060763,1693826,589680,715637,771090,558269,713989,556050,428808,637465,509718,400767,424953,820924,1178008,1347015,1270727,1448139,1508853,1367839,1506423,1543903,117936,237476,344198,387012,452407,473135,464270,498909,501070,481010,
AMBP,21031832,15100724,5931108,582529687,150516443,352303,3085627,2769987,1247466,2032435,2138802,868526,868526,868526,868526,754932,778902,739071,697011,495300,568969,595037,433962,433962,433962,70540,673557,1092843,1123767,1305500,1472160,144197830,144197830,144197830,144197830,151066,276633,369120,434698,446818,471248,496005,49290285,49290285,49290285,
PIC,40871900,31571010,9300890,4253924970,4282876120,3157101,3157101,3157101,3157101,3157101,3157101,3157101,3157101,3157101,3157101,930089,930089,930089,930089,930089,930089,930089,930089,930089,930089,425392497,425392497,425392497,425392497,425392497,425392497,425392497,425392497,425392497,425392497,428287612,428287612,428287612,428287612,428287612,428287612,428287612,428287612,428287612,428287612,
EWMA,24618557,18541747,6076810,12662697,4118079,2918402,2858928,1308697,2056297,2157239,884254,1810520,2008493,782331,1756586,684622,873322,780361,544518,600668,608753,445949,540464,574782,423371,583680,1038729,1092722,1285437,1459797,1344688,1437854,1551981,1398051,1469758,136924,284203,383434,415650,452653,483873,476288,489123,506254,489677,
SW,24126913,18162997,5963916,12756008,4324255,3152378,1002797,133324,1725716,2492738,1379951,2201743,2490096,1381954,2202300,928890,207079,339508,437982,688472,735408,601564,687453,735807,601753,2442375,2206511,1429500,953946,953946,953946,953946,953946,953946,953946,809468,725631,491826,328190,328190,328190,328190,328190,328190,328190,
AFC,24271183,18301850,5969333,12689663,3954993,2463127,2249803,2650065,1849768,1827255,2022398,747989,1771158,1987095,733192,679985,677299,783704,549942,539591,597739,591388,447789,542089,559807,492625,844060,1205261,1334162,1432780,1550703,1390161,1466360,1570507,1403044,135997,244257,352146,391705,421282,456573,483536,476387,489527,503583,
AMBP,20673058,14950639,5722419,706792200,191996494,1585585,3114019,1515284,2157788,2219303,871732,871732,871732,871732,871732,376887,941654,781177,576530,619203,606588,455095,455095,455095,455095,317197,876561,1004305,1235001,1431861,140385455,140385455,140385455,140385455,140385455,75457,248696,355192,399459,443407,476043,47499560,47499560,47499560,47499560,
PIC,40859120,31559960,9299160,4253939330,4282878370,3155996,3155996,3155996,3155996,3155996,3155996,3155996,3155996,3155996,3155996,929916,929916,929916,929916,929916,929916,929916,929916,929916,929916,425393933,425393933,425393933,425393933,425393933,425393933,425393933,425393933,425393933,425393933,428287837,428287837,428287837,428287837,428287837,428287837,428287837,428287837,428287837,428287837,
EWMA,24637848,18553310,6084538,12669850,4122877,2919153,2861898,1304199,2065644,2159248,876203,1814250,2014260,777823,1760632,684483,873838,779761,547095,601222,610696,446152,541998,575541,423752,583830,1039443,1092394,1287044,1461484,1344427,1438391,1553564,1398415,1470858,136896,284284,383379,416122,453142,484652,476952,489961,507077,490412,
SW,24157809,18184542,5973267,12748108,4327746,3161124,1007426,118031,1729914,2499536,1379686,2205851,2498945,1380545,2203484,931423,208249,338357,438036,689851,736893,602150,689500,737377,601431,2444410,2212308,1428860,951790,951790,951790,951790,951790,951790,951790,810167,727405,492676,328214,328214,328214,328214,328214,328214,328214,
AFC,24352001,18352345,5999656,12711404,3969293,2476155,2240560,2650100,1856112,1824379,2020011,779346,1761899,1975255,768528,682986,676600,783145,555586,538140,596738,609167,443056,537853,576385,495231,844296,1205456,1335587,1433345,1550678,1396412,1469509,1570658,1410232,136597,244597,352306,392962,421997,456945,487389,478523,490389,507588,
AMBP,20820663,15091181,5729482,708231104,193467332,1578219,3118305,1545508,2151096,2214623,896686,896686,896686,896686,896686,372999,943257,802825,572035,616463,621731,450043,450043,450043,450043,315723,876239,1010092,1238292,1433558,140671440,140671440,140671440,140671440,140671440,74679,248394,359280,401831,444757,480151,47864560,47864560,47864560,47864560,
PIC,40884020,31580260,9303760,4253912940,4282872390,3158026,3158026,3158026,3158026,3158026,3158026,3158026,3158026,3158026,3158026,930376,930376,930376,930376,930376,930376,930376,930376,930376,930376,425391294,425391294,425391294,425391294,425391294,425391294,425391294,425391294,425391294,425391294,428287239,428287239,428287239,428287239,428287239,428287239,428287239,428287239,428287239,428287239,
EWMA,24624738,18547436,6077302,12665015,4118031,2915236,2860903,1310021,2059996,2151093,890937,1807861,2004422,791048,1755919,683512,873825,779929,545613,598973,611659,444856,538962,576752,423221,583047,1038618,1092898,1286317,1459272,1345605,1438056,1551329,1399272,1470601,136702,284126,383286,415751,452395,484247,476368,488886,506459,489811,
SW,24149620,18179776,5969844,12747865,4323294,3157973,997941,132601,1726038,2489788,1390138,2202680,2489350,1390454,2202813,930507,205828,340158,437496,687958,738397,601748,687868,737990,601894,2444779,2208230,1429505,952193,952193,952193,952193,952193,952193,952193,810168,726173,492164,327827,327827,327827,327827,327827,327827,327827,
AFC,24475536,18593367,5882169,12417353,3957623,2122809,2406846,2607876,2020707,965931,2159456,1750781,803748,2061917,1693296,589239,716122,770979,557547,714422,556629,428516,637750,510121,400844,424561,821018,1178389,1346852,1270668,1448425,1508896,1367867,1506677,1544000,117847,237502,344197,386867,452378,473228,464286,498978,501206,481134,
AMBP,21034016,15101815,5932201,582606690,150561570,352037,3085577,2769724,1248533,2032203,2139553,868547,868547,868547,868547,755219,778625,739001,697323,495167,569523,595337,434002,434002,434002,70487,673505,1092748,1123905,1305564,1472361,144217030,144217030,144217030,144217030,151123,276623,369098,434743,446827,471366,496160,49305210,49305210,49305210,
PIC,40847660,31550450,9297210,4253951690,4282880910,3155045,3155045,3155045,3155045,3155045,3155045,3155045,3155045,3155045,3155045,929721,929721,929721,929721,929721,929721,929721,929721,929721,929721,425395169,425395169,425395169,425395169,425395169,425395169,425395169,425395169,425395169,425395169,428288091,428288091,428288091,428288091,428288091,428288091,428288091,428288091,428288091,428288091,
EWMA,24604576,18533364,6071212,12654550,4113246,2911205,2849917,1318591,2054857,2148591,896408,1805252,2000824,796599,1751120,682364,870500,779985,544562,599013,611901,444403,538786,577506,422192,582241,1035776,1092339,1284842,1457591,1345354,1437333,1550031,1399344,1469699,136472,283277,382618,415006,451807,483825,475940,488509,506308,489484,
SW,24123153,18162933,5960220,12743070,4320437,3151939,995554,138193,1722914,2485120,1393326,2199439,2484205,1393894,2198349,928710,206388,340970,436633,685854,737579,600793,685665,737214,600414,2441083,2207885,1428562,952220,952220,952220,952220,952220,952220,952220,807538,724897,492023,327997,327997,327997,327997,327997,327997,327997,
AFC,24459908,18583781,5876127,12411348,3953272,2117587,2412004,2605198,2020185,965632,2156608,1750269,804293,2059663,1692342,587186,716020,770867,558208,711877,556201,429084,635678,509980,401026,423517,821214,1178010,1346445,1270283,1447548,1508092,1367333,1505799,1543107,117437,237153,343895,386757,451781,472665,463949,498294,500631,480710,
AMBP,21046356,15119722,5926634,582008676,150418188,352310,3085296,2763150,1253211,2030530,2131529,875924,875924,875924,875924,753053,779234,737322,697575,495135,567368,595604,433781,433781,433781,70542,673492,1091423,1123780,1305130,1470409,144068475,144068475,144068475,144068475,150690,276398,368582,434380,446531,470698,495679,49258410,49258410,49258410,
PIC,40760930,31483100,9277830,4254039250,4282906100,3148310,3148310,3148310,3148310,3148310,3148310,3148310,3148310,3148310,3148310,927783,927783,927783,927783,927783,927783,927783,927783,927783,927783,425403925,425403925,425403925,425403925,425403925,425403925,425403925,425403925,425403925,425403925,428290610,428290610,428290610,428290610,428290610,428290610,428290610,428290610,428290610,428290610,
EWMA,15122889,9352906,5769983,6335872,3894175,1256644,1263212,1070291,946146,868781,826331,797908,782107,777562,763924,687250,804390,677334,595458,544452,516449,497718,487303,484347,475282,251328,453704,577021,650846,694433,720812,736231,745406,751837,754254,137450,270838,352137,400801,429531,446914,457074,463119,467364,468947,
SW,14433031,8905564,5527467,6262707,3884459,1515650,137787,459802,807800,893102,1053598,1044593,892028,1047143,1054061,942572,80566,287660,503349,549357,656341,650339,548634,652025,656624,1218547,1060506,704413,468463,468463,468463,468463,468463,468463,468463,755841,658010,436933,290525,290525,290525,290525,290525,290525,290525,
AFC,12882611,7976938,4905673,5440652,3349417,554822,1403120,1152455,503477,989736,902860,370271,905733,855139,339325,323934,876753,719536,292926,620533,564759,211090,568719,535459,191964,110964,369395,526007,521501,615148,672690,612207,670912,707757,634071,64786,227179,325650,319106,379391,416464,375390,414055,438335,389061,
AMBP,12130734,7527877,4602857,327420326,202794177,886247,1340259,745489,1035966,930671,517849,517849,517849,517849,517849,556675,832450,446853,646940,580649,307858,307858,307858,307858,307858,177329,409915,477029,588816,657187,65022010,65022010,65022010,65022010,65022010,111415,255622,293868,364482,407715,40272215,40272215,40272215,40272215,40272215,
PIC,24584530,15157860,9426670,4275262060,4282712610,1515786,1515786,1515786,1515786,1515786,1515786,1515786,1515786,1515786,1515786,942667,942667,942667,942667,942667,942667,942667,942667,942667,942667,427526206,427526206,427526206,427526206,427526206,427526206,427526206,427526206,427526206,427526206,428271261,428271261,428271261,428271261,428271261,428271261,428271261,428271261,428271261,428271261,
EWMA,21305788,13160457,8145331,8930031,5512521,1879242,1746129,1478874,1313358,1212863,1154642,1118503,1096225,1084203,1076418,1076288,1105423,931908,824390,759095,721293,697771,683274,675465,670424,375848,649904,815698,915230,974756,1010733,1032287,1045074,1052899,1057602,215257,393290,501013,565688,604369,627753,641756,650059,655140,658196,
SW,20818724,12831592,7987132,9140672,5691108,2128995,390827,579744,1095558,1439024,1439969,1439705,1438573,1439643,1439554,1325356,244861,360379,681645,895552,896200,896011,895227,895996,895905,1737263,1549250,1033189,688710,688710,688710,688710,688710,688710,688710,1079866,964976,643532,428962,428962,428962,428962,428962,428962,428962,
AFC,20993268,12939016,8054252,8711570,5422672,1430757,1842027,1532507,1343713,1233606,1166047,1124293,1101623,1086895,1077548,890081,1146821,954076,836427,767966,725882,699825,685790,676608,670776,286151,597326,784362,896232,963706,1004174,1028197,1042882,1051684,1056856,178016,371777,488236,557874,599892,625090,640037,649187,654671,657892,
AMBP,20633634,12718365,7915269,8494760,5286255,994076,1929223,1583906,1376972,1252149,1176244,1132314,1105311,1088468,1079702,615365,1201529,986332,857449,779618,732259,704903,688068,677583,672163,198895,544960,752749,877593,952504,997252,1024264,1040473,1050072,1055998,123153,338828,468328,546152,592845,620727,637562,647663,653647,657350,
PIC,16404200,10126600,6277600,4281802700,4286806400,1012660,1012660,1012660,1012660,1012660,1012660,1012660,1012660,1012660,1012660,627760,627760,627760,627760,627760,627760,627760,627760,627760,627760,428180270,428180270,428180270,428180270,428180270,428180270,428180270,428180270,428180270,428180270,428680640,428680640,428680640,428680640,428680640,428680640,428680640,428680640,428680640,428680640,
EWMA,21313807,13165622,8148185,8934129,5514850,1878883,1750768,1478575,1312882,1213967,1154335,1118471,1097176,1084164,1076401,1075950,1108464,931671,823986,759752,721003,697701,683882,675392,670384,375776,650774,816334,915643,975307,1011112,1032583,1045501,1053233,1057866,215190,393844,501409,565924,604689,627951,641901,650297,655316,658329,
SW,20823548,12834840,7988708,9141672,5691438,2129463,390320,579839,1096039,1439596,1440354,1439934,1439494,1440027,1439774,1325599,244542,360395,681923,895876,896380,896056,895805,896173,895959,1737862,1549472,1033207,688733,688733,688733,688733,688733,688733,688733,1080184,965071,643512,428953,428953,428953,428953,428953,428953,428953,
AFC,20996335,12940429,8055906,8712771,5423903,1430300,1842648,1532641,1344731,1233632,1166150,1124510,1101576,1086924,1077317,889699,1147139,954356,837261,768110,726064,700085,685818,676705,670669,286060,597377,784429,896489,963917,1004363,1028392,1043028,1051807,1056909,177939,371779,488294,558087,600091,625285,640245,649359,654828,657996,
AMBP,20642925,12724180,7918745,8498642,5288592,994051,1930538,1584581,1377487,1252586,1177157,1132861,1105868,1089041,1080010,615395,1202326,986730,857710,779862,732827,705252,688416,677915,672312,198890,545219,753091,877970,952893,997745,1024768,1040988,1050598,1056480,123159,338992,468539,546373,593070,621021,637867,647976,653963,657632,
PIC,16400290,10124420,6275870,4281805530,4286808650,1012442,1012442,1012442,1012442,1012442,1012442,1012442,1012442,1012442,1012442,627587,627587,627587,627587,627587,627587,627587,627587,627587,627587,428180553,428180553,428180553,428180553,428180553,428180553,428180553,428180553,428180553,428180553,428680865,428680865,428680865,428680865,428680865,428680865,428680865,428680865,428680865,428680865,
EWMA,21310857,13164382,8146475,8932660,5513304,1879353,1746999,1479434,1313636,1213363,1154863,1118854,1096580,1084631,1076669,1076304,1105781,932117,824402,759240,721266,697869,683392,675646,670458,375870,650095,815962,915496,975069,1011027,1032592,1045389,1053237,1057923,215260,393364,501114,565771,604464,627824,641833,650144,655244,658286,
SW,20831434,12839823,7991611,9145496,5693723,2130387,390846,580143,1096320,1439996,1440837,1440636,1439774,1440468,1440416,1326145,244872,360605,682069,896083,896644,896504,895932,896398,896359,1737848,1550135,1033792,689103,689103,689103,689103,689103,689103,689103,1080123,965452,643874,429182,429182,429182,429182,429182,429182,429182,
AFC,21003540,12945536,8058004,8716041,5425222,1430592,1843379,1533133,1345480,1233862,1166437,1125568,1101863,1087229,1077993,889829,1147583,954439,837576,768101,726117,700646,685904,676789,671020,286118,597570,784682,896841,964245,1004683,1028860,1043460,1052213,1057369,177965,371888,488398,558233,600206,625388,640439,649532,654983,658190,
AMBP,20644268,12725000,7919268,8499182,5288937,994340,1930135,1585074,1377478,1252563,1177440,1132781,1105819,1089442,1079928,615551,1202066,987073,857708,779843,733017,705199,688387,678168,672256,198948,545185,753162,878025,952932,997833,1024822,1041021,1050705,1056549,123190,338965,468586,546410,593096,621080,637903,647999,654032,657676,
PIC,16400260,10124390,6275870,4281805570,4286808650,1012439,1012439,1012439,1012439,1012439,1012439,1012439,1012439,1012439,1012439,627587,627587,627587,627587,627587,627587,627587,627587,627587,627587,428180557,428180557,428180557,428180557,428180557,428180557,428180557,428180557,428180557,428180557,428680865,428680865,428680865,428680865,428680865,428680865,428680865,428680865,428680865,428680865,
EWMA,21312204,13164674,8147530,8933718,5514563,1878976,1750624,1478527,1313037,1214097,1154342,1118314,1096114,1084398,1076245,1076016,1108367,931648,824106,759839,720998,697565,683159,675548,670284,375795,650760,816313,915657,975345,1011144,1032578,1045285,1053107,1057734,215203,393835,501397,565938,604718,627974,641892,650145,655225,658236,
SW,20829162,12839756,7989406,9145442,5692202,2130342,390680,580171,1096328,1440090,1440888,1440612,1439676,1440553,1440416,1325751,244710,360529,681896,895900,896431,896235,895630,896212,896112,1738229,1550062,1033731,689060,689060,689060,689060,689060,689060,689060,1080076,965148,643663,429045,429045,429045,429045,429045,429045,429045,
AFC,20999657,12944512,8055145,8715566,5423439,1430688,1843402,1533030,1345144,1233895,1166479,1125202,1101911,1087232,1077529,889661,1147276,954114,837131,767926,725930,700216,685759,676602,670530,286137,597590,784678,896771,964195,1004651,1028761,1043391,1052159,1057233,177932,371800,488262,558035,600013,625196,640200,649311,654769,657921,
AMBP,20634981,12719337,7915644,8495626,5286589,994596,1929845,1583680,1376851,1251902,1176597,1132476,1105305,1088580,1079505,615531,1201689,986272,857397,779446,732522,705058,688100,677633,671996,198999,545168,752870,877666,952513,997329,1024358,1040547,1050153,1056023,123186,338886,468363,546169,592824,620763,637622,647717,653700,657359,
PIC,16412350,10131800,6280550,4281795940,4286802560,1013180,1013180,1013180,1013180,1013180,1013180,1013180,1013180,1013180,1013180,628055,628055,628055,628055,628055,628055,628055,628055,628055,628055,428179594,428179594,428179594,428179594,428179594,428179594,428179594,428179594,428179594,428179594,428680256,428680256,428680256,428680256,428680256,428680256,428680256,428680256,428680256,428680256,
EWMA,21314498,13166040,8148458,8934486,5515096,1879096,1750629,1478639,1313194,1213908,1154394,1118567,1097013,1084180,1076420,1076091,1108357,931733,824231,759686,721062,697777,683737,675427,670357,375819,650781,816352,915720,975357,1011164,1032644,1045517,1053249,1057883,215218,393845,501422,565983,604723,627990,641947,650305,655329,658334,
SW,20826160,12836339,7989821,9142939,5692329,2129603,391007,579448,1095956,1440379,1440176,1440026,1439968,1439923,1439853,1325724,244983,360134,681888,896392,896260,896153,896132,896109,896046,1738193,1549765,1033353,688804,688804,688804,688804,688804,688804,688804,1080427,965274,643614,429002,429002,429002,429002,429002,429002,429002,
AFC,21000294,12942781,8057513,8714122,5424807,1430888,1842515,1532547,1345523,1233336,1166111,1125589,1101265,1086938,1078069,890083,1147053,954279,837785,767905,726069,700783,685614,676752,671190,286177,597444,784464,896675,964007,1004427,1028659,1043180,1051931,1057158,178016,371823,488314,558208,600147,625331,640421,649459,654917,658171,
AMBP,20639399,12721235,7918164,8496753,5288274,993583,1930012,1584974,1376853,1252103,1177337,1132367,1105311,1089223,1079472,615155,1202208,987186,857425,779680,733101,705062,688156,678145,672046,198796,545039,753026,877791,952653,997589,1024544,1040697,1050402,1056216,123111,338930,468581,546349,593015,621032,637838,647901,653949,657568,
PIC,16396830,10121710,6275120,4281809060,4286809620,1012171,1012171,1012171,1012171,1012171,1012171,1012171,1012171,1012171,1012171,627512,627512,627512,627512,627512,627512,627512,627512,627512,627512,428180906,428180906,428180906,428180906,428180906,428180906,428180906,428180906,428180906,428180906,428680962,428680962,428680962,428680962,428680962,428680962,428680962,428680962,428680962,428680962,
EWMA,21317399,13168054,8149345,8935205,5515254,1879933,1747782,1479902,1314055,1213259,1155306,1119170,1096578,1085032,1077037,1076515,1106425,932521,824751,759251,721622,698127,683429,675963,670741,375986,650345,816256,915815,975303,1011303,1032876,1045616,1053499,1058206,215303,393527,501325,566010,604658,628050,642065,650337,655462,658517,
SW,20827600,12837527,7990073,9144227,5692882,2130192,390027,580450,1096305,1439177,1441004,1440654,1438695,1440608,1440415,1326004,244324,360824,682054,895526,896755,896512,895215,896499,896360,1738378,1549804,1033556,688927,688927,688927,688927,688927,688927,688927,1080468,965228,643717,429067,429067,429067,429067,429067,429067,429067,
AFC,21002135,12944678,8057457,8715588,5424941,1430550,1843527,1533062,1344899,1233985,1166494,1125376,1101902,1087288,1077595,889828,1147673,954402,837179,768184,726139,700527,685941,676828,670756,286110,597593,784686,896728,964179,1004642,1028788,1043410,1052185,1057267,177965,371906,488405,558159,600164,625359,640392,649501,654966,658124,
AMBP,20642365,12723856,7918509,8498514,5288487,994708,1930333,1584211,1377521,1252658,1176669,1132991,1105966,1088715,1080084,615788,1202203,986474,857744,779910,732503,705342,688494,677683,672368,199021,545283,753068,877958,952898,997652,1024719,1040968,1050517,1056430,123237,339030,468518,546363,593072,620958,637834,647966,653909,657600,
PIC,16411490,10131290,6280200,4281796600,4286803020,1013129,1013129,1013129,1013129,1013129,1013129,1013129,1013129,1013129,1013129,628020,628020,628020,628020,628020,628020,628020,628020,628020,628020,428179660,428179660,428179660,428179660,428179660,428179660,428179660,428179660,428179660,428179660,428680302,428680302,428680302,428680302,428680302,428680302,428680302,428680302,428680302,428680302,
EWMA,21311154,13163665,8147489,8932849,5514410,1879263,1750187,1478187,1312758,1213686,1154121,1118159,1096987,1084011,1076306,1076293,1108190,931460,823980,759604,720908,697536,683801,675347,670370,375852,650719,816212,915521,975154,1010947,1032389,1045308,1053048,1057699,215258,393844,501367,565889,604632,627887,641816,650213,655239,658265,
SW,20820781,12832830,7987951,9139372,5690200,2129125,390051,579823,1095745,1439539,1440092,1439817,1439130,1439839,1439669,1325485,244357,360407,681748,895877,896263,896076,895628,896127,895983,1737519,1549073,1033000,688540,688540,688540,688540,688540,688540,688540,1080051,964874,643416,428837,428837,428837,428837,428837,428837,428837,
AFC,20989387,12936450,8052937,8710060,5421899,1429948,1842002,1532235,1344060,1233242,1165813,1124236,1101422,1086492,1077000,889552,1146768,953984,836710,767781,725785,699815,685724,676355,670463,285989,597191,784199,896171,963585,1004030,1028071,1042741,1051491,1056592,177910,371681,488141,557854,599839,625028,639985,649132,654576,657753,
AMBP,20630510,12716198,7914312,8493275,5285606,993613,1928833,1583780,1376700,1251886,1176332,1132225,1105016,1088419,1079394,615108,1201316,986339,857301,779501,732372,704911,687908,677572,671984,198802,544808,752602,877421,952314,997117,1024138,1040313,1049934,1055826,123101,338744,468263,546070,592756,620679,637525,647601,653595,657272,
PIC,16393990,10120350,6273640,4281810820,4286811550,1012035,1012035,1012035,1012035,1012035,1012035,1012035,1012035,1012035,1012035,627364,627364,627364,627364,627364,627364,627364,627364,627364,627364,428181082,428181082,428181082,428181082,428181082,428181082,428181082,428181082,428181082,428181082,428681155,428681155,428681155,428681155,428681155,428681155,428681155,428681155,428681155,428681155,
EWMA,21311396,13163854,8147542,8933026,5514478,1879338,1750436,1478020,1312804,1213622,1153983,1118457,1096958,1083974,1076262,1076344,1108342,931328,824007,759538,720800,697755,683787,675321,670320,375867,650780,816228,915543,975158,1010923,1032429,1045334,1053062,1057702,215268,393882,501371,565898,604626,627860,641839,650228,655246,658260,
SW,20822181,12833656,7988525,9141469,5691669,2129216,391068,579358,1095683,1439989,1439889,1439819,1439552,1439557,1439525,1325544,245037,360097,681733,896193,896127,896106,895900,895912,895876,1737814,1549520,1033214,688703,688703,688703,688703,688703,688703,688703,1080248,965170,643559,428956,428956,428956,428956,428956,428956,428956,
AFC,21002945,12946191,8056754,8716218,5424341,1430981,1842185,1533290,1346104,1233808,1166438,1126040,1101701,1087202,1078442,890242,1146889,954148,837686,767816,725892,700755,685605,676585,671136,286196,597393,784572,896878,964264,1004698,1028966,1043513,1052250,1057488,178048,371816,488282,558162,600092,625252,640352,649402,654838,658097,
AMBP,20642642,12725286,7917356,8499424,5287688,993838,1930680,1585378,1377349,1252546,1177646,1132708,1105729,1089567,1079845,615032,1202115,987013,857397,779628,732961,704957,688153,678081,672019,198847,545213,753246,878066,952962,997898,1024860,1041033,1050739,1056560,123086,338891,468515,546291,592958,620958,637757,647836,653885,657511,
PIC,16396960,10123570,6273390,4281806640,4286811870,1012357,1012357,1012357,1012357,1012357,1012357,1012357,1012357,1012357,1012357,627339,627339,627339,627339,627339,627339,627339,627339,627339,627339,428180664,428180664,428180664,428180664,428180664,428180664,428180664,428180664,428180664,428180664,428681187,428681187,428681187,428681187,428681187,428681187,428681187,428681187,428681187,428681187,
EWMA,21314636,13166059,8148577,8934438,5515131,1878906,1750793,1478572,1313168,1214026,1154209,1118680,1097107,1084052,1076546,1076012,1108503,931663,824201,759790,720896,697876,683832,675320,670484,375781,650783,816340,915705,975369,1011137,1032645,1045537,1053240,1057901,215202,393862,501422,565977,604739,627970,641951,650327,655325,658356,
SW,20825179,12835798,7989381,9143079,5692384,2129627,391151,579612,1095789,1440152,1440095,1439910,1439885,1439779,1439798,1325733,245064,360257,681763,896220,896193,896077,896071,895987,896016,1737941,1549718,1033463,688851,688851,688851,688851,688851,688851,688851,1080265,965238,643685,429028,429028,429028,429028,429028,429028,429028,
AFC,20997502,12941599,8055903,8713362,5423799,1430880,1842486,1532344,1345458,1233102,1165799,1125500,1101272,1086737,1078021,890126,1147033,953979,837633,767621,725728,700640,685562,676503,671078,286176,597438,784419,896626,963921,1004296,1028536,1043083,1051813,1057054,178025,371826,488256,558131,600029,625168,640262,649322,654758,658022,
AMBP,20635997,12719773,7916224,8495682,5286891,993560,1929479,1584661,1376753,1252129,1177129,1132333,1105186,1089127,1079416,615066,1201662,986844,857274,779629,732841,704962,687981,678017,671948,198792,544929,752875,877650,952545,997461,1024435,1040585,1050293,1056117,123093,338806,468413,546185,592873,620866,637685,647744,653798,657428,
PIC,16391140,10119180,6271960,4281812340,4286813730,1011918,1011918,1011918,1011918,1011918,1011918,1011918,1011918,1011918,1011918,627196,627196,627196,627196,627196,627196,627196,627196,627196,627196,428181234,428181234,428181234,428181234,428181234,428181234,428181234,428181234,428181234,428181234,428681373,428681373,428681373,428681373,428681373,428681373,428681373,428681373,428681373,428681373,
EWMA,21306006,13160651,8145355,8930381,5512688,1878520,1747678,1478758,1313280,1212865,1154573,1118494,1095992,1084210,1076281,1075720,1106528,931853,824329,759037,721237,697724,683145,675468,670314,375704,650098,815830,915320,974829,1010777,1032320,1045054,1052885,1057564,215144,393420,501106,565750,604407,627773,641763,650039,655124,658162,
SW,20829922,12840190,7989732,9146478,5692833,2130355,391286,579873,1096190,1440306,1440728,1440557,1440110,1440385,1440400,1325767,245096,360336,681789,896052,896339,896218,895921,896106,896108,1738450,1550378,1033838,689116,689116,689116,689116,689116,689116,689116,1080228,965354,643733,429074,429074,429074,429074,429074,429074,429074,
AFC,21000880,12945233,8055647,8716112,5423821,1431442,1843258,1532940,1345363,1233790,1166408,1125195,1101890,1087245,1077702,890167,1147183,954057,837277,767860,725890,700210,685750,676615,670638,286288,597682,784733,896859,964245,1004677,1028780,1043402,1052170,1057276,178033,371863,488301,558096,600048,625216,640214,649321,654779,657950,
AMBP,20643874,12724789,7919085,8499120,5288854,994333,1930410,1585038,1377405,1252461,1177360,1132738,1105773,1089385,1079886,615456,1202275,987055,857668,779785,732960,705165,688359,678130,672232,198946,545238,753198,878039,952923,997810,1024795,1040990,1050669,1056512,123171,338991,468603,546416,593089,621063,637883,647978,654008,657652,
PIC,16401040,10124680,6276360,4281805190,4286808010,1012468,1012468,1012468,1012468,1012468,1012468,1012468,1012468,1012468,1012468,627636,627636,627636,627636,627636,627636,627636,627636,627636,627636,428180519,428180519,428180519,428180519,428180519,428180519,428180519,428180519,428180519,428180519,428680801,428680801,428680801,428680801,428680801,428680801,428680801,428680801,428680801,428680801,
EWMA,15057256,9313484,5743772,6304925,3873591,1236889,1265524,1064915,928577,874879,832009,786614,785988,778702,759387,674146,805923,673736,583745,548509,520250,490190,489897,485101,472275,247377,451006,573787,644745,690771,719018,732537,743227,750322,752135,134829,269047,349984,396736,427090,445722,454615,461671,466357,467540,
SW,14737340,9088143,5649197,6539484,4068994,1496480,285833,423852,773417,1022072,1032613,1004637,1021811,1024207,1003221,929811,179227,263733,480429,635326,642357,623698,635132,636738,622746,1242740,1100787,735388,494367,494367,494367,494367,494367,494367,494367,771971,684861,457590,307796,307796,307796,307796,307796,307796,307796,
AFC,14829465,9145180,5684285,6136766,3813372,899071,1329453,1099272,971105,890262,823951,806249,788837,760847,776133,553386,827655,684091,604588,554244,512154,501659,490809,472607,483092,179814,409741,547647,632338,683922,711927,730791,742400,746089,752097,110677,254072,340075,392977,425230,442614,454423,461700,463881,467723,
AMBP,14748977,9093345,5655632,6076465,3779124,747670,1363566,1124998,980178,890234,840249,806531,781361,789592,768966,464288,847992,699814,609778,553709,522736,501652,485700,491706,478257,149614,392404,538922,627173,679785,711877,730807,740917,750652,754314,92937,243948,335121,390052,422783,442773,454548,460778,466963,469221,
PIC,12201290,7525790,4675500,4285183750,4288889130,752579,752579,752579,752579,752579,752579,752579,752579,752579,752579,467550,467550,467550,467550,467550,467550,467550,467550,467550,467550,428518375,428518375,428518375,428518375,428518375,428518375,428518375,428518375,428518375,428518375,428888913,428888913,428888913,428888913,428888913,428888913,428888913,428888913,428888913,428888913,
EWMA,21307870,13161700,8146170,8931229,5513325,1879166,1748040,1478653,1313070,1213232,1154385,1118425,1096257,1084134,1076338,1076228,1106736,931784,824188,759297,721090,697711,683328,675431,670377,375833,650274,815949,915373,974944,1010832,1032350,1045131,1052931,1057612,215245,393543,501191,565790,604491,627810,641790,650097,655163,658205,
SW,20819340,12831970,7987370,9139647,5690449,2129052,390450,579783,1095671,1439115,1439977,1439714,1438932,1439578,1439698,1325417,244612,360411,681721,895584,896191,895988,895509,895908,896029,1736939,1549168,1033095,688635,688635,688635,688635,688635,688635,688635,1079645,964919,643480,428915,428915,428915,428915,428915,428915,428915,
AFC,20990295,12937011,8053284,8710259,5422015,1429335,1842205,1532207,1344493,1233141,1165701,1124990,1101210,1086554,1077175,889103,1146900,953952,837024,767704,725690,700376,685559,676414,670562,285867,597134,784148,896217,963601,1004021,1028214,1042813,1051561,1056683,177820,371636,488099,557884,599848,625016,640088,649182,654628,657814,
AMBP,20631227,12716625,7914602,8493540,5285791,993193,1929149,1583848,1376637,1251885,1176848,1132124,1105092,1088613,1079236,614839,1201565,986338,857270,779488,732719,704840,687994,677685,671864,198718,544804,752612,877417,952310,997217,1024198,1040376,1050023,1055865,123047,338750,468267,546067,592751,620744,637563,647649,653656,657297,
PIC,16387320,10116380,6270940,4281815980,4286815060,1011638,1011638,1011638,1011638,1011638,1011638,1011638,1011638,1011638,1011638,627094,627094,627094,627094,627094,627094,627094,627094,627094,627094,428181598,428181598,428181598,428181598,428181598,428181598,428181598,428181598,428181598,428181598,428681506,428681506,428681506,428681506,428681506,428681506,428681506,428681506,428681506,428681506,
EWMA,21315015,13166309,8148706,8934575,5515182,1878900,1750835,1478462,1313218,1214010,1154412,1118603,1097195,1084151,1076523,1075976,1108521,931578,824249,759766,721054,697791,683908,675402,670461,375780,650791,816325,915703,975364,1011173,1032659,1045566,1053283,1057931,215195,393860,501403,565972,604730,627994,641953,650344,655355,658376,
SW,20826147,12836370,7989777,9142715,5692078,2129531,390963,579487,1095932,1440403,1440224,1440117,1440008,1439855,1439850,1325656,244949,360147,681865,896420,896288,896228,896150,896037,896037,1738142,1549688,1033327,688794,688794,688794,688794,688794,688794,688794,1080376,965209,643584,428987,428987,428987,428987,428987,428987,428987,
AFC,20997428,12941607,8055821,8713440,5423794,1431010,1842696,1532150,1345401,1233127,1165903,1125381,1101230,1086736,1077973,890200,1147192,953807,837576,767646,725806,700533,685513,676515,671033,286202,597500,784430,896624,963924,1004319,1028531,1043070,1051803,1057037,178040,371870,488257,558120,600025,625181,640251,649303,654745,658002,
AMBP,20636134,12719863,7916271,8495727,5286906,993262,1929852,1584646,1376752,1252051,1177166,1132277,1105310,1089136,1079411,614821,1201954,986826,857262,779560,732881,704901,688097,678016,671953,198732,544956,752894,877665,952542,997466,1024428,1040604,1050310,1056130,123044,338826,468426,546193,592866,620869,637675,647759,653810,657438,
PIC,16391820,10119080,6272740,4281812470,4286812720,1011908,1011908,1011908,1011908,1011908,1011908,1011908,1011908,1011908,1011908,627274,627274,627274,627274,627274,627274,627274,627274,627274,627274,428181247,428181247,428181247,428181247,428181247,428181247,428181247,428181247,428181247,428181247,428681272,428681272,428681272,428681272,428681272,428681272,428681272,428681272,428681272,428681272,
EWMA,21311360,13163827,8147533,8933029,5514483,1879349,1750230,1478181,1312755,1213716,1154217,1118175,1096927,1084108,1076169,1076354,1108164,931465,823985,759625,720986,697511,683753,675435,670255,375869,650741,816229,915534,975170,1010979,1032418,1045319,1053076,1057694,215270,393848,501371,565893,604639,627908,641828,650213,655257,658256,
SW,20818571,12831592,7986979,9140112,5690858,2129032,390248,579791,1095817,1439443,1439936,1439664,1438385,1439601,1439675,1325382,244519,360415,681820,895831,896120,895924,895085,895906,895977,1737591,1549164,1033024,688619,688619,688619,688619,688619,688619,688619,1080069,964924,643439,428918,428918,428918,428918,428918,428918,428918,
AFC,20991740,12938182,8053558,8711476,5422513,1430133,1842391,1532335,1344554,1233414,1165849,1124533,1101597,1086809,1076567,889644,1147058,953907,836996,767830,725727,699979,685777,676541,670099,286026,597299,784306,896355,963766,1004182,1028252,1042921,1051698,1056671,177928,371754,488184,557946,599922,625083,640062,649205,654672,657757,
AMBP,20635183,12719284,7915899,8495448,5286740,994270,1929598,1583742,1376931,1252016,1176772,1132350,1105430,1088622,1079553,615530,1201778,986240,857390,779506,732626,704933,688193,677664,672039,198934,545066,752801,877627,952504,997357,1024355,1040570,1050180,1056054,123186,338904,468371,546174,592840,620797,637624,647737,653722,657385,
PIC,16408680,10129220,6279460,4281799290,4286803980,1012922,1012922,1012922,1012922,1012922,1012922,1012922,1012922,1012922,1012922,627946,627946,627946,627946,627946,627946,627946,627946,627946,627946,428179929,428179929,428179929,428179929,428179929,428179929,428179929,428179929,428179929,428179929,428680398,428680398,428680398,428680398,428680398,428680398,428680398,428680398,428680398,428680398,
EWMA,21314613,13166110,8148503,8934464,5515091,1879038,1750786,1478441,1313157,1213945,1154278,1118722,1097113,1084151,1076479,1076082,1108511,931551,824171,759719,720948,697905,683816,675383,670417,375807,650802,816329,915694,975344,1011130,1032648,1045541,1053263,1057906,215216,393875,501410,565962,604713,627960,641949,650322,655334,658350,
SW,20825468,12836001,7989467,9143072,5692369,2129638,391042,579632,1095753,1440208,1440309,1439956,1439886,1439747,1439830,1325740,245002,360284,681710,896254,896366,896087,896059,895946,896019,1738176,1549796,1033437,688809,688809,688809,688809,688809,688809,688809,1080411,965290,643675,428999,428999,428999,428999,428999,428999,428999,
AFC,21000937,12943141,8057796,8714319,5424961,1430841,1842658,1532593,1345550,1233309,1166011,1125615,1101506,1086902,1078156,890089,1147154,954313,837789,767882,725968,700809,685825,676710,671257,286168,597466,784491,896702,964023,1004420,1028659,1043228,1051962,1057200,178017,371844,488337,558227,600158,625320,640417,649498,654940,658203,
AMBP,20642576,12725215,7917361,8499305,5287667,993590,1930642,1585426,1377385,1252563,1177651,1132711,1105823,1089572,1079852,614989,1202062,987033,857410,779636,732959,704958,688204,678085,672025,198798,545166,753218,878051,952953,997892,1024855,1041048,1050752,1056572,123077,338874,468505,546286,592956,620956,637756,647845,653893,657519,
PIC,16394090,10121820,6272270,4281808910,4286813330,1012182,1012182,1012182,1012182,1012182,1012182,1012182,1012182,1012182,1012182,627227,627227,627227,627227,627227,627227,627227,627227,627227,627227,428180891,428180891,428180891,428180891,428180891,428180891,428180891,428180891,428180891,428180891,428681333,428681333,428681333,428681333,428681333,428681333,428681333,428681333,428681333,428681333,
EWMA,21316283,13167603,8148680,8935530,5515257,1879671,1750817,1478612,1313201,1214019,1154458,1118678,1097239,1084310,1076598,1076557,1108324,931559,824102,759699,721000,697749,683829,675429,670432,375934,650910,816450,915800,975443,1011246,1032732,1045633,1053368,1058014,215311,393913,501442,565974,604719,627975,641929,650309,655333,658352,
SW,20831671,12841221,7990450,9146901,5693116,2130388,391353,579842,1096251,1440828,1440765,1440608,1440446,1440346,1440394,1325801,245133,360309,681844,896406,896357,896267,896138,896084,896111,1738667,1550330,1033861,689149,689149,689149,689149,689149,689149,689149,1080378,965325,643748,429095,429095,429095,429095,429095,429095,429095,
AFC,21003713,12946897,8056816,8716965,5424424,1431365,1843369,1532972,1345946,1233684,1166377,1125890,1101724,1087137,1078433,890132,1147262,954082,837661,767789,725883,700677,685635,676555,671140,286273,597692,784748,896987,964326,1004736,1028966,1043517,1052241,1057479,178026,371873,488314,558183,600104,625259,640342,649400,654831,658092,
AMBP,20642168,12724995,7917173,8499182,5287541,993753,1930480,1585404,1377352,1252518,1177647,1132720,1105723,1089577,1079821,614980,1201981,987040,857392,779626,732960,704968,688143,678085,671998,198830,545160,753208,878036,952932,997875,1024844,1041019,1050730,1056548,123076,338857,468493,546272,592942,620945,637749,647827,653878,657502,
PIC,16392510,10120900,6271610,4281810110,4286814190,1012090,1012090,1012090,1012090,1012090,1012090,1012090,1012090,1012090,1012090,627161,627161,627161,627161,627161,627161,627161,627161,627161,627161,428181011,428181011,428181011,428181011,428181011,428181011,428181011,428181011,428181011,428181011,428681419,428681419,428681419,428681419,428681419,428681419,428681419,428681419,428681419,428681419,
EWMA,21315391,13166683,8148708,8935066,5515292,1879241,1751591,1478385,1313060,1213909,1154299,1118456,1097162,1084157,1076423,1076146,1108597,931666,824196,759752,721004,697673,683879,675409,670386,375848,650996,816473,915790,975413,1011190,1032643,1045546,1053268,1057899,215229,393902,501454,566002,604752,628002,641936,650324,655341,658350,
SW,20830477,12838260,7992217,9143869,5693634,2129898,391146,579497,1095935,1440538,1440591,1440322,1440167,1440117,1440049,1326097,245102,360219,681933,896632,896689,896492,896391,896364,896298,1738358,1549984,1033514,688859,688859,688859,688859,688859,688859,688859,1080687,965546,643806,429085,429085,429085,429085,429085,429085,429085,
AFC,20998942,12942890,8056052,8714237,5423980,1430920,1842687,1532529,1345517,1233339,1166001,1125584,1101390,1086829,1078094,890251,1147289,953904,837500,767673,725758,700603,685548,676480,671046,286184,597484,784493,896697,964025,1004420,1028652,1043199,1051925,1057158,178050,371897,488298,558138,600045,625187,640270,649325,654756,658014,
AMBP,20642415,12725106,7917309,8499222,5287611,993479,1930597,1585490,1377415,1252583,1177657,1132705,1105750,1089563,1079867,614861,1202054,987086,857434,779653,732972,704958,688166,678080,672045,198775,545139,753209,878050,952956,997896,1024857,1041035,1050740,1056565,123052,338852,468498,546285,592958,620960,637759,647840,653888,657519,
PIC,16394410,10121950,6272460,4281808740,4286813080,1012195,1012195,1012195,1012195,1012195,1012195,1012195,1012195,1012195,1012195,627246,627246,627246,627246,627246,627246,627246,627246,627246,627246,428180874,428180874,428180874,428180874,428180874,428180874,428180874,428180874,428180874,428180874,428681308,428681308,428681308,428681308,428681308,428681308,428681308,428681308,428681308,428681308,
EWMA,21165607,13317670,7847937,9036589,5308785,1901412,1769123,1494822,1328066,1227897,1167956,1132004,1109958,1097247,1089185,1025192,1068925,898627,795243,732914,695705,673337,659619,651700,646675,380282,658050,825404,925936,986328,1022653,1044523,1057610,1065537,1070266,205038,377815,481977,544630,582286,604969,618642,626837,631809,634782,
SW,20695739,12989110,7706629,9251049,5491227,2154719,395249,586672,1108856,1457478,1457383,1457264,1457192,1457163,1457134,1278584,237218,347245,657460,864555,864412,864343,864277,864273,864262,1759119,1567901,1045547,696926,696926,696926,696926,696926,696926,696926,1041135,931258,621016,413974,413974,413974,413974,413974,413974,413974,
AFC,20867113,13095962,7771151,8817328,5231974,1448004,1864543,1550544,1361347,1247841,1179743,1139140,1114300,1099716,1090784,858200,1106647,920293,807898,740558,700171,676059,661319,652624,647382,289600,604588,793779,907292,975401,1016269,1040843,1055534,1064370,1069652,171640,358641,470971,538356,578796,603071,617668,626398,631643,634790,
AMBP,20508623,12872568,7636055,8597820,5099414,1006068,1952626,1603581,1393198,1266900,1191382,1145828,1118437,1102086,1092462,591279,1159762,952285,827202,752068,707112,680096,663816,654079,648356,201293,551559,761963,888210,963948,1009434,1036712,1053057,1062862,1068782,118335,326620,451753,526842,571887,598932,615164,624894,630731,634256,
PIC,15692890,9892630,5800260,4282106860,4287426940,989263,989263,989263,989263,989263,989263,989263,989263,989263,989263,580026,580026,580026,580026,580026,580026,580026,580026,580026,580026,428210686,428210686,428210686,428210686,428210686,428210686,428210686,428210686,428210686,428210686,428742694,428742694,428742694,428742694,428742694,428742694,428742694,428742694,428742694,428742694,
EWMA,21165649,13317661,7847988,9036623,5308948,1901879,1768988,1494845,1328125,1227723,1167835,1131697,1110151,1097091,1089327,1025631,1068807,898773,795337,732824,695534,673106,659649,651610,646717,380375,658097,825446,925981,986329,1022630,1044443,1057584,1065485,1070253,205126,377862,482044,544702,582326,604967,618594,626805,631766,634756,
SW,20695453,12988567,7706886,9251330,5491758,2154716,395583,586599,1108821,1457444,1457278,1457167,1457092,1456828,1457039,1278757,237394,347312,657445,864480,864382,864337,864299,864214,864266,1758755,1567935,1045633,697001,697001,697001,697001,697001,697001,697001,1040948,931306,621154,414050,414050,414050,414050,414050,414050,414050,
AFC,20865866,13094983,7770883,8816610,5231787,1447955,1864454,1550292,1361234,1247775,1179657,1138797,1114352,1099630,1090837,858164,1106721,920152,807982,740515,700193,675793,661347,652600,647416,289591,604563,793708,907213,975325,1016191,1040712,1055440,1064278,1069589,171632,358649,470949,538355,578787,603068,617613,626359,631607,634768,
AMBP,20507574,12871522,7636052,8597132,5099480,1005713,1952602,1603470,1393138,1266867,1191170,1145766,1118544,1102087,1092165,591185,1159891,952329,827149,752117,707134,680111,663873,654024,648239,201222,551498,761892,888141,963886,1009342,1036626,1053009,1062824,1068692,118317,326631,451770,526845,571899,598946,615179,624917,630738,634238,
PIC,15691390,9891380,5800010,4282108480,4287427270,989138,989138,989138,989138,989138,989138,989138,989138,989138,989138,580001,580001,580001,580001,580001,580001,580001,580001,580001,580001,428210848,428210848,428210848,428210848,428210848,428210848,428210848,428210848,428210848,428210848,428742727,428742727,428742727,428742727,428742727,428742727,428742727,428742727,428742727,428742727,
EWMA,21167407,13318371,7849036,9037218,5309633,1901985,1769198,1494707,1328050,1228105,1167992,1131888,1110191,1097063,1089192,1025699,1068890,898621,795274,733270,695871,673355,659712,651591,646753,380397,658157,825467,925983,986407,1022724,1044556,1057683,1065559,1070285,205139,377889,482035,544682,582399,605093,618745,626938,631868,634845,
SW,20695699,12988991,7706708,9251619,5491348,2154868,395586,586473,1108882,1457470,1457371,1457271,1457112,1456938,1457020,1278806,237448,346958,657450,864547,864390,864309,864314,864171,864315,1759055,1568062,1045642,696980,696980,696980,696980,696980,696980,696980,1041167,931446,621071,413952,413952,413952,413952,413952,413952,413952,
AFC,20867755,13096228,7771527,8817474,5232270,1448002,1864608,1550407,1361500,1247942,1179700,1139078,1114428,1099696,1090867,858288,1106693,920233,808162,740668,700073,676010,661429,652572,647399,289600,604601,793762,907309,975435,1016288,1040846,1055562,1064388,1069683,171657,358664,470977,538414,578864,603105,617686,626434,631661,634808,
AMBP,20504016,12869329,7634687,8595348,5098312,1005827,1951816,1602680,1392802,1266586,1191068,1145766,1118505,1102106,1092173,591212,1159310,951803,827040,751912,707063,680097,663880,654152,648218,201245,551359,761623,887858,963603,1009096,1036430,1052845,1062697,1068592,118322,326519,451575,526668,571716,598785,615047,624813,630680,634187,
PIC,15693790,9893190,5800600,4282106130,4287426500,989319,989319,989319,989319,989319,989319,989319,989319,989319,989319,580060,580060,580060,580060,580060,580060,580060,580060,580060,580060,428210613,428210613,428210613,428210613,428210613,428210613,428210613,428210613,428210613,428210613,428742650,428742650,428742650,428742650,428742650,428742650,428742650,428742650,428742650,428742650,
EWMA,21158289,13313288,7845001,9033170,5306522,1901500,1765017,1495484,1328525,1227429,1168005,1131866,1108977,1097279,1089206,1025143,1066166,899140,795473,732785,695790,673188,658996,651699,646621,380300,657243,824891,925617,985979,1022384,1044280,1057219,1065231,1070026,205028,377255,481632,544400,582077,604819,618492,626592,631613,634614,
SW,20684375,12982463,7701912,9248517,5489201,2154494,394635,586811,1109035,1456315,1456617,1456287,1455105,1456576,1456588,1278388,236832,347278,657521,863669,863802,863721,862923,863856,863922,1757859,1567556,1045313,696827,696827,696827,696827,696827,696827,696827,1040242,930987,620833,413877,413877,413877,413877,413877,413877,413877,
AFC,20857113,13089827,7767286,8813536,5229556,1446315,1864379,1550431,1360206,1248122,1179464,1137544,1114551,1099616,1089199,857122,1106492,920242,807213,740757,699905,675019,661532,652651,646353,289263,604286,793515,906853,975106,1015977,1040290,1055142,1064036,1069068,171424,358437,470798,538081,578616,602873,617302,626148,631448,634429,
AMBP,20503871,12869326,7634545,8595572,5098265,1006756,1951899,1602489,1392709,1266546,1190748,1145673,1118348,1101840,1092318,591758,1159299,951673,826875,751858,706791,680071,663825,653974,648421,201431,551524,761717,887915,963641,1009062,1036384,1052776,1062588,1068534,118431,326604,451617,526668,571706,598723,614992,624758,630601,634165,
PIC,15696510,9894780,5801730,4282104060,4287425030,989478,989478,989478,989478,989478,989478,989478,989478,989478,989478,580173,580173,580173,580173,580173,580173,580173,580173,580173,580173,428210406,428210406,428210406,428210406,428210406,428210406,428210406,428210406,428210406,428210406,428742503,428742503,428742503,428742503,428742503,428742503,428742503,428742503,428742503,428742503,
EWMA,15037729,9301829,5735900,6300991,3870897,1254856,1265978,1063721,939290,854375,809260,803736,777640,763541,769432,686066,806266,672933,590874,534821,505064,501598,484335,474979,478964,250971,453972,575921,648594,689750,713652,731668,740862,745397,750204,137213,271023,351405,399298,426402,442134,454026,460087,463065,466244,
SW,14739021,9089154,5649867,6405344,3979444,1503806,248778,412882,771573,1022183,1021561,1022406,1026164,1032497,1027304,934701,154479,256407,479211,635396,635003,635539,638058,642265,638808,1248271,1091043,721822,477744,477744,477744,477744,477744,477744,477744,775670,678352,448529,296699,296699,296699,296699,296699,296699,296699,
AFC,14727286,9083884,5643402,6088903,3781460,899592,1332934,1071850,967202,875200,802998,801502,791185,764171,777250,553742,829957,665838,601970,544185,498232,498465,492367,474834,483812,179918,410521,542786,627669,677175,702339,722171,735973,741612,748739,110748,254589,336838,389864,420728,436228,448675,457413,460897,465480,
AMBP,14655324,9037161,5618163,6037836,3753351,747538,1347358,1124548,979805,869811,833015,802705,785422,781602,765357,464213,837198,699479,609503,540095,517893,499112,488413,486405,475852,149587,389141,536222,624938,673912,705732,725126,737185,746068,749925,92922,241777,333317,388554,418862,438668,450756,458287,463910,466298,
PIC,11921790,7357920,4563870,4285401980,4289034250,735792,735792,735792,735792,735792,735792,735792,735792,735792,735792,456387,456387,456387,456387,456387,456387,456387,456387,456387,456387,428540198,428540198,428540198,428540198,428540198,428540198,428540198,428540198,428540198,428540198,428903425,428903425,428903425,428903425,428903425,428903425,428903425,428903425,428903425,428903425,
EWMA,21165761,13317416,7848345,9036429,5308990,1901647,1769020,1494767,1327740,1227957,1168016,1131708,1110232,1097270,1089059,1025478,1068807,898676,795042,732874,695812,673235,659913,651837,646671,380329,658067,825407,925873,986289,1022634,1044448,1057604,1065537,1070241,205095,377837,482004,544611,582263,604972,618624,626881,631872,634831,
SW,20693229,12987171,7706058,9249463,5490640,2154747,393943,587120,1109238,1456716,1457633,1457181,1456505,1457061,1457027,1278721,236428,347626,657650,864120,864721,864350,863928,864253,864261,1759279,1567545,1045270,696767,696767,696767,696767,696767,696767,696767,1041307,931101,620925,413901,413901,413901,413901,413901,413901,413901,
AFC,20861480,13092357,7769123,8814991,5230677,1446647,1864705,1550614,1360165,1248160,1179885,1137914,1114630,1099782,1089855,857325,1106811,920326,807212,740807,700330,675277,661545,652756,646734,289329,604404,793646,906949,975191,1016129,1040486,1055314,1064207,1069336,171465,358534,470892,538156,578686,603014,617466,626281,631576,634607,
AMBP,20506802,12871146,7635656,8596898,5099167,1006375,1952642,1602514,1393334,1267085,1190584,1145965,1118648,1101422,1092577,591461,1159835,951675,827358,752286,706685,680197,663971,653757,648431,201355,551612,761792,888100,963897,1009234,1036580,1052993,1062678,1068657,118372,326664,451666,526804,571900,598857,615125,624894,630666,634219,
PIC,15700390,9896760,5803630,4282101490,4287422560,989676,989676,989676,989676,989676,989676,989676,989676,989676,989676,580363,580363,580363,580363,580363,580363,580363,580363,580363,580363,428210149,428210149,428210149,428210149,428210149,428210149,428210149,428210149,428210149,428210149,428742256,428742256,428742256,428742256,428742256,428742256,428742256,428742256,428742256,428742256,
EWMA,21165653,13317427,7848226,9036504,5309021,1901416,1769280,1494676,1328175,1228033,1167787,1131704,1110137,1096988,1089231,1025273,1069119,898708,795277,732999,695575,673093,659773,651605,646804,380283,658082,825400,925955,986370,1022653,1044463,1057597,1065475,1070226,205054,377867,482035,544683,582346,604991,618611,626843,631795,634796,
SW,20691307,12986102,7705205,9250810,5491287,2153900,395780,586706,1108810,1457126,1457093,1456894,1456688,1456511,1456594,1278228,237539,347286,657411,864279,864262,864194,864093,863923,863990,1758198,1567457,1045462,697099,697099,697099,697099,697099,697099,697099,1040654,931062,621018,414079,414079,414079,414079,414079,414079,414079,
AFC,20865911,13095055,7770856,8816487,5231614,1447363,1864405,1550522,1361273,1247889,1179640,1138943,1114392,1099763,1090865,857924,1106517,920319,807983,740578,700038,675850,661431,652756,647460,289472,604458,793670,907190,975329,1016191,1040741,1055471,1064329,1069636,171584,358570,470919,538331,578780,603031,617594,626361,631640,634804,
AMBP,20508834,12872468,7636366,8597757,5099707,1006259,1952557,1603445,1393085,1267014,1191263,1145759,1118574,1102129,1092383,591431,1159861,952309,827131,752210,707083,680039,663952,654120,648230,201331,551576,761949,888176,963943,1009407,1036677,1053056,1062870,1068772,118366,326665,451793,526860,571930,598960,615175,624930,630768,634260,
PIC,15697210,9895120,5802090,4282103620,4287424560,989512,989512,989512,989512,989512,989512,989512,989512,989512,989512,580209,580209,580209,580209,580209,580209,580209,580209,580209,580209,428210362,428210362,428210362,428210362,428210362,428210362,428210362,428210362,428210362,428210362,428742456,428742456,428742456,428742456,428742456,428742456,428742456,428742456,428742456,428742456,
EWMA,21163376,13315697,7847679,9034966,5308438,1901646,1767831,1494556,1327835,1227349,1168258,1131805,1110018,1097174,1089225,1025590,1068147,898550,795114,732703,696020,673333,659711,651737,646774,380329,657829,825174,925706,986034,1022478,1044343,1057478,1065417,1070178,205118,377723,481888,544533,582167,604937,618616,626835,631815,634806,
SW,20691598,12986590,7705008,9247976,5489065,2154309,393721,587368,1109206,1456492,1457437,1457066,1456887,1457008,1457096,1278370,236259,347724,657559,863767,864473,864224,864053,864240,864339,1758476,1567012,1045133,696765,696765,696765,696765,696765,696765,696765,1040673,930679,620784,413847,413847,413847,413847,413847,413847,413847,
AFC,20862806,13093004,7769802,8815240,5231033,1446768,1864547,1550536,1360528,1247907,1179865,1138252,1114559,1099860,1090182,857470,1106652,920386,807555,740665,700302,675535,661438,652801,646998,289353,604391,793620,907001,975182,1016118,1040544,1055347,1064249,1069435,171494,358525,470897,538228,578715,603032,617532,626313,631610,634687,
AMBP,20507616,12871459,7636157,8597318,5099665,1006764,1952248,1603120,1392990,1267158,1190988,1145833,1118535,1101556,1092267,591779,1159676,952138,827121,752331,706977,680218,663850,653751,648316,201432,551595,761900,888118,963926,1009338,1036637,1053016,1062724,1068632,118435,326683,451774,526843,571940,598947,615201,624930,630694,634218,
PIC,15708220,9901070,5807150,4282095890,4287417980,990107,990107,990107,990107,990107,990107,990107,990107,990107,990107,580715,580715,580715,580715,580715,580715,580715,580715,580715,580715,428209589,428209589,428209589,428209589,428209589,428209589,428209589,428209589,428209589,428209589,428741798,428741798,428741798,428741798,428741798,428741798,428741798,428741798,428741798,428741798,
EWMA,21164171,13316320,7847851,9035850,5308827,1901857,1768799,1494414,1327897,1228021,1167894,1131539,1109858,1097069,1088972,1025612,1068807,898559,795053,733072,695761,673137,659514,651664,646672,380371,658056,825327,925841,986277,1022600,1044387,1057481,1065398,1070112,205122,377859,481999,544609,582301,604993,618621,626799,631772,634752,
SW,20689656,12985424,7704232,9249125,5489967,2154248,394519,587256,1108836,1456836,1457435,1457027,1455905,1456602,1456760,1278245,236796,347616,657417,864013,864493,864224,863422,863903,864103,1758461,1567233,1045341,696870,696870,696870,696870,696870,696870,696870,1040665,930815,620886,413943,413943,413943,413943,413943,413943,413943,
AFC,20862136,13092697,7769439,8815288,5230949,1446701,1864768,1550630,1360352,1248140,1179881,1137980,1114696,1099734,1089815,857355,1106869,920367,807378,740813,700300,675397,661570,652657,646733,289340,604425,793666,907003,975230,1016160,1040524,1055358,1064233,1069349,171471,358550,470913,538206,578727,603041,617512,626323,631589,634617,
AMBP,20507441,12871595,7635846,8597153,5099269,1006571,1952551,1602542,1393338,1267142,1190686,1145861,1118661,1101611,1092632,591687,1159786,951623,827337,752246,706761,680069,664054,653762,648521,201394,551625,761808,888114,963919,1009272,1036589,1053003,1062724,1068705,118417,326690,451676,526808,571895,598868,615108,624897,630670,634240,
PIC,15702970,9898230,5804740,4282099580,4287421120,989823,989823,989823,989823,989823,989823,989823,989823,989823,989823,580474,580474,580474,580474,580474,580474,580474,580474,580474,580474,428209958,428209958,428209958,428209958,428209958,428209958,428209958,428209958,428209958,428209958,428742112,428742112,428742112,428742112,428742112,428742112,428742112,428742112,428742112,428742112,
EWMA,21166553,13317829,7848724,9036719,5309387,1901322,1769026,1494918,1328258,1228245,1167906,1131656,1110175,1097033,1089290,1025215,1068916,898911,795406,733211,695688,673257,659836,651543,646741,380264,658016,825396,925968,986423,1022719,1044506,1057639,1065517,1070271,205043,377817,482035,544709,582409,605064,618702,626928,631851,634829,
SW,20694430,12988420,7706010,9251173,5491148,2154539,395342,586668,1108950,1457321,1457303,1457068,1457104,1457032,1457093,1278474,237276,347267,657425,864309,864348,864204,864283,864169,864255,1758916,1567832,1045516,696987,696987,696987,696987,696987,696987,696987,1040993,931226,621006,413989,413989,413989,413989,413989,413989,413989,
AFC,20866964,13095825,7771139,8817304,5232035,1447906,1864580,1550646,1361353,1247874,1179746,1138953,1114459,1099600,1090708,858224,1106637,920379,807977,740566,700114,675967,661401,652575,647299,289581,604580,793793,907305,975418,1016283,1040817,1055545,1064356,1069626,171644,358642,470989,538386,578822,603080,617657,626405,631639,634771,
AMBP,20505009,12869803,7635206,8595528,5098568,1004854,1951932,1603224,1393028,1266836,1191139,1145849,1118547,1102110,1092284,590545,1159425,952207,827162,752077,707179,680195,663977,654114,648325,201050,551226,761625,887905,963691,1009180,1036513,1052919,1062757,1068662,118189,326436,451590,526704,571778,598858,615125,624895,630738,634255,
PIC,15688610,9889680,5798930,4282110690,4287428670,988968,988968,988968,988968,988968,988968,988968,988968,988968,988968,579893,579893,579893,579893,579893,579893,579893,579893,579893,579893,428211069,428211069,428211069,428211069,428211069,428211069,428211069,428211069,428211069,428211069,428742867,428742867,428742867,428742867,428742867,428742867,428742867,428742867,428742867,428742867,
EWMA,21166335,13317425,7848910,9036527,5309541,1901664,1768627,1494783,1328363,1228199,1167926,1131647,1110016,1097065,1089135,1025420,1068773,898935,795494,733127,695806,673210,659771,651717,646657,380332,657991,825349,925951,986400,1022705,1044493,1057597,1065490,1070219,205084,377821,482043,544733,582411,605090,618714,626925,631883,634837,
SW,20691710,12986199,7705511,9250340,5490954,2154079,395780,586653,1108586,1457246,1457106,1457108,1456389,1456571,1456681,1278379,237634,347239,657175,864373,864328,864349,863846,864061,864127,1758189,1567605,1045504,697006,697006,697006,697006,697006,697006,697006,1040587,931171,621084,414016,414016,414016,414016,414016,414016,414016,
AFC,20865844,13094591,7771253,8816313,5232017,1447543,1864511,1550448,1361116,1247708,1179661,1138985,1114206,1099645,1090768,858065,1106726,920384,807926,740587,700166,676031,661261,652660,647447,289508,604508,793696,907180,975285,1016160,1040725,1055421,1064265,1069565,171613,358635,470984,538372,578815,603085,617674,626391,631644,634804,
AMBP,20508585,12871939,7636646,8597310,5099774,1005746,1952288,1603661,1393206,1267003,1191240,1145796,1118509,1102148,1092342,591172,1159746,952522,827235,752182,707155,680173,663931,654160,648370,201229,551440,761884,888148,963919,1009383,1036665,1053033,1062856,1068753,118314,326600,451784,526874,571935,598979,615217,624959,630799,634313,
PIC,15694540,9893180,5801360,4282106140,4287425510,989318,989318,989318,989318,989318,989318,989318,989318,989318,989318,580136,580136,580136,580136,580136,580136,580136,580136,580136,580136,428210614,428210614,428210614,428210614,428210614,428210614,428210614,428210614,428210614,428210614,428742551,428742551,428742551,428742551,428742551,428742551,428742551,428742551,428742551,428742551,
EWMA,21161208,13314603,7846605,9034092,5307620,1901445,1765627,1495334,1328223,1228280,1168032,1132017,1109121,1097260,1089264,1025307,1066610,899088,795387,733356,695825,673411,659131,651747,646743,380289,657356,824951,925605,986140,1022518,1044417,1057357,1065337,1070122,205061,377370,481713,544447,582228,604947,618639,626737,631739,634739,
SW,20691700,12986869,7704831,9249623,5490005,2154254,394844,586817,1109091,1457099,1457324,1457107,1456657,1456829,1456847,1278392,236977,347317,657470,864199,864325,864217,863903,864024,864007,1758323,1567576,1045305,696917,696917,696917,696917,696917,696917,696917,1040593,931070,620895,413921,413921,413921,413921,413921,413921,413921,
AFC,20863966,13094070,7769896,8816262,5231322,1447587,1864577,1550598,1361069,1247947,1179742,1138059,1114568,1099664,1090259,857989,1106647,920267,807792,740720,700118,675353,661484,652580,646946,289517,604529,793742,907207,975355,1016232,1040597,1055391,1064245,1069447,171597,358607,470939,538309,578791,603056,617515,626308,631562,634638,
AMBP,20507669,12872007,7635662,8597564,5099260,1006607,1952470,1603378,1393170,1266845,1190988,1145783,1118405,1101967,1092394,591587,1159687,952143,827279,752041,706907,680002,663756,653907,648353,201401,551614,761966,888206,963933,1009344,1036631,1052985,1062781,1068703,118397,326655,451752,526857,571893,598895,615116,624844,630656,634195,
PIC,15702790,9898480,5804310,4282099250,4287421680,989848,989848,989848,989848,989848,989848,989848,989848,989848,989848,580431,580431,580431,580431,580431,580431,580431,580431,580431,580431,428209925,428209925,428209925,428209925,428209925,428209925,428209925,428209925,428209925,428209925,428742168,428742168,428742168,428742168,428742168,428742168,428742168,428742168,428742168,428742168,
EWMA,21166557,13317901,7848656,9036844,5309347,1901862,1769138,1494700,1328043,1228067,1167825,1131790,1110214,1096988,1089274,1025578,1068945,898715,795184,733067,695699,673295,659860,651594,646719,380372,658125,825440,925960,986381,1022669,1044493,1057637,1065507,1070260,205115,377881,482047,544674,582352,605021,618675,626912,631848,634822,
SW,20695178,12988949,7706229,9251546,5491582,2154655,395144,586681,1109178,1457475,1457349,1457266,1457153,1457022,1457026,1278655,237155,347309,657572,864489,864342,864296,864261,864050,864100,1759159,1567887,1045493,697001,697001,697001,697001,697001,697001,697001,1041180,931278,621040,414012,414012,414012,414012,414012,414012,414012,
AFC,20867559,13096284,7771275,8817602,5232098,1448025,1864609,1550691,1361333,1248005,1179788,1138909,1114490,1099649,1090785,858229,1106596,920356,807917,740716,700166,675900,661488,652589,647318,289605,604605,793822,907324,975460,1016325,1040841,1055570,1064385,1069665,171645,358635,470979,538366,578836,603102,617661,626426,631658,634790,
AMBP,20506191,12871096,7635095,8597468,5099247,1005965,1952869,1603495,1393158,1267061,1191236,1145743,1118425,1101755,1091389,591277,1159962,952251,827123,752199,707040,680033,663752,653875,647583,201273,551592,761972,888209,963979,1009430,1036692,1053038,1062781,1068502,118335,326660,451778,526847,571917,598941,615159,624877,630676,634057,
PIC,15701110,9897540,5803570,4282100480,4287422640,989754,989754,989754,989754,989754,989754,989754,989754,989754,989754,580357,580357,580357,580357,580357,580357,580357,580357,580357,580357,428210048,428210048,428210048,428210048,428210048,428210048,428210048,428210048,428210048,428210048,428742264,428742264,428742264,428742264,428742264,428742264,428742264,428742264,428742264,428742264,
EWMA,18089136,15869596,2219540,10792266,1480666,1717575,1755951,2807268,1012038,2624121,1056554,887451,914724,2294254,799660,118408,311289,342890,212189,286511,213215,168867,155706,249343,161122,343515,626002,1062255,1052211,1366593,1304585,1221158,1159871,1386747,1269329,23681,81202,133539,149269,176717,184016,180986,175930,190612,184714,
SW,16762115,14536989,2225126,9532420,1900365,2265575,180286,643979,1307980,1646546,1676250,1693153,1711402,1686178,1725640,355555,270000,98449,134032,207633,233162,229923,229697,238749,227926,1904826,1622411,1029947,710748,710748,710748,710748,710748,710748,710748,305653,305653,241335,167494,146705,146705,146705,146705,146705,146705,
AFC,17007232,14590623,2416609,9814165,1621991,1306097,2265773,1905045,1436086,1501759,1404639,1063657,1179649,1278906,1249012,192416,354645,295622,231253,234559,218979,334289,198756,178403,177687,261219,662129,910712,1015786,1112980,1171311,1149781,1155754,1180384,1194109,38483,101715,140496,158647,173829,182859,213145,210268,203895,198654,
AMBP,15369893,13246947,2122946,559224235,86855050,1208650,2260901,1702685,1687412,1495774,978305,978305,978305,978305,978305,174720,365355,269247,261620,223929,165615,165615,165615,165615,165615,241810,645628,857039,1023113,1117645,111067800,111067800,111067800,111067800,111067800,35024,101090,134721,160100,172865,17250250,17250250,17250250,17250250,17250250,
PIC,29357240,25408790,3948450,4261935850,4289834290,2540879,2540879,2540879,2540879,2540879,2540879,2540879,2540879,2540879,2540879,394845,394845,394845,394845,394845,394845,394845,394845,394845,394845,426193585,426193585,426193585,426193585,426193585,426193585,426193585,426193585,426193585,426193585,428983429,428983429,428983429,428983429,428983429,428983429,428983429,428983429,428983429,428983429,
EWMA,17292604,15102131,2190473,10507457,1473122,1717952,1759481,2928774,990516,2601452,1022882,821612,965429,1301515,992518,118450,315983,356621,202804,294154,199781,163140,171333,198974,169233,343590,626768,1087169,1067838,1374560,1304224,1207701,1159246,1187699,1148662,23690,82148,137042,150194,178986,183145,179144,177581,181859,179333,
SW,15384313,13076695,2307618,10793689,1996055,2245560,496654,496654,348769,1331053,1720768,1541880,1653326,1690069,1551962,368433,65016,521844,106767,147793,153906,226132,247047,244229,226451,1944007,1733201,1733201,1030328,725492,725492,725492,725492,725492,725492,312786,270038,270038,231209,231209,136155,136155,136155,136155,136155,
AFC,16203709,13588715,2614994,9363511,1654819,1302104,2187309,1724532,1461270,1479737,1291557,1201561,1338275,464690,1137680,199476,338035,280144,232714,231531,198658,199233,205279,617911,112013,260420,645797,861544,981489,1081138,1123221,1138889,1178766,1035951,1056296,39895,99523,135647,155060,170354,176014,180657,185581,272047,240041,
AMBP,15614928,13519081,2095847,597132077,87280249,1286281,2127138,1434090,2782324,1238173,930215,930215,930215,930215,930215,135572,357419,243162,308109,228540,164609,164609,164609,164609,164609,257336,631296,791854,1189948,1199593,118612410,118612410,118612410,118612410,118612410,27194,93239,123223,160200,173868,17340505,17340505,17340505,17340505,17340505,
PIC,28760970,24925190,3835780,4262564530,4289980760,2492519,2492519,2492519,2492519,2492519,2492519,2492519,2492519,2492519,2492519,383578,383578,383578,383578,383578,383578,383578,383578,383578,383578,426256453,426256453,426256453,426256453,426256453,426256453,426256453,426256453,426256453,426256453,428998076,428998076,428998076,428998076,428998076,428998076,428998076,428998076,428998076,428998076,
EWMA,15154975,9372171,5782804,6343052,3898955,1250000,1258422,1073541,948922,866103,836001,802654,787652,782849,766027,682835,801203,679492,597325,542641,522892,500883,491003,487842,476688,250000,451684,576055,650628,693723,722178,738273,748148,755088,757275,136567,269494,351493,400659,429055,447822,458434,464947,469526,470958,
SW,14908224,9190715,5717509,6526900,4060497,1522807,268273,415593,789605,1031850,1030841,1035412,1029220,1034249,1032865,947355,167500,258205,491226,641824,641160,644205,640081,643436,642517,1251657,1101586,735558,491157,491157,491157,491157,491157,491157,491157,777918,685384,457687,305644,305644,305644,305644,305644,305644,305644,
AFC,14912019,9194767,5717252,6171791,3836666,903064,1344893,1113135,966390,884424,842764,804860,783347,776186,775704,556048,837940,693316,601412,550340,524699,500730,487146,482833,482788,180612,413468,553401,635998,685683,717099,734651,744390,750749,755740,111209,256555,343907,395408,426394,446055,456990,463021,466983,470144,
AMBP,14763359,9102010,5661349,6089700,3787904,741446,1368163,1137892,986819,893138,839884,808904,786236,770589,768939,460155,851055,708388,614180,555629,522478,503236,488954,479041,478233,148369,392327,541440,630515,683039,714408,733307,743892,749231,753172,92111,243899,336796,392272,424943,444450,456207,462756,466013,468457,
PIC,12313260,7593060,4720200,4285096300,4288831020,759306,759306,759306,759306,759306,759306,759306,759306,759306,759306,472020,472020,472020,472020,472020,472020,472020,472020,472020,472020,428509630,428509630,428509630,428509630,428509630,428509630,428509630,428509630,428509630,428509630,428883102,428883102,428883102,428883102,428883102,428883102,428883102,428883102,428883102,428883102,
EWMA,17892831,15546738,2346093,10498876,1560093,2036329,2016486,1779247,1620637,1453813,1378111,1391084,1294431,1289578,1287022,157866,355026,295274,264198,227998,225108,213895,197429,207657,201642,407265,729109,939136,1075436,1151111,1196511,1235425,1247226,1255696,1261961,31573,96263,136065,161691,174952,184983,190765,192097,195209,196495,
SW,16777970,14205249,2572721,11484096,2046514,2547540,469194,469194,484080,1311799,1804449,1748902,1830854,1750374,1788863,396325,73109,634288,124416,115285,115669,280613,281486,271914,279616,2075424,1855795,1855795,1166938,755024,755024,755024,755024,755024,755024,321623,289032,289032,277271,277271,118457,118457,118457,118457,118457,
AFC,17215852,14463579,2752273,9840244,1811241,1452762,2289438,1871566,1596047,1482555,1393627,1354367,350817,1289057,1383343,237020,350427,284305,247838,233644,217727,208836,724525,116163,131788,290552,690329,926576,1060470,1144887,1194635,1226581,1051429,1098954,1155831,47404,108008,143267,164181,178073,186003,190569,297360,261121,235255,
AMBP,17590167,15244226,2345941,10185110,1560205,1270877,2280548,1877912,1616203,1541204,1381440,1344795,1324523,1300912,1305812,144833,370325,292174,263543,237092,210913,216239,207159,201890,201773,254255,659513,903192,1045794,1144876,1192188,1222709,1243071,1254639,1264873,29046,97301,136275,161728,176800,183622,190145,193547,195215,196526,
PIC,12795580,11081130,1714450,4280561810,4292738490,1108113,1108113,1108113,1108113,1108113,1108113,1108113,1108113,1108113,1108113,171445,171445,171445,171445,171445,171445,171445,171445,171445,171445,428056181,428056181,428056181,428056181,428056181,428056181,428056181,428056181,428056181,428056181,429273849,429273849,429273849,429273849,429273849,429273849,429273849,429273849,429273849,429273849,
EWMA,16617694,14411132,2206562,9809047,1476347,1678567,2083845,1872841,1184375,1533896,1441965,952799,1387596,1349753,925495,114518,362007,307226,210953,244023,222493,168337,213205,203114,160686,335713,685339,922839,975146,1086896,1157909,1116887,1171028,1206773,1150517,22903,90723,134023,149409,168331,179163,176997,184238,188013,182547,
SW,17685486,15411854,2273632,9788353,1914711,2492300,418502,507220,1091734,1806114,1847482,1785172,1822356,1894150,1746824,387360,63402,228159,169304,244046,238516,232086,239568,244757,226434,2121185,1820432,1139341,672485,672485,672485,672485,672485,672485,672485,330662,282388,226307,153622,153622,153622,153622,153622,153622,153622,
AFC,16794889,14282288,2512601,9722407,1663526,1395998,2289421,1810971,1432812,1552335,1407595,1121280,877729,1211178,1182969,187025,359057,282097,239383,239165,218375,183085,497093,164663,142658,279199,681243,907188,1012312,1120316,1177771,1166473,1108725,1129215,1139965,37405,101735,137807,158122,174330,183139,183129,245921,229670,212268,
AMBP,16019458,13789467,2229991,562293303,38854911,1257197,2290156,1526178,1718591,1552250,1089019,1089019,1089019,1089019,1089019,169077,356024,259356,268247,231813,182339,223611,211230,164147,164147,251519,659246,832632,1009823,1118308,111684355,111684355,111684355,111684355,111684355,33895,98320,130527,158071,172819,174723,184500,189846,18856105,18856105,
PIC,29327660,25406290,3921370,4261939100,4289869500,2540629,2540629,2540629,2540629,2540629,2540629,2540629,2540629,2540629,2540629,392137,392137,392137,392137,392137,392137,392137,392137,392137,392137,426193910,426193910,426193910,426193910,426193910,426193910,426193910,426193910,426193910,426193910,428986950,428986950,428986950,428986950,428986950,428986950,428986950,428986950,428986950,428986950,
EWMA,17900311,15553305,2347006,10518704,1562159,2038543,2057496,1819049,1549816,1494473,1358030,1365383,1322916,1263123,1284476,158191,361162,292772,263691,227544,226116,212165,197978,206022,201365,407708,737665,953941,1073116,1157387,1197515,1231088,1249453,1252187,1258644,31638,97542,136588,162008,175115,185315,190685,192143,194918,196207,
SW,16814045,14226576,2587469,11481907,2045861,2548874,464502,464502,495066,1311192,1817382,1754235,1832563,1762083,1776177,396441,73228,648100,126960,109914,114209,280268,283856,272618,281875,2074566,1848170,1848170,1169481,756920,756920,756920,756920,756920,756920,321171,287012,287012,282763,282763,117028,117028,117028,117028,117028,
AFC,17233980,14467297,2766683,9845457,1819789,1464793,2274461,1880092,1620424,1475801,1387221,1360875,311243,1300622,1391765,239505,350154,288846,245367,228097,218291,210093,743293,113226,129811,292958,689258,927424,1066024,1147979,1195827,1228836,1045318,1096378,1155455,47901,108351,144450,164633,177325,185518,190433,301005,263450,236723,
AMBP,17597959,15251001,2346958,10194742,1560727,1273062,2277946,1898010,1610757,1529918,1402527,1332940,1321288,1305127,1299426,142909,371614,292285,264860,236572,210277,217365,206726,203175,201175,254692,659342,907075,1047811,1144232,1195891,1223300,1242897,1255343,1264159,28661,97251,136257,161977,176896,183572,190330,193609,195522,196652,
PIC,12994650,11285790,1708860,4280295750,4292745760,1128579,1128579,1128579,1128579,1128579,1128579,1128579,1128579,1128579,1128579,170886,170886,170886,170886,170886,170886,170886,170886,170886,170886,428029575,428029575,428029575,428029575,428029575,428029575,428029575,428029575,428029575,428029575,429274576,429274576,429274576,429274576,429274576,429274576,429274576,429274576,429274576,429274576,
EWMA,16555028,14352600,2202428,9741180,1469263,1655809,1998719,1791774,1264355,1532381,1436991,1039547,1358515,1337237,937272,112151,353025,296734,222412,234783,234098,172807,203007,215000,158411,331161,664672,890092,964944,1078431,1150143,1128023,1174121,1206744,1152849,22430,88549,130186,148631,165861,179508,178167,183135,189508,183288,
SW,17695619,15414937,2280682,10097761,1910190,2489909,415360,561841,1165717,1737350,1843831,1755464,1825399,1793204,1826862,386913,68010,203850,191393,236280,235071,242952,233696,245085,237432,2124359,1817557,1155703,714306,714306,714306,714306,714306,714306,714306,327622,282051,219591,154418,154418,154418,154418,154418,154418,154418,
AFC,16615027,14114850,2500177,9596679,1654821,1241934,2290587,1899980,1347676,1550915,1429537,1128816,856234,1219389,1149782,172608,361451,295437,223392,239069,221062,182279,505521,163738,135620,248386,656826,905456,993900,1105303,1170149,1161883,1100754,1124481,1129541,34521,99907,139013,155888,172524,182231,182240,246896,230265,211336,
AMBP,16003333,13774087,2229246,560193307,38778977,1315403,2242505,1534844,1730766,1515829,1086948,1086948,1086948,1086948,1086948,177921,351305,258606,269300,226065,182847,225834,209270,164049,164049,263160,659029,834192,1013506,1113970,111261890,111261890,111261890,111261890,111261890,35664,98792,130754,158463,171983,174155,184490,189446,18817615,18817615,
PIC,28969010,25057540,3911470,4262392480,4289882370,2505754,2505754,2505754,2505754,2505754,2505754,2505754,2505754,2505754,2505754,391147,391147,391147,391147,391147,391147,391147,391147,391147,391147,426239248,426239248,426239248,426239248,426239248,426239248,426239248,426239248,426239248,426239248,428988237,428988237,428988237,428988237,428988237,428988237,428988237,428988237,428988237,428988237,
EWMA,17865355,15522629,2342726,10470471,1557157,2017884,2032470,1749617,1638055,1422692,1406117,1382619,1273301,1289001,1310873,155758,356809,292567,264855,228328,224097,209693,204157,203500,202962,403576,729354,933406,1074335,1144006,1196428,1233666,1241593,1251074,1263033,31151,96282,135539,161402,174787,184649,189657,192557,194745,196388,
SW,16761287,14206695,2554592,11463052,2050991,2548030,471788,471788,480421,1307105,1803875,1746740,1828319,1751506,1797123,396406,71887,620096,124155,120387,119624,278344,276357,270664,276672,2068756,1854460,1854460,1166746,753105,753105,753105,753105,753105,753105,322526,288714,288714,272046,272046,121389,121389,121389,121389,121389,
AFC,17222541,14470628,2751913,9846652,1810838,1452940,2293930,1864990,1591971,1491889,1384435,1375253,351739,1285037,1378444,233908,351619,282892,250735,233870,217136,209942,724497,115883,131431,290588,691256,926002,1059195,1145733,1193473,1229829,1054211,1100376,1155989,46781,107748,142776,164367,178267,186040,190820,297555,261221,235263,
AMBP,17602775,15255364,2347411,10190176,1560879,1264616,2302129,1875912,1605526,1537948,1393620,1332559,1314589,1325957,1302508,144747,372224,291089,263144,236747,211714,215514,206143,204823,201266,253003,662828,905444,1045460,1143957,1193889,1221623,1240216,1257364,1266392,29029,97668,136352,161710,176717,183716,190075,193288,195595,196729,
PIC,13001460,11285400,1716060,4280296260,4292736400,1128540,1128540,1128540,1128540,1128540,1128540,1128540,1128540,1128540,1128540,171606,171606,171606,171606,171606,171606,171606,171606,171606,171606,428029626,428029626,428029626,428029626,428029626,428029626,428029626,428029626,428029626,428029626,429273640,429273640,429273640,429273640,429273640,429273640,429273640,429273640,429273640,429273640,
EWMA,17765580,15440448,2325132,10414440,1548876,2021200,2009391,1746452,1626861,1413164,1413869,1328870,1278781,1307380,1294480,156066,353619,293243,262992,228183,222451,203837,208504,201729,194508,404240,725270,929506,1068977,1137814,1193025,1220194,1231911,1247004,1256499,31213,95694,135203,160760,174244,183885,187875,192000,193945,194057,
SW,16592744,14136956,2455788,11363355,2065284,2519998,486498,486498,471466,1276819,1776590,1763542,1744745,1788290,1822510,391545,70246,553672,125058,139595,138752,263434,252493,263649,257344,2040758,1846854,1846854,1159321,744928,744928,744928,744928,744928,744928,322952,285337,285337,249659,249659,134468,134468,134468,134468,134468,
AFC,17084375,14421083,2663292,9784515,1753324,1441007,2199656,1812061,1652059,1481307,1357121,1339056,546643,1243707,1348466,216981,350639,285600,253858,227811,206292,211179,634569,133530,142833,288201,670492,898805,1049455,1135825,1180084,1211878,1078831,1111806,1159138,43396,104844,140995,163567,176415,182390,188147,277431,248651,227488,
AMBP,17398933,15069677,2329256,10077056,1549902,1232235,2274626,1823930,1663738,1421559,1418260,1405009,1299542,1265146,1265632,150405,363209,292911,259965,224435,223534,214684,195277,204545,200291,246527,652146,886502,1041949,1117871,1177948,1223360,1238596,1243906,1248251,30161,96770,135998,160791,173519,183522,189754,190858,193595,194934,
PIC,12555530,10831890,1723640,4280885820,4292726550,1083189,1083189,1083189,1083189,1083189,1083189,1083189,1083189,1083189,1083189,172364,172364,172364,172364,172364,172364,172364,172364,172364,172364,428088582,428088582,428088582,428088582,428088582,428088582,428088582,428088582,428088582,428088582,429272655,429272655,429272655,429272655,429272655,429272655,429272655,429272655,429272655,429272655,
EWMA,17903158,15556040,2347118,10504097,1560594,2032500,2018786,1772558,1638495,1463029,1368615,1388552,1293789,1282510,1297206,157464,355253,294675,266299,227713,225239,213672,196578,207594,202631,406500,728957,937677,1077840,1154877,1197624,1235809,1247405,1254426,1262982,31492,96244,135930,162003,175145,185163,190864,192006,195123,196624,
SW,16763057,14183158,2579899,11500917,2041857,2542706,476282,476282,493558,1308328,1795548,1736253,1829857,1746742,1777602,396087,73652,641166,126376,112099,112189,281298,283349,273594,280089,2072306,1850714,1850714,1170849,759389,759389,759389,759389,759389,759389,321239,287691,287691,280398,280398,116888,116888,116888,116888,116888,
AFC,17242737,14484420,2758317,9849165,1814967,1448068,2292762,1873621,1615501,1446475,1414292,1357604,353798,1292433,1389866,238532,350372,283905,249818,231415,218727,208961,729124,115811,131652,289613,690242,926917,1064633,1141001,1195659,1228048,1053198,1101045,1158809,47706,108239,143372,164661,178011,186154,190715,298396,261879,235834,
AMBP,17580312,15235160,2345152,10181778,1559821,1262370,2285397,1905843,1612299,1520452,1385828,1332198,1324123,1300340,1306310,143294,371830,292575,265425,235656,209130,216422,207062,202127,201631,252554,659122,908466,1049232,1143476,1191946,1219996,1240821,1252724,1263441,28738,97356,136399,162204,176894,183341,189957,193378,195127,196427,
PIC,12911330,11195660,1715670,4280412920,4292736910,1119566,1119566,1119566,1119566,1119566,1119566,1119566,1119566,1119566,1119566,171567,171567,171567,171567,171567,171567,171567,171567,171567,171567,428041292,428041292,428041292,428041292,428041292,428041292,428041292,428041292,428041292,428041292,429273691,429273691,429273691,429273691,429273691,429273691,429273691,429273691,429273691,429273691,
EWMA,17836640,15497091,2339549,10476489,1557741,2051095,2035048,1814371,1566844,1468848,1328041,1382487,1278173,1277738,1294446,159714,358195,293438,264541,225264,222836,212528,197996,204145,200892,410219,735184,951021,1074185,1153117,1188101,1226978,1237217,1245321,1255146,31942,97192,136441,162061,174701,184328,189968,191573,194087,195448,
SW,16665921,14150445,2515476,11395095,2049314,2524890,475140,475140,485097,1287184,1784849,1743833,1807963,1740593,1825756,393631,72299,591254,125129,127119,124930,273367,262838,273021,271888,2047176,1845685,1845685,1161709,749140,749140,749140,749140,749140,749140,320646,287125,287125,262894,262894,125726,125726,125726,125726,125726,
AFC,17158464,14457867,2700597,9813178,1778306,1444150,2224159,1843896,1605468,1490250,1408887,1342883,460428,1270351,1367395,227822,340555,293190,251370,230685,217814,208742,662722,128833,138864,288830,675895,909495,1048689,1137001,1191378,1221679,1069429,1109613,1161169,45564,104562,142287,164103,177419,185498,190146,284661,253496,230570,
AMBP,17533109,15196657,2336452,10137423,1555678,1249931,2284633,1836365,1636848,1508951,1362926,1344820,1364536,1314971,1292676,148952,367624,291452,259983,226894,223056,210757,209023,203269,195442,250066,656979,892856,1041654,1135113,1180675,1213504,1243710,1257962,1264904,29870,97420,136226,160977,174160,183939,189302,193246,195250,195288,
PIC,12204070,10423890,1780180,4281416220,4292653040,1042389,1042389,1042389,1042389,1042389,1042389,1042389,1042389,1042389,1042389,178018,178018,178018,178018,178018,178018,178018,178018,178018,178018,428141622,428141622,428141622,428141622,428141622,428141622,428141622,428141622,428141622,428141622,429265304,429265304,429265304,429265304,429265304,429265304,429265304,429265304,429265304,429265304,
EWMA,17898146,15551190,2346956,10513017,1561530,2038589,2029424,1809642,1584265,1481561,1363885,1376337,1308282,1282660,1276545,158163,357092,295325,264024,227381,226431,212896,196101,209082,200461,407717,732058,947574,1074912,1156241,1197769,1233482,1248442,1255285,1259537,31632,96724,136444,161960,175044,185321,190836,191889,195327,196353,
SW,16783530,14199839,2583691,11501432,2044208,2549580,469006,469006,478603,1324335,1805432,1742915,1827639,1751692,1781631,395527,75540,643026,124333,113062,113071,281267,283086,273931,280848,2082064,1854874,1854874,1165730,757315,757315,757315,757315,757315,757315,321770,288198,288198,280966,280966,116822,116822,116822,116822,116822,
AFC,17203917,14451581,2752336,9833331,1811605,1453151,2283767,1851830,1623161,1477408,1377966,1370641,355762,1275663,1382232,238925,349387,280240,252819,233051,216736,209661,724905,114319,132293,290630,689257,921771,1062049,1145120,1191689,1227479,1053136,1097641,1154559,47785,108105,142532,164589,178281,185972,190709,297548,260903,235181,
AMBP,17570826,15228015,2342811,10167683,1557754,1280162,2263945,1873768,1627394,1515107,1378776,1347304,1315208,1322477,1303874,146035,367397,294150,262980,231223,217220,213419,204979,203591,201817,256112,657678,900896,1046195,1139977,1187736,1219649,1238760,1255503,1265177,29287,96909,136357,161681,175589,183915,189815,192847,194995,196359,
PIC,12061700,10361720,1699980,4281497040,4292757300,1036172,1036172,1036172,1036172,1036172,1036172,1036172,1036172,1036172,1036172,169998,169998,169998,169998,169998,169998,169998,169998,169998,169998,428149704,428149704,428149704,428149704,428149704,428149704,428149704,428149704,428149704,428149704,429275730,429275730,429275730,429275730,429275730,429275730,429275730,429275730,429275730,429275730,
EWMA,17918718,15570147,2348571,10526860,1562991,2047857,2042211,1807340,1568590,1489479,1361327,1378088,1325604,1264518,1285133,159179,359238,292726,264521,226720,227040,213875,198941,204292,202039,409571,736099,950347,1073995,1157091,1197938,1233968,1252295,1254739,1260817,31835,97315,136397,162021,174960,185376,191075,192648,194976,196388,
SW,16826482,14231060,2595422,11474077,2039434,2559173,466298,466298,482916,1305460,1814315,1752021,1821852,1776991,1785736,397258,74057,650976,126020,108529,110148,283962,283623,277916,282933,2081287,1856990,1856990,1169462,751558,751558,751558,751558,751558,751558,322535,287518,287518,283684,283684,114899,114899,114899,114899,114899,
AFC,17258441,14493181,2765260,9857270,1819123,1468874,2284738,1874091,1612819,1476755,1399210,1343017,331876,1301303,1400498,241508,350090,288483,242867,231978,218490,208462,736813,115149,131420,293774,691966,928391,1065276,1147571,1197898,1226921,1047912,1098590,1158971,48301,108658,144623,164271,177812,185947,190450,299722,262808,236531,
AMBP,17589974,15243162,2346812,10197747,1561514,1267139,2272312,1909670,1617081,1526613,1439703,1308008,1304332,1306095,1292209,142370,371686,292509,266243,236971,217569,208137,207021,203416,200890,253507,657268,907748,1049614,1145013,1203951,1224762,1240676,1253759,1261449,28554,97180,136245,162244,177189,185265,189839,193275,195303,196420,
PIC,13388400,11616400,1772000,4279865960,4292663680,1161640,1161640,1161640,1161640,1161640,1161640,1161640,1161640,1161640,1161640,177200,177200,177200,177200,177200,177200,177200,177200,177200,177200,427986596,427986596,427986596,427986596,427986596,427986596,427986596,427986596,427986596,427986596,429266368,429266368,429266368,429266368,429266368,429266368,429266368,429266368,429266368,429266368,
EWMA,17588356,15274894,2313462,10327495,1539256,2068908,1963312,1802070,1430832,1469389,1464026,1266399,1259098,1310432,1240428,161895,348436,298307,234141,244617,223717,203960,198238,198132,202019,413781,723687,939363,1037656,1124002,1192006,1206884,1217326,1235947,1236843,32379,95590,136133,155734,173510,183551,187632,189753,191428,193546,
SW,20350288,18051049,2299239,10745470,1801836,2467555,2467555,23108,347441,1188051,3068260,1873788,1620055,3106670,1888566,384166,137725,93979,176204,200278,308637,243023,207908,297775,249544,2323676,2323676,2034885,946035,519533,519533,519533,519533,519533,519533,324165,320598,205290,135969,135969,135969,135969,135969,135969,135969,
AFC,17549250,14948749,2600501,10167970,1807768,1643558,2259094,1855607,1163758,2508688,252540,821382,2420860,1182542,840720,213649,357408,292442,190382,269278,757810,58054,186829,157762,116887,328711,714787,942951,987112,1291427,1083650,1031197,1309129,1283812,1195194,42729,105664,143019,152491,175848,292240,245403,233689,218504,198181,
AMBP,17456881,15132649,2324232,253812530,39408934,2250775,2113101,1432617,1617987,1488731,1284081,1363784,1342035,1119769,1119769,228389,343461,251254,265946,236110,200959,208407,210634,189536,189536,450235,782808,912769,1053812,1140795,1169452,1208318,1235061,122929640,122929640,45757,105297,134488,160779,175845,180867,186375,191226,19114150,19114150,
PIC,29817450,25824820,3992630,4261395010,4289776860,2582482,2582482,2582482,2582482,2582482,2582482,2582482,2582482,2582482,2582482,399263,399263,399263,399263,399263,399263,399263,399263,399263,399263,426139501,426139501,426139501,426139501,426139501,426139501,426139501,426139501,426139501,426139501,428977686,428977686,428977686,428977686,428977686,428977686,428977686,428977686,428977686,428977686,
EWMA,17828328,15491126,2337202,10427043,1551580,2016162,1998596,1725109,1636698,1437101,1417935,1319433,1305866,1319401,1314825,155387,351922,291858,258023,237660,221999,203774,210075,204083,202421,403232,722304,922865,1065631,1139925,1195527,1220308,1237419,1253815,1266017,31077,95246,134568,159259,174939,184351,188235,192603,194899,196403,
SW,16717464,14205789,2511675,11494998,2068262,2543446,495912,495912,478544,1304023,1811292,1730648,1823416,1749008,1773588,395485,73511,588188,124844,130313,132473,267978,270237,261608,267038,2047532,1858937,1858937,1172634,759493,759493,759493,759493,759493,759493,321538,288156,288156,262181,262181,129210,129210,129210,129210,129210,
AFC,17196504,14459301,2737203,9830751,1800120,1440048,2273744,1849716,1629335,1489301,1396899,1339096,376325,1277962,1386875,225083,350869,280709,258492,233667,217390,208098,710773,117730,134392,288009,685156,918068,1060321,1146117,1196273,1224837,1055135,1099700,1157135,45016,106186,141090,164570,178389,186189,190570,294610,259234,234266,
AMBP,17574243,15230056,2344187,10178238,1559850,1275503,2274232,1893302,1613855,1519517,1386434,1325434,1332343,1321102,1288334,146271,369513,293122,263897,234709,211683,214010,207952,203682,199348,255180,658990,905852,1047452,1141865,1190778,1217709,1240635,1256728,1263049,29334,97369,136519,161994,176537,183566,189654,193313,195386,196178,
PIC,12628950,10903140,1725810,4280793200,4292723730,1090314,1090314,1090314,1090314,1090314,1090314,1090314,1090314,1090314,1090314,172581,172581,172581,172581,172581,172581,172581,172581,172581,172581,428079320,428079320,428079320,428079320,428079320,428079320,428079320,428079320,428079320,428079320,429272373,429272373,429272373,429272373,429272373,429272373,429272373,429272373,429272373,429272373,
EWMA,17901080,15553691,2347389,10512586,1561525,2036582,2057008,1793455,1570402,1492079,1350692,1379396,1321449,1258250,1294378,157905,361000,291970,263386,228080,225488,212949,197399,206967,202245,407316,737254,948494,1072875,1156715,1195510,1232287,1250119,1251745,1260271,31581,97464,136365,161769,175031,185122,190687,192029,195016,196461,
SW,16765674,14176054,2589620,11576600,2043857,2540809,500393,500393,474980,1326991,1791020,1708747,1822854,1738314,1771553,396043,77084,648975,124017,111459,110882,279571,284847,275160,281582,2074259,1862775,1862775,1172061,767455,767455,767455,767455,767455,767455,321312,289281,289281,283359,283359,115453,115453,115453,115453,115453,
AFC,17184103,14441095,2743008,9820336,1806224,1450687,2296220,1832281,1616543,1500131,1340303,1359947,395184,1257983,1391816,241476,350404,276595,254451,234028,213045,209842,712511,114948,135708,290137,691353,919538,1058939,1147177,1185802,1220631,1055542,1096030,1155187,48295,108716,142291,164723,178584,185476,190349,294781,258815,234194,
AMBP,17528697,15195273,2333424,10141447,1553098,1262509,2255084,1857530,1662927,1466382,1395536,1352474,1329788,1321270,1291773,146263,364141,295231,263204,221479,227524,211972,204148,201083,198379,252581,653081,893970,1047761,1131485,1184295,1217930,1240301,1256494,1263549,29332,96293,136080,161504,173499,184304,189837,192699,194375,195175,
PIC,11896140,10128910,1767230,4281799700,4292669880,1012891,1012891,1012891,1012891,1012891,1012891,1012891,1012891,1012891,1012891,176723,176723,176723,176723,176723,176723,176723,176723,176723,176723,428179970,428179970,428179970,428179970,428179970,428179970,428179970,428179970,428179970,428179970,429266988,429266988,429266988,429266988,429266988,429266988,429266988,429266988,429266988,429266988,
EWMA,18038832,15685358,2353474,10602779,1571068,2078364,2059014,1837934,1557505,1491968,1368581,1340273,1356649,1319644,1275426,163114,360237,297584,262369,236034,214335,214820,209057,201865,194059,415672,744340,963058,1081947,1163951,1204877,1231956,1256894,1269444,1270640,32622,98145,138032,162899,177526,184887,190873,194509,195980,195595,
SW,17963914,15600724,2363190,10433811,1828216,2581533,427399,501896,1353076,1802292,1748932,1814687,1801353,1778884,1790672,399238,127288,108150,184616,260749,252197,260747,249172,263012,258021,2078228,1859777,1170276,760790,760790,760790,760790,760790,760790,760790,328114,308417,211559,140018,140018,140018,140018,140018,140018,140018,
AFC,17655133,15241244,2413889,10234344,1620875,1431957,2300330,1883379,1646414,1487859,1381351,1155044,1323300,1346648,1284962,213547,356861,292521,256054,231752,244053,223804,197282,202598,195417,286391,689178,928018,1071697,1154929,1200213,1191180,1217604,1243412,1251722,42709,105539,142935,165558,178796,191847,198238,198047,198957,198249,
AMBP,17605132,15166948,2438184,134848785,1596364,1149247,2292435,1935989,1680413,1487176,1412470,1378002,1336055,1297900,1197261,173245,367246,297982,253144,233437,223386,213125,206840,201401,268378,229929,642430,901141,1056995,1143031,1196918,1233134,1253718,1262554,125928935,34729,101232,140582,163094,177162,186406,191749,194767,196093,210550,
PIC,26999930,25345680,1654250,4262017890,4292816750,2534568,2534568,2534568,2534568,2534568,2534568,2534568,2534568,2534568,2534568,165425,165425,165425,165425,165425,165425,165425,165425,165425,165425,426201789,426201789,426201789,426201789,426201789,426201789,426201789,426201789,426201789,426201789,429281675,429281675,429281675,429281675,429281675,429281675,429281675,429281675,429281675,429281675,
EWMA,17916291,15651759,2264532,10707826,1500400,1885493,1681455,2839253,1267545,1026302,2424076,962315,1152675,1276205,1136440,131161,314814,347304,237328,182705,271245,184254,195460,204918,195343,377098,637969,1078225,1116089,1098131,1363320,1283119,1257030,1260865,1235980,26232,83948,136619,156760,161949,183808,183897,186209,189950,191028,
SW,17796204,15515250,2280954,9676872,1977652,2528682,83292,620217,1359519,1803181,1844551,1803544,1806496,1860299,1805469,394770,233195,91099,148837,227932,244541,229894,237953,231289,241444,2066971,1718772,1077397,687676,687676,687676,687676,687676,687676,687676,322259,322259,239688,157710,155956,155956,155956,155956,155956,155956,
AFC,17057858,14510298,2547560,9736478,1713184,1520177,2223128,1851109,1563380,1473351,1383398,404529,1323249,1395940,1372037,198687,355662,290982,240386,230743,219060,520135,164307,159088,168510,304035,687853,920504,1049079,1133933,1183826,1027967,1087023,1148806,1193452,39737,102922,140534,160504,174551,183452,250788,233492,218612,208592,
AMBP,15463126,13345988,2117138,591628894,86219836,1221479,2251453,1457069,2466634,1386063,912658,912658,912658,912658,912658,180495,352514,232783,280725,228926,168339,168339,168339,168339,168339,244375,645790,808045,1139762,1189022,117520380,117520380,117520380,117520380,117520380,36179,99446,126113,157035,171413,17125930,17125930,17125930,17125930,17125930,
PIC,29356890,25408030,3948860,4261936840,4289833760,2540803,2540803,2540803,2540803,2540803,2540803,2540803,2540803,2540803,2540803,394886,394886,394886,394886,394886,394886,394886,394886,394886,394886,426193684,426193684,426193684,426193684,426193684,426193684,426193684,426193684,426193684,426193684,428983376,428983376,428983376,428983376,428983376,428983376,428983376,428983376,428983376,428983376,
EWMA,8417061,5585040,2832021,3786223,1904028,581742,782104,804752,468535,510662,650087,390646,452233,598543,345736,169038,429057,453884,235591,267132,362181,190514,232316,330278,162030,116348,249499,360549,382146,407849,456296,443166,444979,475691,449700,33807,112857,181062,191967,207000,238036,228531,229288,249486,231994,
SW,19193520,11773716,7419804,7865550,4290814,1055789,1916823,279532,1930845,276416,1938167,277947,1940883,274940,1882374,567774,1255532,163729,1264877,161643,1269764,162640,1271565,160661,1141619,775961,775961,775961,775961,775961,775961,775961,775961,828931,828931,403831,403831,403831,403831,403831,403831,403831,403831,530083,530083,
AFC,14165856,8806435,5359421,5821584,3583326,552556,1740767,610379,85828,1458212,439886,1843054,232061,1692402,151290,233667,1197356,288893,288893,963183,147775,1114493,58721,1043746,22694,117867,442447,476033,397992,610036,576006,829415,709945,906436,755407,46733,276857,279264,279264,416047,362393,512813,421995,546345,441615,
AMBP,7355392,3576173,3779219,312086659,224537490,1600926,726311,156117,156117,156117,156117,156117,156117,156117,156117,993510,362796,362796,987065,178842,178842,178842,178842,178842,178842,320265,401474,38920615,38920615,38920615,38920615,38920615,38920615,38920615,38920615,198782,231584,231584,382680,37248810,37248810,37248810,37248810,37248810,37248810,
PIC,7886380,5583760,2302620,4287708390,4291973870,558376,558376,558376,558376,558376,558376,558376,558376,558376,558376,230262,230262,230262,230262,230262,230262,230262,230262,230262,230262,428770839,428770839,428770839,428770839,428770839,428770839,428770839,428770839,428770839,428770839,429197387,429197387,429197387,429197387,429197387,429197387,429197387,429197387,429197387,429197387,
EWMA,18370232,16122051,2248181,10866248,1490471,1797232,1734310,2978436,1154757,1024334,2526183,810486,843038,2339795,913480,126231,321861,356708,222801,185229,280727,168098,153129,250887,182510,359446,634418,1103221,1113528,1095689,1381787,1267526,1182628,1414061,1313944,25246,84569,138996,155757,161651,185466,181992,176219,191152,189423,
SW,18865896,16295695,2570201,12962072,1822921,2258838,3184560,162619,266970,2284201,1571895,1189396,2700978,1476954,1199284,474913,434207,24410,26219,268957,275784,233557,332770,268986,230398,2230551,2230551,1868672,1204716,904597,904597,904597,904597,904597,904597,355479,355479,311177,161612,106529,106529,106529,106529,106529,106529,
AFC,18826736,16490081,2336655,10887530,1569318,2331064,2077237,1044827,2508170,1367311,854416,2143158,1240314,737515,2186069,288993,337535,188583,319234,235113,141287,243865,208212,131772,242061,466212,788417,839699,1173393,1212176,1140624,1341130,1320967,1204277,1400635,57798,113745,128712,166816,180475,172638,186883,191148,179273,191830,
AMBP,15581333,13097257,2484076,653852933,98747797,1013956,1888394,2640057,1610368,990747,990747,990747,990747,990747,990747,194134,278818,312281,266410,164965,604532,165734,165734,165734,165734,202871,539975,959991,1090066,108510005,108510005,108510005,108510005,108510005,108510005,38906,86888,131966,158854,160076,248967,24480535,24480535,24480535,24480535,
PIC,22302090,18858230,3443860,4270451580,4290490260,1885823,1885823,1885823,1885823,1885823,1885823,1885823,1885823,1885823,1885823,344386,344386,344386,344386,344386,344386,344386,344386,344386,344386,427045158,427045158,427045158,427045158,427045158,427045158,427045158,427045158,427045158,427045158,429049026,429049026,429049026,429049026,429049026,429049026,429049026,429049026,429049026,429049026,
EWMA,18188556,15960275,2228281,10772643,1479052,1873920,1682335,2841333,1170717,977135,2493216,930700,841966,2288692,860261,130376,314278,347390,223696,177213,274896,188486,146572,257741,167633,374784,636294,1077301,1095984,1072214,1356414,1271271,1185410,1406066,1296905,26075,83715,136450,153899,158561,181828,183159,175841,192221,187303,
SW,20258449,17796062,2462387,12644157,1625253,2465776,2465776,1219652,209205,811474,2868113,1776038,1388430,2826644,1764954,453643,4948,137256,192230,231327,325761,283733,229541,321664,282284,2288428,2288428,2288428,1298211,746777,746777,746777,746777,746777,746777,347589,298702,198616,111478,111478,111478,111478,111478,111478,111478,
AFC,17039512,14782632,2256880,9979630,1529554,1354994,3005898,1740299,475498,1451887,1454379,1020659,2232427,1207151,839440,214906,366837,289016,159316,267638,219405,151474,235803,210694,141791,270998,817978,1002442,897054,1008020,1097291,1081965,1312057,1291076,1200749,42981,107752,144004,147066,171180,180825,174955,187124,191838,181829,
AMBP,15768315,13688037,2080278,599136690,87190287,2171106,2092120,1287772,2292865,1407479,887339,887339,887339,887339,887339,235615,341363,209317,281946,239737,154460,154460,154460,154460,154460,434301,765864,870245,1154769,1205311,118941240,118941240,118941240,118941240,118941240,47203,106035,126691,157742,174141,17315695,17315695,17315695,17315695,17315695,
PIC,27568720,23429030,4139690,4264509540,4289585680,2342903,2342903,2342903,2342903,2342903,2342903,2342903,2342903,2342903,2342903,413969,413969,413969,413969,413969,413969,413969,413969,413969,413969,426450954,426450954,426450954,426450954,426450954,426450954,426450954,426450954,426450954,426450954,428958568,428958568,428958568,428958568,428958568,428958568,428958568,428958568,428958568,428958568,
EWMA,18192590,15814597,2377993,10685009,1582975,2078768,2079116,1851491,1583910,1494186,1434105,1334296,1310615,1332234,1315876,163136,362211,305534,257109,239718,220816,209020,209661,206881,203907,415753,748425,969038,1092012,1172446,1224777,1246680,1259467,1274020,1282391,32627,98543,139941,163374,178642,187076,191464,195103,197458,198747,
SW,18158643,15811528,2347115,10185742,1946312,2576649,242209,555971,1407359,1854818,1834808,1819370,1862048,1838904,1819392,403310,198966,89093,166782,252575,243696,251865,248742,240559,251527,2110902,1803637,1124943,735180,735180,735180,735180,735180,735180,735180,327279,327279,230456,151614,151614,151614,151614,151614,151614,151614,
AFC,17806409,15342756,2463653,10286484,1659613,1516831,2279700,1891374,1653143,1509193,1263613,1183838,1345395,1373486,1326183,205193,361905,295911,257184,232208,321220,209997,188364,200488,191183,303366,698632,937180,1080372,1166136,1185631,1185273,1217297,1248534,1264063,41038,105211,143351,166117,179335,207712,208169,204208,203464,201008,
AMBP,17675612,15147262,2528350,135311097,1622886,1146772,2351129,1916953,1673425,1531328,1432503,1367978,1342566,1322287,1062321,184498,357594,303301,259943,234530,220660,211884,207863,205396,342681,229434,653773,906409,1059812,1154115,1209792,1241429,1261656,1273782,126320895,36979,101102,141541,165221,179082,187397,192294,195407,197404,226459,
PIC,26830190,25320700,1509490,4262050370,4293004940,2532070,2532070,2532070,2532070,2532070,2532070,2532070,2532070,2532070,2532070,150949,150949,150949,150949,150949,150949,150949,150949,150949,150949,426205037,426205037,426205037,426205037,426205037,426205037,426205037,426205037,426205037,426205037,429300494,429300494,429300494,429300494,429300494,429300494,429300494,429300494,429300494,429300494,
EWMA,17985249,15632340,2352909,10577615,1568427,2082295,2063335,1828002,1539398,1497886,1366234,1321720,1373102,1302387,1257981,163818,360447,296646,260472,236332,215418,211189,210149,195571,202867,416459,745834,962267,1077693,1161731,1202631,1226448,1255778,1265099,1263675,32763,98299,137968,162468,177240,184875,190137,194139,194425,196113,
SW,17954543,15582117,2372426,10380393,1773067,2555219,439541,498655,1326464,1817161,1747523,1825131,1786604,1776517,1809302,396701,98240,117658,189235,264993,258146,264780,256194,264539,261940,2079810,1851902,1164472,754887,754887,754887,754887,754887,754887,754887,326216,297343,204200,135044,135044,135044,135044,135044,135044,135044,
AFC,17308150,14584736,2723414,9777560,1840505,1459611,2287846,1864185,1615778,1502677,1392331,326506,1321008,1377023,1437771,221692,354264,286717,249009,234779,218008,757248,114113,127625,159959,291922,691106,925721,1063732,1151521,1199683,1025048,1084240,1142796,1201791,44338,106323,142401,163722,177933,185948,300208,262989,235917,220726,
AMBP,17594985,15237454,2357531,10169837,1570507,1208395,2289046,1859402,1706341,1467424,1407097,1375681,1301403,1328158,1294507,166369,354667,301617,261792,223937,225657,214068,203790,204893,200741,241759,651216,892853,1055550,1137924,1191758,1228542,1243114,1260122,1266999,33353,97615,138415,163090,175259,185338,191084,193625,195878,196850,
PIC,12945110,11231120,1713990,4280366820,4292739090,1123112,1123112,1123112,1123112,1123112,1123112,1123112,1123112,1123112,1123112,171399,171399,171399,171399,171399,171399,171399,171399,171399,171399,428036682,428036682,428036682,428036682,428036682,428036682,428036682,428036682,428036682,428036682,429273909,429273909,429273909,429273909,429273909,429273909,429273909,429273909,429273909,429273909,
EWMA,18433357,16170263,2263094,11183348,1520545,1627487,3101563,1629286,1102422,2465960,1262868,773465,2311957,1160405,734850,105083,395921,303791,205602,276557,222270,148301,255043,206578,143948,325497,880710,1030425,1044824,1329051,1315814,1207344,1428266,1374693,1246724,21016,95997,137555,151164,176242,185447,178017,193422,196053,185632,
SW,19073064,16218792,2854272,17015699,2022896,1894499,3381951,3641629,399011,399011,399011,1450166,312454,1399351,2941709,531123,424540,409151,18869,65136,173291,356278,261853,257604,356427,2170633,2170633,2170633,2170633,2170633,2170633,1830269,720544,720544,720544,381833,381833,381833,284187,164385,85765,85765,85765,85765,85765,
AFC,17968415,15598882,2369533,10179510,1585431,1510275,1504931,1815072,1681694,1145833,2481032,1220381,805221,2343957,1090486,265136,311736,311259,245789,171389,263797,204905,146474,246990,202058,302055,542630,797118,974033,1008393,1302920,1286413,1190175,1420931,1354842,53027,104768,146066,166010,167085,186427,190122,181393,194512,196021,
AMBP,17029847,14552158,2477689,600695756,105175134,740488,3138517,1805004,1138808,2002521,1145364,1145364,1145364,1145364,1145364,126977,389469,298457,185074,456177,204307,204307,204307,204307,204307,148177,746245,957996,994158,1195830,119330670,119330670,119330670,119330670,119330670,25475,98273,138309,147662,209365,20911210,20911210,20911210,20911210,20911210,
PIC,24802480,21428860,3373620,4267109760,4290581570,2142886,2142886,2142886,2142886,2142886,2142886,2142886,2142886,2142886,2142886,337362,337362,337362,337362,337362,337362,337362,337362,337362,337362,426710976,426710976,426710976,426710976,426710976,426710976,426710976,426710976,426710976,426710976,429058157,429058157,429058157,429058157,429058157,429058157,429058157,429058157,429058157,429058157,
EWMA,18168525,15794070,2374455,10662293,1580176,2063647,2073469,1862260,1565728,1515896,1410838,1321397,1324746,1331105,1324984,161194,362254,303507,258952,240833,214121,215622,208303,205560,204109,412729,744877,968353,1087828,1173441,1220920,1241015,1257761,1272429,1282940,32238,98241,139294,163225,178746,185821,191781,195085,197180,198565,
SW,18217813,15867994,2349819,10229938,1928167,2590072,280951,545828,1389259,1864394,1824251,1824507,1878063,1860764,1809905,398343,188773,92539,169962,255697,243181,254271,252893,245242,248918,2101441,1818794,1138950,738679,738679,738679,738679,738679,738679,738679,324320,324320,226552,150425,150425,150425,150425,150425,150425,150425,
AFC,17797190,15328231,2468959,10269657,1663686,1541731,2253190,1885677,1650580,1513529,1230008,1185677,1362567,1370206,1335066,208443,358293,296173,256617,232505,330081,207451,188976,199297,191123,308346,697314,934986,1078104,1165189,1178152,1179657,1216239,1247032,1264638,41688,105009,143241,165916,179233,209402,209012,205005,203864,201316,
AMBP,17675595,15144373,2531222,135221610,1623636,1140875,2332932,1922017,1680006,1537959,1446557,1377364,1332566,1310697,1063400,184095,356413,302892,260438,235223,222753,212902,206807,203837,345862,228255,649190,903755,1059005,1154795,1213147,1245990,1263305,1272783,126231385,36899,100801,141219,165062,179094,187825,192840,195633,197273,226990,
PIC,27177070,25681730,1495340,4261581030,4293023340,2568173,2568173,2568173,2568173,2568173,2568173,2568173,2568173,2568173,2568173,149534,149534,149534,149534,149534,149534,149534,149534,149534,149534,426158103,426158103,426158103,426158103,426158103,426158103,426158103,426158103,426158103,426158103,429302334,429302334,429302334,429302334,429302334,429302334,429302334,429302334,429302334,429302334,
EWMA,14955711,9281047,5674664,6272170,3819383,1274813,1185583,1089175,964184,806504,847848,818300,710863,796771,787006,691715,746608,684735,602870,498652,526702,507325,435938,493289,486830,254962,441086,570703,649399,680820,714225,735040,730204,743517,752214,138343,259996,344943,396528,416952,438902,452586,449256,458062,463815,
SW,16479211,10090849,6388362,8074966,4927996,1530271,1978883,378492,1978437,367545,230298,667015,1102625,744652,1112631,944752,1306956,239735,1306658,232434,90647,398497,700198,461619,706866,1155393,1155393,1155393,1155393,908158,858760,421619,421619,421619,421619,707426,707426,707426,707426,592942,543246,240526,240526,240526,240526,
AFC,13877676,8596755,5280921,5693263,3494848,941112,942888,1186376,1015921,541120,930792,877509,454968,876828,829241,592584,560209,734725,628490,316446,578806,544895,264210,545962,514594,188222,339155,508599,610063,596275,663178,706044,655829,700028,725870,118516,206854,312428,375640,363802,406802,434420,400378,429494,446514,
AMBP,13900008,8613704,5286304,285485667,175926427,649705,1394641,1153818,850608,928974,872210,690937,690937,690937,690937,395154,861886,713397,518532,575079,539836,420605,420605,420605,420605,130021,382945,537119,599816,665647,706959,70615790,70615790,70615790,70615790,79110,235665,331211,368675,409955,435931,43516470,43516470,43516470,43516470,
PIC,24849270,15362160,9487110,4274996470,4282634040,1536216,1536216,1536216,1536216,1536216,1536216,1536216,1536216,1536216,1536216,948711,948711,948711,948711,948711,948711,948711,948711,948711,948711,427499647,427499647,427499647,427499647,427499647,427499647,427499647,427499647,427499647,427499647,428263404,428263404,428263404,428263404,428263404,428263404,428263404,428263404,428263404,428263404,
EWMA,15124811,9382468,5742343,6352519,3872988,1241455,1272909,1078186,941095,887021,834177,786573,791324,784059,765669,669539,804772,677414,587506,552313,517600,486207,489550,484812,472630,248291,453214,578208,650785,698032,725261,737523,748283,755438,757484,133907,268080,349946,397458,428429,446263,454251,461310,466010,467334,
SW,14850960,9183809,5667151,6544992,4040114,1518307,267891,423972,782081,1032937,1032464,1029226,1029940,1046814,1020177,936779,166001,261687,482271,637399,637088,634931,635401,646653,628941,1261993,1107071,736723,491315,491315,491315,491315,491315,491315,491315,778480,683572,454822,303320,303320,303320,303320,303320,303320,303320,
AFC,14943464,9241285,5702179,6202744,3826258,913627,1355121,1103167,974349,901372,831524,802259,805134,776574,778158,557932,838198,681233,601944,557251,513055,494999,497755,479226,480586,182725,417204,554396,638386,690983,719091,735724,749606,754999,759630,111586,256908,341773,393807,426495,443807,454045,462787,466074,468976,
AMBP,14850483,9181540,5668943,6133468,3786688,754282,1375301,1140540,986039,893009,851902,814243,794872,788250,783102,464878,849002,704533,608794,551101,526313,502764,490783,486926,483849,150936,395809,544755,633011,685010,718388,737559,749021,756866,762113,93055,244244,336301,390799,422859,443549,455392,462470,467361,470658,
PIC,12023080,7441640,4581440,4285293150,4289011410,744164,744164,744164,744164,744164,744164,744164,744164,744164,744164,458144,458144,458144,458144,458144,458144,458144,458144,458144,458144,428529315,428529315,428529315,428529315,428529315,428529315,428529315,428529315,428529315,428529315,428901141,428901141,428901141,428901141,428901141,428901141,428901141,428901141,428901141,428901141,
EWMA,18118995,15751820,2367175,10630348,1575893,2077478,2057203,1833573,1567139,1514481,1370796,1346097,1342425,1331114,1311514,163123,360155,296503,264057,238657,212573,217138,208932,204187,201850,415495,743836,961783,1082854,1169179,1209502,1236821,1257941,1272575,1280362,32624,98130,137804,163054,178174,185053,191470,194962,196807,197815,
SW,18012905,15653259,2359646,10367819,1851990,2586743,415553,506574,1341010,1818342,1775670,1803286,1821548,1788618,1795915,399734,146824,101635,179053,259107,251891,256338,248324,260816,255924,2065465,1852078,1169623,754379,754379,754379,754379,754379,754379,754379,323859,314539,216064,142504,142504,142504,142504,142504,142504,142504,
AFC,17685791,15262747,2423044,10248147,1627799,1463079,2277738,1889235,1641645,1497777,1373536,1159501,1315850,1352052,1292334,213042,356198,293621,255508,233286,257538,221638,194583,202172,195458,292615,689639,929558,1071975,1157135,1200415,1192233,1216956,1243975,1253646,42608,105326,142985,165489,179048,194746,200124,199016,199647,198810,
AMBP,17595905,15162158,2433747,134828898,1594143,1140525,2311559,1923919,1680835,1488240,1392813,1366517,1334552,1312854,1210344,171845,369463,297313,254185,231080,222250,212024,206680,202939,265968,228185,644859,900671,1056703,1143010,1192970,1227679,1249053,1261813,125923955,34449,101451,140623,163335,176884,185957,191170,194272,196005,209997,
PIC,27066270,25418780,1647490,4261922860,4292825540,2541878,2541878,2541878,2541878,2541878,2541878,2541878,2541878,2541878,2541878,164749,164749,164749,164749,164749,164749,164749,164749,164749,164749,426192286,426192286,426192286,426192286,426192286,426192286,426192286,426192286,426192286,426192286,429282554,429282554,429282554,429282554,429282554,429282554,429282554,429282554,429282554,429282554,
EWMA,15182759,9417282,5765477,6372905,3886541,1251428,1274665,1076807,946887,881076,838194,793617,797590,781243,775775,676233,805914,676469,591355,548344,520278,490876,493726,482928,479354,250285,455161,579490,652969,698590,726510,739931,751462,757418,761089,135246,269379,350797,398908,428795,447091,455848,463423,467324,469730,
SW,14917066,9223526,5693540,6537538,4035175,1517729,276555,413796,782276,1042307,1037945,1028901,1047920,1043136,1032961,936372,171808,254904,482391,643648,640736,634695,647382,644189,637415,1255905,1109474,736027,490876,490876,490876,490876,490876,490876,490876,774407,685169,454361,303034,303034,303034,303034,303034,303034,303034,
AFC,14942168,9240525,5701643,6206775,3828925,915763,1348622,1106793,985851,897588,827320,809776,802681,774949,771182,559340,833857,683652,609622,554731,510263,499992,496115,478136,475935,183152,416246,554355,640654,692040,719096,737232,750321,755246,758433,111868,256265,341742,395318,427200,443812,455048,463261,466236,468175,
AMBP,14870832,9193788,5677044,6142392,3792594,766413,1373178,1135449,980487,903393,851071,817675,791824,790319,783979,472962,847534,701159,605083,558024,525745,505044,488757,488307,484429,153362,397325,544949,632056,686323,719272,738952,749526,757684,762943,94672,245244,336427,390158,423731,444133,456315,462803,467903,471208,
PIC,12247210,7576420,4670790,4285117930,4288895250,757642,757642,757642,757642,757642,757642,757642,757642,757642,757642,467079,467079,467079,467079,467079,467079,467079,467079,467079,467079,428511793,428511793,428511793,428511793,428511793,428511793,428511793,428511793,428511793,428511793,428889525,428889525,428889525,428889525,428889525,428889525,428889525,428889525,428889525,428889525,
EWMA,21114977,13297193,7817784,9022186,5288149,1898061,1765691,1492299,1326193,1226383,1166070,1130170,1108895,1095568,1087863,1020834,1064383,895225,792333,730526,692877,670580,657543,649163,644320,379612,656827,823921,924375,984776,1021034,1042861,1056067,1063967,1068746,204166,376209,480012,542476,580086,602644,616231,624493,629427,632405,
SW,20650133,12972079,7678054,9238442,5470209,2151607,395136,585727,1107319,1455550,1455471,1455527,1455294,1455148,1455300,1273601,236563,345790,654958,861295,861287,861337,861121,861006,861096,1756218,1565640,1044157,696061,696061,696061,696061,696061,696061,696061,1036857,927642,618651,412437,412437,412437,412437,412437,412437,412437,
AFC,20819585,13077660,7741925,8804808,5212127,1445621,1861751,1548511,1359400,1246254,1178066,1137540,1112989,1098017,1089511,854720,1102239,916924,804847,737829,697532,673582,659072,650104,645076,289124,603649,792621,905976,974031,1014838,1039378,1054100,1062883,1068208,170944,357203,469147,536287,576595,600782,615342,624088,629291,632448,
AMBP,20461278,12853969,7607309,8585296,5080135,1004748,1949577,1601105,1391005,1265303,1189576,1144078,1117174,1100603,1090800,588992,1155316,948718,823942,749292,704384,677552,661591,651641,645881,201029,550738,760811,886849,962539,1007946,1035172,1051572,1061378,1067262,117878,325365,450035,524816,569711,596645,612826,622579,628391,631889,
PIC,15652670,9876390,5776280,4282127970,4287458110,987639,987639,987639,987639,987639,987639,987639,987639,987639,987639,577628,577628,577628,577628,577628,577628,577628,577628,577628,577628,428212797,428212797,428212797,428212797,428212797,428212797,428212797,428212797,428212797,428212797,428745811,428745811,428745811,428745811,428745811,428745811,428745811,428745811,428745811,428745811,
EWMA,15165584,9407042,5758542,6377205,3889310,1278747,1274306,1084388,947265,859635,824752,804397,786792,777668,769092,694319,805703,681563,591601,534021,511312,498049,486525,480560,474889,255749,459460,584445,657009,697534,722977,739261,748767,754547,757456,138863,272231,354097,401597,428081,444727,455391,461617,465405,467301,
SW,14200030,8793270,5406760,6187363,3801713,1525833,91670,477005,822020,825821,1058894,1061968,818778,1053470,1057811,941762,48592,297022,508859,499378,654695,656736,494684,651075,653957,1195464,1048775,698169,463565,463565,463565,463565,463565,463565,463565,734109,644711,429125,284824,284824,284824,284824,284824,284824,284824,
AFC,12366164,7694791,4671373,5262185,3199335,422800,1440544,1160918,395252,1036665,924898,245699,951433,872928,243654,230814,895117,719696,215995,647401,575290,124048,595239,543438,124335,84560,355756,516788,492481,601317,666033,581967,655860,699273,608150,46162,215953,316701,296560,366728,408440,351562,400297,428925,368007,
AMBP,13107351,8141793,4965558,336411963,207054178,913017,1341145,873030,1018383,919948,615254,615254,615254,615254,615254,570678,826207,526253,630335,569055,368606,368606,368606,368606,368606,182683,414375,506106,608561,670838,66805880,66805880,66805880,66805880,66805880,114215,256613,310541,374499,413410,41116980,41116980,41116980,41116980,41116980,
PIC,24546770,15180860,9365910,4275232160,4282791600,1518086,1518086,1518086,1518086,1518086,1518086,1518086,1518086,1518086,1518086,936591,936591,936591,936591,936591,936591,936591,936591,936591,936591,427523216,427523216,427523216,427523216,427523216,427523216,427523216,427523216,427523216,427523216,428279160,428279160,428279160,428279160,428279160,428279160,428279160,428279160,428279160,428279160,
EWMA,15198000,9426409,5771591,6384812,3894472,1275590,1270575,1067460,947960,884678,827210,809176,787468,790225,766067,692212,803232,670249,592098,550754,512983,501264,486970,488933,472896,255118,458209,580059,653639,699846,725318,742089,751164,758976,760394,138442,271400,351169,399354,429634,446303,457295,463230,468370,469275,
SW,14912466,9220763,5691703,6570589,4057166,1523242,274717,431489,775876,1041039,1037025,1024748,1046820,1042843,1022964,940061,170552,266692,478147,642783,640116,631938,646649,644016,630749,1260656,1108595,743149,494027,494027,494027,494027,494027,494027,494027,777575,684579,459102,305130,305130,305130,305130,305130,305130,305130,
AFC,14919622,9227018,5692604,6197042,3822402,919263,1348669,1096975,982791,897810,827621,811409,797014,770312,775154,561684,833895,677066,607566,554887,510464,501086,492318,475057,478581,183852,416815,552847,638835,690630,718028,736704,748766,753075,757490,112336,256647,340730,394097,426255,443096,454694,462218,464785,467544,
AMBP,14851041,9181903,5669138,6135602,3788092,749433,1374092,1144703,984348,898823,854605,810650,797153,794056,774040,461673,848167,707324,607661,554972,528099,500363,492292,490802,477785,149966,394791,544773,632688,685915,719653,737852,749712,758580,761672,92414,243564,336316,390585,423462,444389,455583,462924,468499,470356,
PIC,12238600,7571350,4667250,4285124520,4288899850,757135,757135,757135,757135,757135,757135,757135,757135,757135,757135,466725,466725,466725,466725,466725,466725,466725,466725,466725,466725,428512452,428512452,428512452,428512452,428512452,428512452,428512452,428512452,428512452,428512452,428889985,428889985,428889985,428889985,428889985,428889985,428889985,428889985,428889985,428889985,
EWMA,15151882,9398723,5753159,6369520,3884296,1259890,1276424,1085781,948814,870322,822347,797956,794854,773994,768341,681807,807105,682469,592658,541179,509726,493795,491901,478106,474413,251978,456867,582649,655882,698770,723485,738379,749674,754538,757298,136361,270509,352901,400852,428917,445078,454821,462237,465410,467210,
SW,14866858,9193322,5673536,6562892,4052122,1518710,273620,419307,787827,1037349,1024751,1031712,1027849,1038879,1033318,937049,169832,258580,486112,640354,631947,636590,634037,641367,637668,1259646,1110939,737212,493585,493585,493585,493585,493585,493585,493585,776925,686156,455154,304841,304841,304841,304841,304841,304841,304841,
AFC,14920313,9227349,5692964,6185505,3814807,906230,1341635,1109130,975363,887725,838637,804619,791155,791367,781488,553000,829207,685205,602632,548182,517813,496574,488437,489096,482818,181246,413323,552484,637059,687192,717481,734908,746157,755199,760456,110600,254321,340497,392924,423975,442742,453508,460493,466213,469534,
AMBP,14825120,9166290,5658830,6118756,3776922,750162,1371092,1131637,989343,891455,844566,813963,796902,797598,779572,462178,846180,698597,611003,550074,521421,502576,492133,493172,481496,150112,394308,541773,631287,683320,715569,735247,747578,757582,761980,92515,243248,334317,389654,421738,441674,453854,461509,467841,470572,
PIC,12062610,7465430,4597180,4285262220,4288990940,746543,746543,746543,746543,746543,746543,746543,746543,746543,746543,459718,459718,459718,459718,459718,459718,459718,459718,459718,459718,428526222,428526222,428526222,428526222,428526222,428526222,428526222,428526222,428526222,428526222,428899094,428899094,428899094,428899094,428899094,428899094,428899094,428899094,428899094,428899094,
EWMA,13627609,8484090,5143519,5627333,3389620,1254727,802904,1172666,1007596,208577,1001194,899655,378824,908504,849443,678353,491526,740389,631794,100169,628911,561551,214624,567745,528457,250945,361336,523602,620400,538035,630666,684463,623335,680368,714183,135670,206841,313550,377198,321792,383215,418882,378030,415973,438469,
SW,11504996,7175947,4329049,5116028,3087577,695209,140637,746241,142766,1185397,1193225,431058,1193371,1191923,256120,388232,80982,476535,56223,739064,744255,236307,744373,743388,119690,1396352,789809,527362,343215,343215,343215,343215,343215,343215,343215,868217,472050,315250,204580,204580,204580,204580,204580,204580,204580,
AFC,12822047,7968275,4853772,5395853,3288496,1122586,1305046,572472,802341,999691,409647,740425,918647,221565,875855,697227,804818,327516,487334,622775,231895,453751,573393,109357,545706,224517,440622,466992,534061,627187,583679,615028,675751,584914,643102,139445,272519,283518,324281,383979,353563,373600,413558,352718,391315,
AMBP,13660595,8468401,5192194,214659006,131980795,868633,1188221,952517,1046428,733242,801102,872899,668453,668453,668453,541118,724296,579245,649019,444615,492474,541843,406528,406528,406528,173806,376689,491854,602768,628862,663310,705227,70338830,70338830,70338830,108303,231501,301049,370643,385437,406844,433843,43247725,43247725,43247725,
PIC,20270370,12614250,7656120,4278568750,4285014320,1261425,1261425,1261425,1261425,1261425,1261425,1261425,1261425,1261425,1261425,765612,765612,765612,765612,765612,765612,765612,765612,765612,765612,427856875,427856875,427856875,427856875,427856875,427856875,427856875,427856875,427856875,427856875,428501432,428501432,428501432,428501432,428501432,428501432,428501432,428501432,428501432,428501432,
EWMA,17196599,12692224,4504375,8890594,2957241,1791238,2051840,1635822,1269205,548001,1167000,1490262,1282677,1030441,425738,395819,666535,537958,354535,632326,293924,409492,379079,256924,577783,358247,696965,884736,961629,878903,936522,1047270,1094351,1081569,950402,79163,196637,264901,282827,352726,340965,354670,359551,339025,386776,
SW,16238647,11757656,4480991,10400523,3069239,2347237,314976,314976,347157,1412357,1637527,1445844,819956,1372964,1744662,738307,86954,342688,257244,518487,504207,390566,694870,423217,524451,1851608,1698405,1698405,1003123,691497,691497,691497,691497,691497,691497,552023,525166,389316,228962,228962,228962,228962,228962,228962,228962,
AFC,17136966,12706295,4430671,8422792,2963564,1372723,1883167,986792,1387630,1603348,1348784,1076759,460962,1134099,1452031,425221,550234,707972,367478,448119,401022,271530,598483,270391,390221,274544,596268,674372,817023,974288,1049187,1054701,935954,975583,1070872,85044,178082,284060,300743,330218,344378,329809,383543,360913,366774,
AMBP,14777323,10866762,3910561,312316583,137035965,947480,1979189,1044703,1403582,1628560,1370146,1081443,470553,470553,470553,273946,583877,716998,376165,457873,408962,273185,273185,273185,273185,189576,547498,646939,798267,964325,1045489,1052679,102357270,102357270,102357270,54869,160670,271935,292781,325799,342431,33896870,33896870,33896870,33896870,
PIC,26854440,20403600,6450840,4268442600,4286581190,2040360,2040360,2040360,2040360,2040360,2040360,2040360,2040360,2040360,2040360,645084,645084,645084,645084,645084,645084,645084,645084,645084,645084,426844260,426844260,426844260,426844260,426844260,426844260,426844260,426844260,426844260,426844260,428658119,428658119,428658119,428658119,428658119,428658119,428658119,428658119,428658119,428658119,
EWMA,17208729,12699663,4509066,8896112,2961680,1793210,2070287,1634430,1259109,546332,1160200,1487256,1287730,1036979,424130,396470,672242,537782,350479,637896,290804,408607,380154,258565,576067,358642,700971,887662,961951,878827,935101,1045532,1093971,1082572,950883,79294,197883,265862,282785,353807,341206,354686,359779,339536,386842,
SW,16170746,11711963,4458783,10429942,3073522,2337677,319747,319747,349043,1417797,1615636,1428579,810949,1358364,1754424,735833,88419,340052,260414,519161,498543,387205,681695,419462,527999,1849308,1702652,1702652,1002156,695529,695529,695529,695529,695529,695529,551503,526522,388101,229628,229628,229628,229628,229628,229628,229628,
AFC,17095954,12681669,4414285,8400704,2951148,1356957,1868854,1005961,1377068,1594935,1353231,1087821,443392,1137662,1455788,421191,546344,708345,365439,446107,402807,275584,582365,273576,392527,271391,590883,673898,814532,970612,1047135,1055272,932896,973849,1070236,84238,176659,282996,299484,328808,343607,330003,380475,359096,365782,
AMBP,14736024,10816005,3920019,312419077,136386706,918542,1983507,1034681,1407941,1616431,1365479,1105698,461242,461242,461242,266531,586330,696723,380660,456219,408752,281201,281201,281201,281201,183788,543731,641921,795125,959386,1040604,1053622,102400300,102400300,102400300,53386,159974,267323,289990,323235,340338,33738115,33738115,33738115,33738115,
PIC,27333030,20772290,6560740,4267963300,4286438320,2077229,2077229,2077229,2077229,2077229,2077229,2077229,2077229,2077229,2077229,656074,656074,656074,656074,656074,656074,656074,656074,656074,656074,426796330,426796330,426796330,426796330,426796330,426796330,426796330,426796330,426796330,426796330,428643832,428643832,428643832,428643832,428643832,428643832,428643832,428643832,428643832,428643832,
EWMA,18076863,15718840,2358023,10617543,1573174,2073347,2060426,1846063,1548111,1516597,1377059,1342508,1328105,1326551,1300073,162361,360717,298547,261137,238815,213403,216785,206699,204157,195402,414669,743820,964268,1081036,1168148,1209930,1236445,1254777,1269131,1275319,32472,98121,138206,162792,177996,185077,191418,194474,196410,196208,
SW,18005777,15642605,2363172,10397172,1841212,2582106,416534,499752,1355815,1815076,1766620,1811902,1803665,1783526,1807609,399284,136837,104194,182894,260452,252350,259305,247334,261817,258705,2073503,1855969,1166131,757367,757367,757367,757367,757367,757367,757367,327037,311581,213438,141308,141308,141308,141308,141308,141308,141308,
AFC,17684886,15259239,2425647,10244259,1629935,1454062,2282008,1888008,1644408,1497775,1371865,1152063,1326471,1352020,1290559,213501,356710,293214,255742,233188,260958,219721,195653,201894,195066,290812,689051,928842,1071955,1157119,1200068,1190467,1217667,1244537,1253741,42700,105502,143044,165583,179104,195474,200323,199389,199890,198926,
AMBP,17623247,15172399,2450848,134903994,1598972,1143657,2297770,1937442,1690034,1491172,1419408,1359978,1317150,1318350,1197438,171900,368285,298777,257732,227354,225160,212513,204896,203477,280754,228811,642602,901570,1059262,1145644,1200396,1232312,1249279,1263093,125981025,34460,101225,140735,164134,176778,186454,191665,194311,196144,213066,
PIC,27091360,25476400,1614960,4261847960,4292867830,2547640,2547640,2547640,2547640,2547640,2547640,2547640,2547640,2547640,2547640,161496,161496,161496,161496,161496,161496,161496,161496,161496,161496,426184796,426184796,426184796,426184796,426184796,426184796,426184796,426184796,426184796,426184796,429286783,429286783,429286783,429286783,429286783,429286783,429286783,429286783,429286783,429286783,
EWMA,15077304,9332895,5744409,6319772,3875299,1240299,1268416,1065633,952147,863645,823843,799860,779627,771644,767781,674673,806532,672971,598213,539826,513647,497881,484563,479322,476781,248059,452130,574830,650293,692963,719139,735283,744151,749649,753275,134934,269253,349996,399639,427676,444870,455472,461290,464896,467273,
SW,14828401,9150370,5678031,6449000,3999625,1519293,256122,416212,769213,1029275,1027296,1028527,1032876,1032252,1039304,942995,159031,258010,476577,638703,637395,638202,641077,640683,645358,1254018,1100828,730542,480516,480516,480516,480516,480516,480516,480516,777780,683389,453345,297873,297873,297873,297873,297873,297873,297873,
AFC,14813611,9143361,5670250,6133567,3802623,914681,1332755,1082702,971947,886874,811586,806261,791434,767374,777747,562370,828044,671601,603753,550738,502795,500532,491446,475875,483096,182936,412899,546859,631876,682875,708617,728145,740802,746116,752442,112474,255588,338790,391782,423573,439417,451640,459601,462855,466903,
AMBP,14646538,9039366,5607172,6029181,3739284,740237,1343261,1117533,978244,870458,841571,806052,774188,791478,776344,458301,832716,693212,607147,539308,522433,500196,479874,491894,482091,148127,387153,533229,622232,671877,705815,725862,735527,746717,752642,91740,239935,330590,385901,416582,437752,450240,456166,463311,467067,
PIC,11825130,7306340,4518790,4285469040,4289092850,730634,730634,730634,730634,730634,730634,730634,730634,730634,730634,451879,451879,451879,451879,451879,451879,451879,451879,451879,451879,428546904,428546904,428546904,428546904,428546904,428546904,428546904,428546904,428546904,428546904,428909285,428909285,428909285,428909285,428909285,428909285,428909285,428909285,428909285,428909285,
EWMA,16964694,12561312,4403382,8775619,2888255,1754393,2028600,1653457,1245829,475745,1179329,1476233,1234306,1076008,437412,384822,659779,542901,352217,542428,310618,413877,368595,277782,550363,350878,686422,879829,953029,857572,921923,1032785,1073089,1073672,946420,76964,193527,263401,281164,333416,328856,345860,350407,335882,378778,
SW,17958896,13592021,4366875,7387213,2806829,2329603,114588,24040,1198304,1896655,1863510,1682052,905948,1597352,1979969,733811,38226,273384,291003,524577,525701,422407,563431,445163,549172,1825905,1619056,822744,445644,445644,445644,445644,445644,445644,445644,546881,505377,348474,200871,200871,200871,200871,200871,200871,200871,
AFC,17639892,13276611,4363281,8944891,2946962,1477505,2436376,1325533,1469191,1350251,1118398,304697,1139778,1482201,1172681,407876,843464,413791,447252,424295,302903,467192,295001,412487,349020,295501,723676,844047,969075,1045310,1059927,908881,955060,1060488,1082926,81575,233952,269919,305385,329167,323915,352570,341057,355343,354079,
AMBP,12785721,9636918,3148803,522362989,167492573,1062789,1289514,1239514,2686217,1318329,408111,408111,408111,408111,408111,271771,836232,321293,734372,386450,119737,119737,119737,119737,119737,212637,428012,590312,1009493,1071260,103810255,103810255,103810255,103810255,103810255,54434,210793,232893,333188,343840,33263485,33263485,33263485,33263485,33263485,
PIC,26719600,20300310,6419290,4268576880,4286622200,2030031,2030031,2030031,2030031,2030031,2030031,2030031,2030031,2030031,2030031,641929,641929,641929,641929,641929,641929,641929,641929,641929,641929,426857688,426857688,426857688,426857688,426857688,426857688,426857688,426857688,426857688,426857688,428662220,428662220,428662220,428662220,428662220,428662220,428662220,428662220,428662220,428662220,
EWMA,17205514,12697878,4507636,8888886,2956271,1776241,2062214,1643451,1265798,543163,1174128,1482957,1275845,1042165,431916,391738,669728,540153,353397,627688,296808,408224,377157,260267,582476,355248,696641,886003,961962,878202,937387,1046501,1092369,1082328,952245,78347,196623,265329,282942,351891,340874,354344,358906,339178,387837,
SW,16156277,11697132,4459145,10434097,3071111,2335800,324168,324168,355044,1415703,1625821,1425138,805785,1348421,1737084,735047,90355,338250,260453,519268,502035,385991,686675,417551,523520,1846589,1696337,1696337,1005004,698305,698305,698305,698305,698305,698305,550503,524922,387884,229686,229686,229686,229686,229686,229686,229686,
AFC,17140267,12713737,4426530,8417338,2956858,1354023,1878253,1006249,1382939,1597557,1358064,1073416,455623,1142366,1465247,421118,549079,704001,367615,447364,404192,271128,594116,273447,394470,270804,592293,675084,816655,972835,1049880,1054587,934795,976309,1074096,84223,177194,282555,299567,329126,344139,329537,382452,360651,367414,
AMBP,14751482,10842553,3908929,312203172,136728703,922881,1974425,1041637,1396807,1631365,1372059,1089080,471433,471433,471433,266887,582679,709498,375516,459305,410164,276220,276220,276220,276220,184656,542609,642414,793292,960906,1043136,1052324,102327945,102327945,102327945,53457,159301,269340,290575,324321,341489,33822555,33822555,33822555,33822555,
PIC,27116630,20606680,6509950,4268178590,4286504340,2060668,2060668,2060668,2060668,2060668,2060668,2060668,2060668,2060668,2060668,650995,650995,650995,650995,650995,650995,650995,650995,650995,650995,426817859,426817859,426817859,426817859,426817859,426817859,426817859,426817859,426817859,426817859,428650434,428650434,428650434,428650434,428650434,428650434,428650434,428650434,428650434,428650434,
EWMA,9770934,6397415,3373519,4315002,2256487,749701,891002,749310,673927,599959,575655,557853,532860,535495,531653,281004,501654,416888,372502,326682,312578,301947,286050,288244,285970,149940,298152,388383,445491,476384,496238,508561,513420,517835,520598,56200,145290,199609,234187,252686,264664,272120,274906,277573,279252,
SW,9746167,6340781,3405386,4512753,2425450,1058033,227372,284347,510375,708127,708487,719796,708707,706114,709423,569248,128927,151735,269698,379628,379899,387424,380032,378284,380511,827351,777265,523251,340698,340698,340698,340698,340698,340698,340698,438090,419886,283303,183453,183453,183453,183453,183453,183453,183453,
AFC,9704092,6319009,3385083,4238177,2268081,556794,940415,786988,667638,623156,583942,557375,545296,533487,523918,278812,509301,426865,359169,336674,314802,299685,293170,286216,280389,111358,277169,379132,436833,474097,496066,508327,515720,519273,520202,55762,146469,202548,233872,254432,266506,273141,277146,278960,279245,
AMBP,9546824,6217436,3329388,4135870,2211831,383403,967924,794261,684113,629518,583725,563497,535047,548175,527773,187106,522848,428808,368459,339870,314057,303354,286129,295879,282878,76760,254992,362845,427098,467582,490810,505347,511287,518664,520485,37501,134570,193417,228425,250714,263382,271376,274326,278636,279484,
PIC,5618930,3782720,1836210,4290049740,4292580210,378272,378272,378272,378272,378272,378272,378272,378272,378272,378272,183621,183621,183621,183621,183621,183621,183621,183621,183621,183621,429004974,429004974,429004974,429004974,429004974,429004974,429004974,429004974,429004974,429004974,429258021,429258021,429258021,429258021,429258021,429258021,429258021,429258021,429258021,429258021,
EWMA,17272773,12736423,4536350,8911868,2969504,1792816,2061354,1627457,1279858,544976,1171876,1496392,1284163,1033596,443935,396722,669028,535432,356618,638956,293903,410947,378871,256174,599699,358563,699121,884788,963802,880036,938404,1050001,1096833,1084185,956135,79344,197280,264910,283251,354392,342294,356024,360593,339709,391707,
SW,16250003,11759873,4490130,10458679,3113398,2358854,313237,313237,350819,1427376,1649925,1416420,827178,1370147,1732680,741877,86801,361413,253268,519340,505106,377315,707913,419192,517905,1856626,1705776,1705776,1007637,697144,697144,697144,697144,697144,697144,552458,527454,396697,233827,233827,233827,233827,233827,233827,233827,
AFC,17210798,12756344,4454454,8449597,2976626,1361420,1896259,993317,1381495,1612046,1367356,1073916,467700,1141094,1461741,418944,554737,712784,365315,450719,406966,269254,614780,269667,391288,272284,597079,676326,817359,976296,1054508,1058389,940252,980420,1076684,83788,177977,284938,301013,330954,346156,330776,387576,363995,369453,
AMBP,14787949,10883395,3904554,312338419,137419979,951950,1974302,1041004,1415367,1634521,1371540,1071706,474335,474335,474335,274298,582833,726264,377668,458452,409191,268962,268962,268962,268962,190470,547236,645989,799864,966795,1047744,1052536,102362595,102362595,102362595,54939,160517,273666,294466,327263,343648,33991370,33991370,33991370,33991370,
PIC,27144330,20628530,6515800,4268150190,4286496740,2062853,2062853,2062853,2062853,2062853,2062853,2062853,2062853,2062853,2062853,651580,651580,651580,651580,651580,651580,651580,651580,651580,651580,426815019,426815019,426815019,426815019,426815019,426815019,426815019,426815019,426815019,426815019,428649674,428649674,428649674,428649674,428649674,428649674,428649674,428649674,428649674,428649674,
EWMA,16832806,12491166,4341640,8674535,2830035,1664869,1957099,1687964,1213032,564269,1216048,1366608,1204373,1117056,499848,359104,637695,552765,352287,501838,333053,388642,363574,295931,556751,332973,657798,863831,933671,859790,931041,1018154,1055397,1067728,954152,71820,184995,258549,277296,322204,324373,337226,342495,333182,377895,
SW,17776188,13464231,4311957,7638602,2886989,2340950,200959,14930,1214624,1675164,1857838,1657530,945220,1598127,1958889,736890,63735,273232,294861,458877,523682,418175,555071,444621,542813,1799801,1648655,852280,476838,476838,476838,476838,476838,476838,476838,540152,514622,357952,210609,210609,210609,210609,210609,210609,210609,
AFC,18080275,13709725,4370550,9562411,3032984,1440547,2414408,1359542,1172242,2418274,554771,588381,2446915,1041380,273265,395022,840577,423174,357714,689027,340533,173216,685170,315921,150196,288109,713368,842602,908530,1210478,1079337,981146,1274299,1227716,1036826,79004,231318,269689,287294,367640,362219,324419,396569,380440,334392,
AMBP,16430249,12521719,3908530,515714539,163080078,693843,2293549,1375051,2166650,1060301,986465,986465,986465,986465,986465,221483,705629,440844,697928,332971,301935,301935,301935,301935,301935,138848,569788,730840,1018002,1026461,102446120,102446120,102446120,102446120,102446120,44376,176626,229469,323160,325122,32396265,32396265,32396265,32396265,32396265,
PIC,27001830,20518310,6483520,4268293480,4286538700,2051831,2051831,2051831,2051831,2051831,2051831,2051831,2051831,2051831,2051831,648352,648352,648352,648352,648352,648352,648352,648352,648352,648352,426829348,426829348,426829348,426829348,426829348,426829348,426829348,426829348,426829348,426829348,428653870,428653870,428653870,428653870,428653870,428653870,428653870,428653870,428653870,428653870,
EWMA,17178226,12682791,4495435,8870644,2946526,1789320,2042129,1617634,1276605,549783,1166643,1479060,1278051,1041509,442057,395117,663963,532604,358164,620136,296013,408160,378524,261647,581107,357864,694717,879300,958761,876965,934900,1043732,1090595,1080777,953033,79023,196011,263329,282296,349864,339093,352906,358029,338752,387223,
SW,16123377,11681060,4442317,10499987,3051417,2309513,389769,389769,327943,1410199,1617055,1417251,796245,1325951,1697365,728015,109975,314930,258776,520554,504220,389930,683237,415873,516807,1823236,1705926,1705926,1009075,709304,709304,709304,709304,709304,709304,543933,527919,384307,227894,227894,227894,227894,227894,227894,227894,
AFC,17000812,12617452,4383360,8370023,2931580,1303617,1943815,968512,1382125,1615147,1331371,1078344,446762,1088115,1459644,411980,567746,670373,371233,454722,397768,274508,581129,260169,393732,260723,597341,671575,813685,973977,1045455,1052032,930978,962405,1061852,82396,179466,277647,296364,328035,341981,328487,379015,355246,362943,
AMBP,14657210,10737246,3919964,311522170,136324408,961980,1983886,1031396,1394124,1603254,1373734,1096370,430834,430834,430834,280070,586907,691342,377234,452888,411095,280107,280107,280107,280107,192476,550758,646885,796332,957716,1040919,1052009,102095025,102095025,102095025,56094,162256,268073,289905,322501,340219,33721340,33721340,33721340,33721340,
PIC,27048950,20554600,6494350,4268246300,4286524620,2055460,2055460,2055460,2055460,2055460,2055460,2055460,2055460,2055460,2055460,649435,649435,649435,649435,649435,649435,649435,649435,649435,649435,426824630,426824630,426824630,426824630,426824630,426824630,426824630,426824630,426824630,426824630,428652462,428652462,428652462,428652462,428652462,428652462,428652462,428652462,428652462,428652462,
EWMA,17189904,12687594,4502310,8884550,2953369,1774476,2054434,1636052,1276500,544468,1175503,1491659,1269315,1039790,425397,391189,666957,538297,357433,624791,297319,410948,375679,259401,580296,354895,694802,883052,961741,878286,937729,1048515,1092675,1082098,950757,78237,195981,264444,283041,351391,340576,354650,358855,338964,387230,
SW,16179593,11708392,4471201,10484271,3068969,2334470,337648,337648,346705,1427678,1615107,1414019,810705,1354361,1730051,734869,94213,332527,261018,523365,500966,384527,695035,421007,523674,1843995,1704971,1704971,1006274,704010,704010,704010,704010,704010,704010,549697,527298,387203,229253,229253,229253,229253,229253,229253,229253,
AFC,17096822,12684319,4412503,8394643,2946989,1345186,1875503,997636,1379579,1599495,1352822,1079480,451462,1135057,1468099,420550,547799,698447,366872,448024,403058,273980,584788,272703,396282,269037,590330,671791,813348,970577,1047026,1053516,933106,973496,1072416,84110,176847,281167,298308,328251,343212,329366,380450,358901,366377,
AMBP,14744041,10824857,3919184,312011259,136736813,954716,1957665,1045492,1400278,1616662,1371866,1091278,462300,462300,462300,276759,577655,716788,375075,454291,409288,277332,277332,277332,277332,191023,544351,644579,795718,959906,1042298,1052094,102260430,102260430,102260430,55431,159875,271257,292020,324474,341436,33823080,33823080,33823080,33823080,
PIC,27173040,20651400,6521640,4268120460,4286489150,2065140,2065140,2065140,2065140,2065140,2065140,2065140,2065140,2065140,2065140,652164,652164,652164,652164,652164,652164,652164,652164,652164,652164,426812046,426812046,426812046,426812046,426812046,426812046,426812046,426812046,426812046,426812046,428648915,428648915,428648915,428648915,428648915,428648915,428648915,428648915,428648915,428648915,
EWMA,15899705,10172359,5727346,6898214,3867687,1393230,1372751,1163818,1020154,941521,902019,855418,850408,846967,826073,683975,801990,675501,587419,539628,516079,486710,484334,482648,469062,278646,497467,630737,708620,755200,784563,798734,809068,816647,818532,136795,269834,350967,398257,426531,444440,452894,459182,463875,464912,
SW,15632849,9967177,5665672,7087210,4029869,1653829,298930,449011,851933,1119834,1112601,1115277,1116668,1122232,1126862,940363,172319,254213,483829,636445,631618,633407,634320,638022,641136,1351499,1202084,800590,533291,533291,533291,533291,533291,533291,533291,765769,684290,455632,303454,303454,303454,303454,303454,303454,303454,
AFC,15668592,9992838,5675754,6707953,3807835,989688,1462659,1201576,1049530,965219,901837,878318,854828,854494,834689,549734,834939,684515,597326,549607,512489,499854,486022,486911,474357,197937,450881,601020,690722,745621,776864,797154,808688,817849,821217,109946,254944,340858,392151,423642,441411,453099,459683,465128,466973,
AMBP,15534146,9903658,5630488,6617001,3761307,788686,1491946,1233798,1067301,970402,916922,886467,866252,848271,833613,444106,848740,702566,607078,551853,521796,504802,493381,482621,473545,157817,424642,586473,682638,740190,775536,797722,811428,818796,821759,88901,240868,333207,387981,420755,440963,453730,461660,465852,467390,
PIC,12445410,7957680,4487730,4284622290,4289133230,795768,795768,795768,795768,795768,795768,795768,795768,795768,795768,448773,448773,448773,448773,448773,448773,448773,448773,448773,448773,428462229,428462229,428462229,428462229,428462229,428462229,428462229,428462229,428462229,428462229,428913323,428913323,428913323,428913323,428913323,428913323,428913323,428913323,428913323,428913323,
EWMA,14251622,9183399,5068223,6121380,3349945,1386414,836789,1276954,1090896,383655,1037307,962185,298433,988667,922099,679439,444766,750919,634567,167835,606262,557846,116454,577074,533061,277282,389183,566737,671568,613985,698649,751356,660771,726350,765499,135887,197662,308313,373563,332417,387186,421318,360345,403690,429564,
SW,12112866,7489197,4623669,5467073,3630393,636402,242263,811679,81916,1279434,1274974,273298,1273209,1269122,346900,262239,134375,496024,496024,645646,642659,642659,641458,638706,23879,1407855,845437,563448,378619,378619,378619,378619,378619,378619,378619,803516,446509,297546,297546,297546,297546,297546,297546,297546,297546,
AFC,19130287,11677979,7452308,7253806,4269331,1251903,1400120,104653,1115063,1109057,1916341,740763,1756325,611967,1671787,627066,812476,812476,588266,613795,1170155,396562,1080416,320903,1030193,250380,480328,405193,547167,659545,910904,876876,1052765,964606,1106042,125413,262825,262825,327913,385089,542102,512994,626478,565363,658329,
AMBP,11440621,7478955,3961666,375384259,208879586,535075,1073227,1244467,1171368,575803,575803,575803,575803,575803,575803,273326,569825,709699,676418,288733,288733,288733,288733,288733,288733,107095,300321,489150,625593,62310350,62310350,62310350,62310350,62310350,62310350,54745,157761,268148,349802,34674855,34674855,34674855,34674855,34674855,34674855,
PIC,25872260,16498020,9374240,4273519850,4282780770,1649802,1649802,1649802,1649802,1649802,1649802,1649802,1649802,1649802,1649802,937424,937424,937424,937424,937424,937424,937424,937424,937424,937424,427351985,427351985,427351985,427351985,427351985,427351985,427351985,427351985,427351985,427351985,428278077,428278077,428278077,428278077,428278077,428278077,428278077,428278077,428278077,428278077,
EWMA,15831027,10131124,5699903,6852094,3836958,1386452,1318760,1175753,1039962,896573,914697,884571,816040,848466,849850,679467,765973,683449,600657,509665,524532,506111,461456,483646,484947,277290,485584,623617,706886,744823,778797,799951,803168,812227,819751,135893,261909,346217,397105,419617,440600,453702,455252,460930,465733,
SW,15064029,9625853,5438176,6802707,3840278,1662079,126132,506195,903236,922012,1146005,1144900,924393,1142176,1148725,945888,57140,292325,518039,504570,653898,653111,506173,651343,655689,1304535,1150392,764802,511854,511854,511854,511854,511854,511854,511854,734473,649845,431784,289168,289168,289168,289168,289168,289168,289168,
AFC,13764192,8850328,4913864,6031133,3356472,646168,1525479,1243481,623751,1071666,972171,465947,977045,904118,420502,320777,876792,712396,313472,620500,559296,224954,567449,519934,198294,129233,408482,575481,585135,682441,740387,685499,743808,775870,704797,64155,226682,323824,321754,381503,417061,378640,416401,437107,389345,
AMBP,13997400,8994683,5002717,366376453,207246367,939721,1467955,987667,1101676,995014,700530,700530,700530,700530,700530,544751,832831,538585,630093,568312,377629,377629,377629,377629,377629,188024,444010,552741,662528,729025,72760025,72760025,72760025,72760025,72760025,109030,253790,310749,374617,413356,41156965,41156965,41156965,41156965,41156965,
PIC,26018980,16584050,9434930,4273408010,4282701870,1658405,1658405,1658405,1658405,1658405,1658405,1658405,1658405,1658405,1658405,943493,943493,943493,943493,943493,943493,943493,943493,943493,943493,427340801,427340801,427340801,427340801,427340801,427340801,427340801,427340801,427340801,427340801,428270187,428270187,428270187,428270187,428270187,428270187,428270187,428270187,428270187,428270187,
EWMA,15986808,10225421,5761387,6926523,3885710,1395279,1375665,1149870,1040564,947623,894798,871636,870806,840945,838235,685356,803841,665953,600846,543563,511107,497353,497805,478494,477069,279055,498377,628675,711052,758366,785652,802848,816439,821340,824719,137071,270425,349530,399793,428547,445059,455517,463974,466878,468916,
SW,15662528,9985912,5676616,7113585,4046463,1658667,307576,447372,850028,1121867,1122850,1116939,1116826,1124279,1119508,943356,178028,253087,482439,637598,638266,634332,634249,639220,636041,1355011,1209092,804538,534992,534992,534992,534992,534992,534992,534992,767905,688775,458157,304518,304518,304518,304518,304518,304518,304518,
AFC,15691580,10007574,5684006,6718770,3813973,994598,1457831,1204981,1057696,965060,906534,876776,856419,846509,841170,552817,831497,686585,602606,549371,515467,498661,486964,481465,478573,198919,450701,601557,692784,747239,779098,798633,810190,817453,822196,110563,254749,341116,393414,424605,442777,453953,460555,464737,467504,
AMBP,15559522,9919759,5639763,6626176,3766459,774598,1493585,1241531,1072843,972766,920118,889702,871727,853514,829375,434605,849606,707531,610648,553269,523775,506882,496884,485968,470595,154999,422716,586479,683751,741554,777266,799753,814147,822020,823491,87001,239522,333123,388628,421556,441999,454975,463356,467878,468421,
PIC,12560840,8027620,4533220,4284531370,4289074090,802762,802762,802762,802762,802762,802762,802762,802762,802762,802762,453322,453322,453322,453322,453322,453322,453322,453322,453322,453322,428453137,428453137,428453137,428453137,428453137,428453137,428453137,428453137,428453137,428453137,428907409,428907409,428907409,428907409,428907409,428907409,428907409,428907409,428907409,428907409,
EWMA,15984726,10223649,5761077,6916319,3879461,1392200,1364943,1158333,1032878,939888,905453,872779,857920,847143,852112,683305,796734,671758,595861,538475,518338,498203,489305,482729,486369,278440,495740,628258,709182,755323,785349,802835,813852,820510,826830,136661,268675,349291,398605,426579,444930,455584,462328,466408,470400,
SW,15659841,9983764,5676077,7113099,4046908,1662178,300799,451937,856383,1114684,1120169,1114547,1117760,1123901,1121406,945837,173526,256204,486772,632917,636578,632834,634956,639056,637397,1348037,1205480,804971,536373,536373,536373,536373,536373,536373,536373,763396,686483,458522,305501,305501,305501,305501,305501,305501,305501,
AFC,15707976,10018246,5689730,6724891,3817177,993194,1460012,1209682,1056266,963110,907200,880471,856807,849997,841507,551983,832752,689496,601461,547900,515749,501014,487079,483638,478658,198638,450912,602666,693386,747330,779304,799537,810991,818792,823335,110396,254867,341792,393725,424560,442797,454440,460967,465501,468132,
AMBP,15547195,9912064,5635131,6616536,3760332,779808,1506744,1226783,1072226,976685,914551,877072,851887,855909,850399,437942,858488,697789,610325,555959,520130,498496,483722,487607,484673,156041,426181,586301,683486,742125,776610,796702,807739,817373,823978,87668,241832,333023,388483,421978,441608,452985,459132,464827,468796,
PIC,12556820,8024960,4531860,4284534830,4289075860,802496,802496,802496,802496,802496,802496,802496,802496,802496,802496,453186,453186,453186,453186,453186,453186,453186,453186,453186,453186,428453483,428453483,428453483,428453483,428453483,428453483,428453483,428453483,428453483,428453483,428907586,428907586,428907586,428907586,428907586,428907586,428907586,428907586,428907586,428907586,
EWMA,15455514,9906494,5549020,6698461,3733716,1385734,1220816,1197593,1040873,854646,904929,886002,692511,878693,844697,678657,700421,697958,601178,481689,517948,507003,379035,503717,481414,277146,465880,612222,697952,729290,764417,788734,769489,791329,802002,135731,248669,338526,391056,409182,430935,446148,432725,446923,453821,
SW,15143639,9674208,5469431,6621947,3719190,1650370,56701,539264,886207,979207,1145634,1144262,986691,1137834,1148038,937912,10883,314320,506594,542606,653519,652610,547582,648300,655105,1297929,1116841,748778,494057,494057,494057,494057,494057,494057,494057,729920,627370,421038,277266,277266,277266,277266,277266,277266,277266,
AFC,14810177,9478333,5331844,6332071,3556632,605403,1523190,1253671,917216,1003179,926422,748970,905061,867327,727894,293481,875134,719130,509026,574825,528739,413584,519440,495374,403111,121080,401502,571935,640991,713428,756026,754615,784704,801228,786562,58696,221983,321412,358934,402112,427437,424667,443621,453971,443799,
AMBP,14922855,9537771,5385084,163190692,92396648,837783,1477939,1007426,1092437,989214,816994,889978,882344,771828,771828,476792,839263,551552,623757,564308,455101,507101,504028,431591,431591,167636,429696,545242,654681,721587,740668,770530,792892,79183880,79183880,95438,244203,305672,369289,408292,417653,435542,449239,44835660,44835660,
PIC,24250990,15524380,8726610,4274785580,4283622690,1552438,1552438,1552438,1552438,1552438,1552438,1552438,1552438,1552438,1552438,872661,872661,872661,872661,872661,872661,872661,872661,872661,872661,427478558,427478558,427478558,427478558,427478558,427478558,427478558,427478558,427478558,427478558,428362269,428362269,428362269,428362269,428362269,428362269,428362269,428362269,428362269,428362269,
EWMA,9591741,6289856,3301885,4245739,2210369,729509,878167,761747,655396,579524,566395,544426,536436,519470,518786,267581,493087,425212,360147,313017,306416,293012,288435,277588,277390,145901,292354,386232,440064,467956,487643,498999,506486,509082,511022,53516,141430,198186,230578,247065,258935,265750,270287,271747,272875,
SW,9591665,6248041,3343624,4375915,2334199,1044605,208160,258863,508560,700298,700162,699362,694024,707345,726662,560304,116138,134737,268460,374421,374348,373808,370228,379168,392012,825993,769688,503876,325194,325194,325194,325194,325194,325194,325194,437181,414841,270393,173112,173112,173112,173112,173112,173112,173112,
AFC,9486936,6188709,3298227,4139086,2202037,559629,902986,761563,662526,589215,574896,553441,529528,518603,536322,280716,484366,409915,355774,314023,308796,297022,282669,276294,288652,111925,270137,368422,427242,459636,482688,496838,503376,506421,512401,56143,141787,195412,227484,244791,257592,265478,268916,270391,274043,
AMBP,9386760,6121440,3265320,4050797,2155071,372051,941655,759881,680667,618722,565952,543657,555611,543600,539644,179569,505290,405897,366180,332649,302175,290128,299819,292825,290788,74490,247923,350314,416384,456851,478671,491668,504456,512284,517756,35993,129852,185061,221284,243557,255280,262249,269763,274375,277657,
PIC,5491580,3706070,1785510,4290149390,4292646120,370607,370607,370607,370607,370607,370607,370607,370607,370607,370607,178551,178551,178551,178551,178551,178551,178551,178551,178551,178551,429014939,429014939,429014939,429014939,429014939,429014939,429014939,429014939,429014939,429014939,429264612,429264612,429264612,429264612,429264612,429264612,429264612,429264612,429264612,429264612,
EWMA,15904175,10174990,5729185,6899076,3868335,1394891,1373798,1155670,1017066,943259,898153,870597,857056,837695,826805,685201,802697,670042,585358,540792,513484,496819,488753,476465,469574,278978,497942,629487,707002,754253,783033,800545,811847,817016,818973,137040,270171,350145,397187,425908,443423,454102,461032,464118,465209,
SW,15608893,9952838,5656055,7077502,4023413,1653061,297062,443536,852936,1109399,1115670,1120582,1114010,1120445,1126137,939834,171065,250569,484513,629475,633651,636897,632571,636841,640639,1357090,1204280,797886,531178,531178,531178,531178,531178,531178,531178,769494,685753,453823,302049,302049,302049,302049,302049,302049,302049,
AFC,15667917,9994194,5673723,6705139,3804046,994845,1448078,1206655,1051362,959521,900544,871040,878743,844446,838960,553177,824787,687447,598186,545495,511304,494722,501709,479947,476949,198969,448790,600363,690562,744353,775591,794680,811492,818082,822257,110635,253465,340261,391846,422575,440320,451200,461301,465030,467413,
AMBP,15507601,9889550,5618051,6607694,3753078,792336,1493751,1227460,1058946,973666,905719,890130,869604,847424,830514,446288,849488,697964,601190,553715,514031,507019,495364,481771,471221,158547,425587,585961,680558,739179,772487,796015,810732,818070,820558,89337,241367,332686,386386,419851,438687,452353,460955,465118,466338,
PIC,12533760,8012140,4521620,4284551500,4289089170,801214,801214,801214,801214,801214,801214,801214,801214,801214,801214,452162,452162,452162,452162,452162,452162,452162,452162,452162,452162,428455150,428455150,428455150,428455150,428455150,428455150,428455150,428455150,428455150,428455150,428908917,428908917,428908917,428908917,428908917,428908917,428908917,428908917,428908917,428908917,
EWMA,15907241,10176872,5730369,6896607,3866605,1382551,1382075,1154780,1023463,941809,901227,863980,847855,847318,831814,676871,808183,669441,589654,539844,515552,492358,482647,482911,472908,276510,497623,629054,707935,754709,784012,800005,809575,817123,820061,135374,269935,349836,397799,426208,444076,453732,459515,464194,465936,
SW,15300768,9767987,5532781,6971696,3953090,1643364,225585,487656,863354,1027507,1136688,1111966,1025103,1134200,1112564,933340,123479,280034,491432,574888,647622,631161,573274,645992,631559,1332849,1174588,785535,525532,525532,525532,525532,525532,525532,525532,753312,665955,445618,298315,298315,298315,298315,298315,298315,298315,
AFC,13896829,8929701,4967128,6075841,3386490,684870,1515550,1226708,659843,1068044,957961,490600,971957,894368,459800,346535,870194,701256,337599,618134,549882,241438,564102,513491,224497,136974,412689,575492,592362,687498,741590,691392,747505,776877,713462,69307,229484,323838,326590,384898,417894,382603,418902,437819,395155,
AMBP,12596179,8154177,4442002,356956273,200946877,925018,1458669,848169,1143728,1001148,555489,555489,555489,555489,555489,535017,826567,445538,658049,572311,280904,280904,280904,280904,280904,185083,439800,521473,645924,716968,70889405,70889405,70889405,70889405,70889405,107083,250979,289890,363521,405279,39906025,39906025,39906025,39906025,39906025,
PIC,25945020,16540190,9404830,4273465030,4282741000,1654019,1654019,1654019,1654019,1654019,1654019,1654019,1654019,1654019,1654019,940483,940483,940483,940483,940483,940483,940483,940483,940483,940483,427346503,427346503,427346503,427346503,427346503,427346503,427346503,427346503,427346503,427346503,428274100,428274100,428274100,428274100,428274100,428274100,428274100,428274100,428274100,428274100,
EWMA,15676990,10038745,5638245,6810219,3808980,1338260,1372802,1161969,1003057,943853,889852,837890,853153,838063,799846,647254,802041,674260,576055,541191,507957,475018,486152,476723,451594,267652,488682,623339,699282,748196,776527,788799,801669,808947,807126,129450,263968,346026,392031,421863,439081,446268,454244,458739,457310,
SW,15358384,9802583,5555801,6970056,3951843,1612496,301914,448053,815090,1112372,1124152,1075057,1121123,1114283,1078043,912817,174299,253611,459274,631456,639301,606536,637257,632686,608564,1340621,1190145,787488,521686,521686,521686,521686,521686,521686,521686,758512,676326,446909,295728,295728,295728,295728,295728,295728,295728,
AFC,15509893,9897694,5612199,6643373,3764697,1001625,1440210,1172755,1057755,952630,874625,876291,860260,812888,848655,557680,819941,665277,602813,541198,494309,498510,489651,459164,483656,200325,448302,593192,686104,739409,766452,788419,802787,804807,813576,111536,253217,335629,389065,419491,434454,447265,455742,456426,461872,
AMBP,15407562,9827696,5579866,6559376,3722936,776356,1474944,1222203,1059523,960912,918978,873896,862161,845574,833149,435919,837408,694826,601930,545515,523146,496468,490664,480805,473185,155351,419269,579855,675788,732812,770045,790815,805084,813182,817175,87263,237292,328798,383424,415842,437302,449135,457440,462113,464327,
PIC,12606480,8054380,4552100,4284496580,4289049550,805438,805438,805438,805438,805438,805438,805438,805438,805438,805438,455210,455210,455210,455210,455210,455210,455210,455210,455210,455210,428449658,428449658,428449658,428449658,428449658,428449658,428449658,428449658,428449658,428449658,428904955,428904955,428904955,428904955,428904955,428904955,428904955,428904955,428904955,428904955,
EWMA,15983765,10222747,5761018,6925471,3885915,1391254,1376526,1155595,1029338,957982,906974,867206,848736,850087,839049,682734,804479,670021,593571,550637,519365,494538,483203,484730,477740,278250,497905,629443,709422,759134,788702,804402,813268,820631,824314,136546,270132,350109,398801,429168,447207,456673,461979,466529,468771,
SW,15661558,9984422,5677136,7101551,4039540,1656465,303304,438306,861821,1128959,1118942,1119590,1124139,1112260,1120636,942130,175234,247099,490440,642492,635827,636269,639288,631388,636969,1353601,1207253,799358,534477,534477,534477,534477,534477,534477,534477,767176,687737,454821,304258,304258,304258,304258,304258,304258,304258,
AFC,15709310,10017325,5691985,6722031,3817147,993767,1454610,1200077,1058658,974147,907391,877202,861224,844796,845453,552442,829516,683524,603365,555571,516175,499129,490291,480437,481535,198753,449924,599954,691694,748184,780025,799460,811812,818408,823817,110488,254293,340139,392784,425341,443507,454631,461763,465497,468704,
AMBP,15541515,9908058,5633457,6624020,3766025,780201,1509976,1241063,1074872,969767,914560,879485,851699,844044,842391,438480,860782,707399,612146,551413,520216,500171,483648,479798,479404,156120,426891,589725,686754,743356,777596,797973,808718,815783,821104,87776,242377,335381,390734,422869,442338,453904,459852,463841,466953,
PIC,12518680,8001520,4517160,4284565300,4289094970,800152,800152,800152,800152,800152,800152,800152,800152,800152,800152,451716,451716,451716,451716,451716,451716,451716,451716,451716,451716,428456530,428456530,428456530,428456530,428456530,428456530,428456530,428456530,428456530,428456530,428909497,428909497,428909497,428909497,428909497,428909497,428909497,428909497,428909497,428909497,
EWMA,15879893,10160491,5719402,6892588,3863886,1393025,1381135,1163266,1018023,932660,894307,867880,847129,830723,832343,683798,807587,675112,586026,533702,510943,494991,482155,471831,473257,278605,499111,631942,709158,753858,781947,799133,808732,813130,816972,136759,270924,351761,398614,425631,442693,453152,458952,461527,463873,
SW,15638308,9970447,5667861,7072033,4019822,1653651,298368,443865,851392,1123405,1115852,1119884,1110834,1124926,1128270,940275,171907,250811,483494,638815,633773,636469,630438,639826,642053,1352958,1201991,798628,531208,531208,531208,531208,531208,531208,531208,766766,684228,454331,302071,302071,302071,302071,302071,302071,302071,
AFC,15673957,9996074,5677883,6701091,3803233,991451,1445379,1206625,1055365,961724,900271,870361,860994,855054,848850,550922,823396,687847,601195,547304,511414,494574,490128,487287,483816,198290,447707,599490,690665,744876,775955,794836,808067,817464,823741,110184,252826,339830,392103,423143,440797,451552,459267,464871,468660,
AMBP,15515447,9893068,5622379,6610144,3756129,792996,1493511,1211602,1067938,981460,912368,889970,859194,859270,824759,447025,849754,687770,607298,559035,518587,507029,488546,489807,467528,158679,425645,582836,679856,740176,774614,797685,809986,819842,820825,89485,241538,330784,386086,420675,440257,453611,460598,466439,466656,
PIC,12536860,8013360,4523500,4284549910,4289086730,801336,801336,801336,801336,801336,801336,801336,801336,801336,801336,452350,452350,452350,452350,452350,452350,452350,452350,452350,452350,428454991,428454991,428454991,428454991,428454991,428454991,428454991,428454991,428454991,428454991,428908673,428908673,428908673,428908673,428908673,428908673,428908673,428908673,428908673,428908673,
EWMA,15920229,10186534,5733695,6898593,3865850,1382758,1368052,1157132,1027130,933316,907310,875953,859176,843270,832437,676686,798367,670654,591773,533893,519325,500095,489930,479924,473048,276551,494851,627307,707271,752480,783446,801947,813392,819367,821981,135337,267943,348485,397142,424492,443458,454785,461814,465436,466958,
SW,15599939,9949336,5650603,7065095,4013062,1635571,307801,448603,840422,1125816,1117553,1109787,1121072,1134417,1108294,927686,178160,253836,475895,640067,634545,629366,636894,645786,628368,1342403,1199442,797325,532275,532275,532275,532275,532275,532275,532275,759274,682151,453227,302630,302630,302630,302630,302630,302630,302630,
AFC,15627071,9969863,5657208,6699093,3799749,994535,1460232,1182451,1066028,965030,892178,886386,860113,831595,831315,552591,832850,671383,608004,549181,505729,504970,489286,471382,471832,198907,451172,597427,691147,745923,775174,797416,809955,814283,817689,110518,254984,338263,392211,423605,440029,453017,460270,462492,464360,
AMBP,15533051,9902890,5630161,6614065,3759383,808642,1481075,1233402,1066329,963405,912861,890035,847841,854818,844482,457169,841440,702274,606616,547247,519132,507295,481150,486986,480852,161808,425661,587209,683033,739107,773857,797092,807241,816756,822301,91513,241498,333653,388245,420045,439862,453348,458908,464523,467788,
PIC,12513560,7998350,4515210,4284569420,4289097510,799835,799835,799835,799835,799835,799835,799835,799835,799835,799835,451521,451521,451521,451521,451521,451521,451521,451521,451521,451521,428456942,428456942,428456942,428456942,428456942,428456942,428456942,428456942,428456942,428456942,428909751,428909751,428909751,428909751,428909751,428909751,428909751,428909751,428909751,428909751,
EWMA,15965895,10212848,5753047,6920423,3881685,1385556,1375787,1163311,1024737,955495,900997,868333,857413,852778,828441,678977,803881,674912,590298,548805,515244,495140,488873,486385,470532,277111,496846,630139,709058,758345,786875,803166,814015,821767,823101,135795,269412,350512,398469,428536,445877,455729,462357,467162,467836,
SW,15706628,10012405,5694223,7123574,4053258,1662669,298715,454438,855313,1120437,1116077,1126541,1129071,1130740,1118404,946010,172157,257803,485972,636627,633720,640733,642400,643519,635282,1357769,1207446,805274,536155,536155,536155,536155,536155,536155,536155,769738,687686,458657,305311,305311,305311,305311,305311,305311,305311,
AFC,15714535,10020463,5694072,6719583,3815467,976729,1456045,1215935,1058790,966188,908934,881960,857035,848281,850566,540903,830506,694121,603529,550281,517188,502280,487524,482781,484959,195345,447485,601175,692698,747396,779703,800154,811530,818880,825217,108180,252645,340940,393457,424821,443294,455091,461577,465817,469645,
AMBP,15539294,9907096,5632198,6620005,3763007,776321,1501655,1227220,1079220,986980,911243,884723,851991,848850,838893,435858,855353,698233,614872,562745,517868,503589,483778,482900,477002,155344,424606,585128,683946,744552,777890,799256,809803,817612,821868,87251,240871,332343,388848,423627,442475,454697,460513,464990,467392,
PIC,12512660,7998410,4514250,4284569350,4289098750,799841,799841,799841,799841,799841,799841,799841,799841,799841,799841,451425,451425,451425,451425,451425,451425,451425,451425,451425,451425,428456935,428456935,428456935,428456935,428456935,428456935,428456935,428456935,428456935,428456935,428909875,428909875,428909875,428909875,428909875,428909875,428909875,428909875,428909875,428909875,
EWMA,15896952,10170722,5726230,6887932,3860813,1382816,1372541,1156593,1022323,939122,900539,860880,853524,844785,837599,677054,801828,670670,588902,538023,515065,490345,486402,481195,476746,276563,495758,627925,706804,753267,782721,798352,809386,816465,820691,135410,268693,349088,397050,425244,443208,452635,459388,463749,466348,
SW,15594923,9944514,5650409,7059767,4011596,1645523,295741,446545,849821,1113996,1112291,1119645,1118243,1120400,1122309,934791,170143,252615,482455,632533,631377,636298,635344,636795,638058,1349892,1199025,795936,530702,530702,530702,530702,530702,530702,530702,764693,682221,452516,301738,301738,301738,301738,301738,301738,301738,
AFC,15639072,9975168,5663904,6692286,3797329,992997,1458026,1194026,1043891,961533,901909,870236,864805,848216,839529,551932,831844,679472,593523,547132,512533,494456,492681,482728,477603,198599,450484,599192,688131,742811,774630,793751,807961,816012,820715,110386,254677,339636,390413,421756,439911,450820,459192,463899,466639,
AMBP,15475542,9869155,5606387,6592796,3744534,793530,1483417,1224342,1058753,962574,916384,894226,863006,838311,834612,447344,843067,696252,601160,546429,521284,509878,491070,475817,474086,158786,423712,583838,678821,735571,771733,796231,809586,815331,819187,89548,240251,331451,385392,417599,438336,452644,460329,463426,465558,
PIC,12480900,7979650,4501250,4284593730,4289115650,797965,797965,797965,797965,797965,797965,797965,797965,797965,797965,450125,450125,450125,450125,450125,450125,450125,450125,450125,450125,428459373,428459373,428459373,428459373,428459373,428459373,428459373,428459373,428459373,428459373,428911565,428911565,428911565,428911565,428911565,428911565,428911565,428911565,428911565,428911565,
EWMA,15694130,10289541,5404589,6965196,3638375,1399456,1383071,1171989,1040578,949545,896785,888560,849608,850637,859312,622356,757079,637221,562171,508967,478305,475505,451101,452735,459149,279891,500527,634819,715970,762685,789505,809316,817374,824026,831083,124471,250992,328237,375023,401811,417109,428788,433250,437147,441547,
SW,15388562,10051849,5336713,7153425,3800927,1670898,296447,455260,862087,1120334,1127234,1131059,1129733,1124688,1134109,887890,160108,240708,457507,593332,598016,600601,599677,596335,602539,1367099,1213274,807535,537931,537931,537931,537931,537931,537931,537931,722938,645664,429569,286108,286108,286108,286108,286108,286108,286108,
AFC,15477660,10111078,5366582,6778912,3593827,982826,1479661,1224345,1063998,970137,922677,881006,866609,859975,859844,501751,791216,653809,566709,515962,491435,467925,460986,457964,458825,196565,453184,607416,698732,753013,786945,805757,817927,826336,833037,100350,238523,321580,370605,399676,418027,428006,434602,439274,443184,
AMBP,15302542,9993931,5308611,6664573,3537415,785060,1510418,1239854,1073308,981295,918003,885541,871995,877592,850865,409555,803646,659433,570131,521728,487251,470336,464132,469544,452855,157092,427757,590176,686802,745700,780160,801236,815387,827828,832435,81991,226322,312944,364381,395850,414130,425371,433123,440407,442896,
PIC,12230110,8021270,4208840,4284539630,4289495790,802127,802127,802127,802127,802127,802127,802127,802127,802127,802127,420884,420884,420884,420884,420884,420884,420884,420884,420884,420884,428453963,428453963,428453963,428453963,428453963,428453963,428453963,428453963,428453963,428453963,428949579,428949579,428949579,428949579,428949579,428949579,428949579,428949579,428949579,428949579,
EWMA,15739316,10317229,5422087,6994195,3657225,1416301,1388954,1172593,1045489,948501,904326,888723,854675,851126,846541,633816,760778,637590,565358,508181,483174,475478,454321,452960,450431,283260,504398,638037,719527,765321,793122,812242,820728,826807,830753,126763,253566,330370,377367,403529,419458,430662,435393,438906,441211,
SW,15507146,10123492,5383654,7164736,3807551,1675025,298823,446947,867298,1134349,1140563,1133542,1131901,1144114,1150930,890494,161610,235065,460957,602660,606800,602107,601017,609139,613805,1373245,1220736,806932,537689,537689,537689,537689,537689,537689,537689,726866,650490,429056,285877,285877,285877,285877,285877,285877,285877,
AFC,15496557,10122606,5373951,6784629,3597306,991732,1467854,1222007,1061271,972898,926003,880902,881860,864877,853202,507632,783116,652274,564823,517721,493718,467832,471016,461284,454535,198346,452247,606199,697213,752350,787080,805844,821047,829813,834490,101526,237844,320730,369548,399182,418089,428037,436632,441562,444156,
AMBP,15357754,10026967,5330787,6695521,3558221,789964,1509938,1241809,1085933,982910,925854,909214,880192,855081,846072,412911,803339,660755,578507,522803,492594,486175,469667,454537,449499,158072,428445,591117,690080,748646,784087,809112,823328,829678,832956,82662,226797,313588,366571,397817,416772,430652,438455,441671,443236,
PIC,11987880,7876290,4111590,4284728100,4289622210,787629,787629,787629,787629,787629,787629,787629,787629,787629,787629,411159,411159,411159,411159,411159,411159,411159,411159,411159,411159,428472810,428472810,428472810,428472810,428472810,428472810,428472810,428472810,428472810,428472810,428962221,428962221,428962221,428962221,428962221,428962221,428962221,428962221,428962221,428962221,
EWMA,9729403,6372507,3356896,4295752,2243629,737847,907030,740159,657986,604142,579028,540297,536862,537498,531658,273144,512304,410811,361833,329455,314812,290228,288715,289614,285980,147569,299461,387600,441677,474170,495141,504172,510710,516067,519185,54628,146163,199092,231640,251203,263924,269184,273090,276394,278311,
SW,9572424,6236519,3335905,4450799,2384136,1023105,228963,273996,512813,707044,700005,695102,698947,708130,688414,545972,130003,144830,271298,378929,374237,370964,373502,379657,366513,807091,764883,508688,338591,338591,338591,338591,338591,338591,338591,424585,411641,273602,182044,182044,182044,182044,182044,182044,182044,
AFC,9583574,6246700,3336874,4180027,2229318,548291,927361,758264,672220,624653,553012,562806,546364,519248,534481,273163,500599,407713,362241,337688,294171,303289,293846,276731,287433,109658,273198,370211,430612,469420,486138,501471,510449,512208,516662,54632,143825,196602,229729,251320,259890,268569,273624,274245,276882,
AMBP,9537827,6212075,3325752,4124664,2204300,385151,956778,788639,688846,624243,590598,549510,543981,543862,540467,188261,515394,425061,371592,336373,318609,294043,292064,292990,291365,77110,253043,360162,425898,465567,490573,502360,510684,517319,521948,37732,133264,191623,227616,249367,263215,269380,273916,277730,280457,
PIC,5549190,3740730,1808460,4290104330,4292616280,374073,374073,374073,374073,374073,374073,374073,374073,374073,374073,180846,180846,180846,180846,180846,180846,180846,180846,180846,180846,429010433,429010433,429010433,429010433,429010433,429010433,429010433,429010433,429010433,429010433,429261628,429261628,429261628,429261628,429261628,429261628,429261628,429261628,429261628,429261628,
EWMA,15814213,10362375,5451838,7016372,3671800,1413455,1389480,1175019,1035978,965858,912318,892718,861917,864205,851427,631819,761219,639106,559036,519748,488389,478092,459191,461593,453645,282691,504048,638242,717789,767402,796385,815651,824904,832764,836496,126363,253334,330488,376197,404907,421603,432900,438158,442845,445005,
SW,15551581,10149936,5401645,7216851,3842667,1680398,305033,458689,865318,1140021,1142483,1139524,1136837,1139802,1141831,894100,165853,242973,459561,606486,608179,606173,604288,606334,607698,1376936,1224117,814707,543013,543013,543013,543013,543013,543013,543013,729339,652785,434309,289462,289462,289462,289462,289462,289462,289462,
AFC,15568576,10165852,5402724,6821240,3621733,998355,1478099,1226796,1079941,972941,922739,897065,873644,865397,850875,512169,790012,655400,577207,517782,491491,478580,465530,461659,452894,199671,455356,609644,703703,757550,790587,811882,824234,832466,836147,102433,239948,323038,373871,402653,420420,432052,438747,443329,445242,
AMBP,15438450,10075694,5362756,6727203,3578963,793167,1522073,1257358,1088235,981706,943172,895137,873041,858012,863793,414950,811495,671061,579904,521904,504052,476738,464841,456466,461345,158713,431385,596579,694910,752269,790449,811386,823717,830576,837219,83070,228755,317216,369753,400183,420956,432112,438657,442218,446043,
PIC,12002630,7884560,4118070,4284717350,4289613790,788456,788456,788456,788456,788456,788456,788456,788456,788456,788456,411807,411807,411807,411807,411807,411807,411807,411807,411807,411807,428471735,428471735,428471735,428471735,428471735,428471735,428471735,428471735,428471735,428471735,428961379,428961379,428961379,428961379,428961379,428961379,428961379,428961379,428961379,428961379,
EWMA,15481988,10162941,5319047,6872817,3576126,1384621,1334733,1189439,1028698,890473,930307,882920,794967,883551,843232,612413,724664,648781,554303,469539,500389,471539,414610,474566,448243,276924,488485,628675,708679,745037,782091,802256,800798,817348,822524,122482,242918,324090,370132,390013,412088,423978,422104,432596,435725,
SW,15050865,9849412,5201453,6938806,3657394,1686229,188950,491262,884246,978722,1152623,1158866,996531,1156506,1155477,898030,88416,264679,472222,499009,614914,619063,510846,617493,616781,1313403,1186187,788814,521486,521486,521486,521486,521486,521486,521486,687069,627541,417042,275106,275106,275106,275106,275106,275106,275106,
AFC,14833435,9724482,5108953,6568217,3453375,885396,1505234,1243531,919793,1012931,940380,732987,913002,879475,691753,436846,808157,666660,470518,544470,503254,369276,491941,470993,346838,177079,442710,602874,666257,735591,776548,767836,796869,813390,789063,87369,231526,318552,348945,388050,411090,402728,420570,430654,413891,
AMBP,14815312,9702256,5113056,166650121,88274855,877332,1506920,1118308,1097093,1000943,807687,928200,893877,735948,735948,471110,801419,578359,585833,534781,413812,498849,478691,375101,375101,175546,441820,577117,681112,745078,757599,791719,812150,80833990,80833990,94302,235725,304251,360567,395409,399089,419041,430971,42817750,42817750,
PIC,25599720,16715410,8884310,4273237250,4283417680,1671541,1671541,1671541,1671541,1671541,1671541,1671541,1671541,1671541,1671541,888431,888431,888431,888431,888431,888431,888431,888431,888431,888431,427323725,427323725,427323725,427323725,427323725,427323725,427323725,427323725,427323725,427323725,428341768,428341768,428341768,428341768,428341768,428341768,428341768,428341768,428341768,428341768,
EWMA,15823288,10367342,5455946,7018994,3673976,1418685,1387988,1179367,1037827,959637,915375,886177,865978,854493,861815,635401,760128,642061,560274,515731,490593,473840,461941,455254,460723,283737,504587,639543,719199,767286,796903,814757,825001,830899,837082,127080,253689,331363,377145,404862,422008,432374,438287,441680,445488,
SW,15534629,10138968,5395661,7191142,3825929,1688945,301776,454354,861924,1140504,1141566,1137057,1144508,1137568,1130766,899988,163608,240082,457374,606982,607674,604650,609640,605094,600569,1375790,1224870,815025,539351,539351,539351,539351,539351,539351,539351,728784,653439,434559,287021,287021,287021,287021,287021,287021,287021,
AFC,15482485,10113603,5368882,6791052,3602306,1003692,1472493,1207050,1074133,978336,908012,907139,872237,844966,845545,515749,786376,642302,573587,521596,481721,485420,464749,448005,449377,200738,455089,605481,699211,755036,785631,809932,822393,826907,830634,103149,239794,320295,370953,401081,417209,430851,437630,439705,441639,
AMBP,15340847,10016591,5324256,6688686,3553827,780846,1511197,1253733,1094887,970359,931487,901766,861748,856315,854253,406844,804237,668708,584434,514493,496408,481200,457390,455409,455133,156249,427238,592537,693007,748477,785079,808416,819082,826528,832073,81448,226005,314545,368522,397716,417454,430203,435640,439593,442701,
PIC,12120600,7955430,4165170,4284625220,4289552560,795543,795543,795543,795543,795543,795543,795543,795543,795543,795543,416517,416517,416517,416517,416517,416517,416517,416517,416517,416517,428462522,428462522,428462522,428462522,428462522,428462522,428462522,428462522,428462522,428462522,428955256,428955256,428955256,428955256,428955256,428955256,428955256,428955256,428955256,428955256,
EWMA,15510710,10179699,5331011,6890065,3588223,1415891,1252227,1200648,1066156,972899,916833,877248,737430,875952,864415,633608,669715,656352,579248,524469,491579,467817,376333,469511,462379,283178,476987,621719,710606,763064,793817,810503,795888,811900,822403,126721,235319,319525,371469,402069,419971,429540,418898,429020,435691,
SW,14811034,9705337,5105697,7104794,3767920,1691529,297790,464663,854214,919106,1129365,1137258,950717,1128409,1132286,901608,160967,246947,452168,459233,599491,604668,480392,598844,601379,1294959,1219618,817994,538889,538889,538889,538889,538889,538889,538889,674743,649812,436507,286694,286694,286694,286694,286694,286694,286694,
AFC,14617633,9595018,5022615,6468230,3386745,753414,1529271,1263835,905882,1016328,941576,713972,919446,878652,672642,348962,824179,680161,461275,546755,504043,356569,496141,470447,334083,150682,426399,593886,656285,728293,770949,759554,791532,808956,781694,69792,220669,312567,342308,383197,407366,397207,416993,427683,408963,
AMBP,14597039,9571385,5025654,165158835,87274425,879808,1516084,829804,1159557,1030765,836221,920078,892580,753244,753244,472717,807458,386072,627522,554642,432773,493274,477826,386685,386685,176041,444049,521200,648871,725249,747443,781970,804092,80154960,80154960,94623,237190,266966,339077,382190,392306,412499,425564,42362005,42362005,
PIC,25410590,16602370,8808220,4273384200,4283516590,1660237,1660237,1660237,1660237,1660237,1660237,1660237,1660237,1660237,1660237,880822,880822,880822,880822,880822,880822,880822,880822,880822,880822,427338420,427338420,427338420,427338420,427338420,427338420,427338420,427338420,427338420,427338420,428351659,428351659,428351659,428351659,428351659,428351659,428351659,428351659,428351659,428351659,
EWMA,15837953,10376562,5461391,7027949,3679504,1405071,1397119,1180563,1039900,979402,908727,882338,868781,864989,849672,626219,766150,642813,561735,528680,486104,471199,463821,462172,452498,281014,504235,639500,719580,771544,798980,815651,826277,834019,837149,125243,253424,331301,377387,407645,423336,432908,439090,443706,445464,
SW,15541330,10143527,5397803,7226404,3849072,1686814,308075,456745,867034,1140731,1137191,1128755,1133554,1149956,1134672,898410,167863,241632,460757,606996,604677,599059,602252,613208,602949,1374335,1227201,817211,543951,543951,543951,543951,543951,543951,543951,727639,654877,435968,290084,290084,290084,290084,290084,290084,290084,
AFC,15542614,10150125,5392489,6811295,3615310,987608,1479543,1229217,1071959,982825,928937,886309,879214,847974,856539,505064,790982,657105,571882,524397,495620,471459,469360,449970,456650,197521,453925,608983,701578,757827,792049,810901,824563,829245,834703,101012,239006,322625,372476,402860,421412,431421,439008,441200,444290,
AMBP,15418618,10063598,5355020,6717276,3572565,789139,1517039,1260859,1082142,990132,929525,894899,879319,859405,861139,412249,808164,673382,575967,527614,494990,476593,469040,457387,459634,157907,429733,595958,693194,752581,787969,809355,823347,830558,836674,82529,227656,316801,368634,400430,419342,430792,438441,442230,445710,
PIC,11925510,7838550,4086960,4284777160,4289654230,783855,783855,783855,783855,783855,783855,783855,783855,783855,783855,408696,408696,408696,408696,408696,408696,408696,408696,408696,408696,428477716,428477716,428477716,428477716,428477716,428477716,428477716,428477716,428477716,428477716,428965423,428965423,428965423,428965423,428965423,428965423,428965423,428965423,428965423,428965423,
EWMA,15736816,10315926,5420890,6990087,3654137,1401140,1395155,1175705,1036187,961951,903394,875690,863799,861818,841087,623544,764824,639529,559075,517180,482519,466769,460499,460124,446827,280228,503213,637711,717406,766315,793730,810122,820857,829049,831456,124708,252731,330090,375887,404145,419819,429209,435467,440398,441683,
SW,15248323,9967714,5280609,7031275,3719317,1674265,226683,479741,874305,1053799,1144891,1145500,1063569,1144245,1160716,890058,113678,257065,465543,549059,609704,610227,555631,609336,620308,1356124,1193218,793563,526910,526910,526910,526910,526910,526910,526910,715491,632225,420267,278762,278762,278762,278762,278762,278762,278762,
AFC,14022807,9237882,4784925,6259871,3248089,764934,1520832,1241604,718542,1052207,968872,551050,953621,921915,544305,356553,818595,665369,336475,570816,522306,248024,518872,499343,248572,152986,426555,589564,615359,702728,755956,714975,762704,794546,744498,71310,220767,309687,315044,366198,397419,367540,397806,418113,384205,
AMBP,12062049,8068089,3993960,359449682,188055558,910850,1490762,813610,1159291,1032511,532213,532213,532213,532213,532213,493329,790662,375304,627385,555905,230275,230275,230275,230275,230275,182250,443952,517883,646164,723433,71387200,71387200,71387200,71387200,71387200,98745,237128,264763,337287,381010,37347325,37347325,37347325,37347325,37347325,
PIC,25631350,16734280,8897070,4273212710,4283401090,1673428,1673428,1673428,1673428,1673428,1673428,1673428,1673428,1673428,1673428,889707,889707,889707,889707,889707,889707,889707,889707,889707,889707,427321271,427321271,427321271,427321271,427321271,427321271,427321271,427321271,427321271,427321271,428340109,428340109,428340109,428340109,428340109,428340109,428340109,428340109,428340109,428340109,
EWMA,15023687,9293381,5730306,6284013,3859614,1236767,1237455,1056630,946957,866584,824925,801097,784610,771337,767019,674040,787255,668193,596005,542953,515510,499840,488964,480179,477367,247353,445373,567624,643490,688108,715471,732596,742998,748665,752335,134808,265297,345876,395901,425311,443350,454648,461511,465244,467668,
SW,14416371,8895551,5520820,6270607,3889652,1516251,160220,447553,802057,896186,1043647,1049536,900260,1040594,1039247,943006,95502,279492,499500,551415,649703,653619,554143,647672,646768,1209793,1063205,708008,469943,469943,469943,469943,469943,469943,469943,750015,659818,439333,291498,291498,291498,291498,291498,291498,291498,
AFC,13023714,8061619,4962095,5492709,3384114,581928,1396209,1137526,552606,985639,895405,397109,898344,847436,369417,342021,872150,709569,325677,617791,559788,228980,563786,530308,212025,116385,372349,525384,530828,621790,676513,620633,676175,710427,642225,68404,229153,325236,325324,383817,419011,381005,417561,440110,394493,
AMBP,12309133,7634961,4674172,328192602,203308335,874451,1334797,792051,1032889,913878,537379,537379,537379,537379,537379,548806,828815,477905,644882,569449,320863,320863,320863,320863,320863,174970,406935,483958,593744,657770,65175045,65175045,65175045,65175045,65175045,109841,253635,298489,367767,408103,40374100,40374100,40374100,40374100,40374100,
PIC,24470840,15089460,9381380,4275350980,4282771480,1508946,1508946,1508946,1508946,1508946,1508946,1508946,1508946,1508946,1508946,938138,938138,938138,938138,938138,938138,938138,938138,938138,938138,427535098,427535098,427535098,427535098,427535098,427535098,427535098,427535098,427535098,427535098,428277148,428277148,428277148,428277148,428277148,428277148,428277148,428277148,428277148,428277148,
EWMA,15037311,9301574,5735737,6294269,3866431,1235972,1260589,1057061,942364,868265,824741,794761,779251,767591,770979,673502,802653,668505,592929,544073,515406,495583,485401,477693,479992,247194,449873,571310,645520,690069,717003,732554,741893,747032,751821,134700,268290,348333,397252,426616,444374,454615,460772,464156,467323,
SW,14060749,8682181,5378568,6116861,3787264,1512752,79867,476812,824502,793081,1047017,1050491,794030,1053474,1050155,940660,41967,299000,514471,482696,651938,654244,483357,656231,654004,1169863,1034430,689810,460394,460394,460394,460394,460394,460394,460394,723396,640637,427209,285146,285146,285146,285146,285146,285146,285146,
AFC,13202527,8168967,5033560,5544814,3418786,568248,1398210,1144492,610081,967228,888026,452322,880469,831364,428527,332883,873473,714223,363961,605521,554878,265756,551868,519612,251385,113649,370561,525347,542293,627280,679429,634008,683300,712912,656035,66576,227955,325208,332958,387470,420951,389912,422303,441764,403689,
AMBP,13198329,8168534,5029795,334158755,207283870,852081,1343285,884177,1013699,912552,632548,632548,632548,632548,632548,533893,834480,539269,632097,568571,384297,384297,384297,384297,384297,170496,405053,500877,603441,665263,66362725,66362725,66362725,66362725,66362725,106858,252382,309759,374226,413095,41165510,41165510,41165510,41165510,41165510,
PIC,24446350,15074760,9371590,4275370090,4282784210,1507476,1507476,1507476,1507476,1507476,1507476,1507476,1507476,1507476,1507476,937159,937159,937159,937159,937159,937159,937159,937159,937159,937159,427537009,427537009,427537009,427537009,427537009,427537009,427537009,427537009,427537009,427537009,428278421,428278421,428278421,428278421,428278421,428278421,428278421,428278421,428278421,428278421,
EWMA,14937464,9241656,5695808,6247429,3835204,1209825,1238483,1064731,938979,867238,820697,789663,777133,768726,766181,656083,787926,673606,590665,543384,512706,492216,483966,478447,476809,241965,441268,565960,640563,685898,712857,728218,738001,744146,748553,131216,262558,344767,393946,423833,441607,451728,458175,462229,465145,
SW,14684259,9056327,5627932,6476778,4027077,1502540,267537,422140,775302,1016472,1010683,1015601,1016015,1017876,1012161,933863,167025,262541,481700,631570,627728,630994,631285,632530,628696,1236717,1091040,730739,488326,488326,488326,488326,488326,488326,488326,767954,678362,454476,303755,303755,303755,303755,303755,303755,303755,
AFC,14776383,9113375,5663008,6116929,3800105,899269,1335751,1104518,955284,870439,830050,799834,777308,772223,768699,553528,831833,687577,594029,541015,516222,497375,483132,480181,478116,179853,411032,549729,630840,678759,709017,727180,737205,744208,749106,110705,254930,341459,391973,421781,440669,452010,458234,462623,465721,
AMBP,14610946,9010563,5600383,6015242,3738268,731075,1353708,1115927,975223,871028,833270,801430,780956,775713,772233,453266,841414,693732,606452,540878,518078,498240,485437,482457,480429,146295,387777,533407,621770,671621,703950,723446,734948,743101,748927,90733,240869,331441,386443,417330,437479,449631,456792,461925,465625,
PIC,12006250,7408870,4597380,4285335750,4288990680,740887,740887,740887,740887,740887,740887,740887,740887,740887,740887,459738,459738,459738,459738,459738,459738,459738,459738,459738,459738,428533575,428533575,428533575,428533575,428533575,428533575,428533575,428533575,428533575,428533575,428899068,428899068,428899068,428899068,428899068,428899068,428899068,428899068,428899068,428899068,
EWMA,14914152,9227635,5686517,6238021,3828971,1201239,1235055,1057034,944860,870047,824740,785507,779116,772815,757222,650369,785666,668468,594595,545263,515389,489447,485307,481177,470836,240247,439208,562773,639190,685361,713236,727690,737975,744943,747398,130073,261191,342646,393035,423480,441861,451378,458163,462765,464379,
SW,14706913,9069895,5637018,6455701,4013064,1495574,273809,416721,766440,1028272,1025572,1007028,1024692,1016146,1015641,929224,171202,258945,475787,639447,637651,625288,637056,631380,631038,1236128,1091273,728701,485657,485657,485657,485657,485657,485657,485657,767573,678521,453124,301978,301978,301978,301978,301978,301978,301978,
AFC,14740347,9091704,5648643,6099020,3788214,887507,1335808,1086417,962790,879914,819348,800104,784635,767749,767432,545704,831883,675511,599048,547340,509107,497556,488004,477208,477282,177501,409162,544613,628248,678581,706734,725408,737253,743352,748168,109140,253688,338052,390251,421668,439155,450835,458268,462056,465101,
AMBP,14621744,9017013,5604731,6031396,3749065,742304,1357954,1121025,975048,878793,837534,795365,773884,771709,763397,460710,844260,697157,606349,546066,520912,494212,480737,479793,474535,148540,390422,536542,624243,675153,707629,725176,734917,742275,746499,92222,242629,333534,388097,419690,439934,450789,456778,461381,464011,
PIC,12250640,7555510,4695130,4285145120,4288863610,755551,755551,755551,755551,755551,755551,755551,755551,755551,755551,469513,469513,469513,469513,469513,469513,469513,469513,469513,469513,428514512,428514512,428514512,428514512,428514512,428514512,428514512,428514512,428514512,428514512,428886361,428886361,428886361,428886361,428886361,428886361,428886361,428886361,428886361,428886361,
EWMA,9408386,6179878,3228508,4159663,2152936,711817,875163,719054,621607,586820,564967,535858,520017,531506,513069,255818,491036,396760,337594,317910,305429,287291,277479,285609,273582,142363,288923,374949,424280,456788,478423,489910,495931,503046,505050,51163,139137,190661,220047,239619,252781,259683,263242,267715,268888,
SW,9280118,6061087,3219031,4371279,2331040,996297,234362,271465,494461,693385,693321,650093,681856,693313,652534,528095,133580,143132,259064,369840,369808,340992,362151,369792,342577,788171,748397,500708,333429,333429,333429,333429,333429,333429,333429,411982,400645,268269,178592,178592,178592,178592,178592,178592,178592,
AFC,9466446,6176435,3290011,4141468,2203604,544811,939735,757181,675773,603418,533777,543468,542946,502306,533020,270853,508855,406967,364598,323488,281395,290398,291599,265402,286456,108962,275116,371529,432377,466585,480023,492712,502758,502668,508738,54170,145107,197479,230902,249419,255814,262730,268503,267883,271597,
AMBP,9373704,6113612,3260092,4042695,2149671,381143,946135,779556,665873,596715,561222,558901,515053,545386,563628,185616,508292,418995,356280,318011,299042,300306,272765,294012,306773,76308,250273,356129,418077,453804,475287,492009,496617,506370,517821,37203,131420,188935,222404,241525,253028,262483,264539,270433,277701,
PIC,5261240,3568030,1693210,4290328840,4292766110,356803,356803,356803,356803,356803,356803,356803,356803,356803,356803,169321,169321,169321,169321,169321,169321,169321,169321,169321,169321,429032884,429032884,429032884,429032884,429032884,429032884,429032884,429032884,429032884,429032884,429276611,429276611,429276611,429276611,429276611,429276611,429276611,429276611,429276611,429276611,
EWMA,14514966,8988149,5526817,6079664,3723391,1251769,1046631,1102186,953687,885274,809274,785065,572556,804159,777548,684002,660073,698598,600469,555419,505065,489149,347631,502063,484348,250353,409608,548123,629235,680442,706208,721979,692094,714507,727115,136800,241454,332882,386399,420203,437175,447569,427581,442477,450851,
SW,14035140,8666803,5368337,6184795,3832431,1500473,139230,456999,799809,821459,1035718,1026834,823417,1026280,1036584,932483,81493,285787,498013,501627,644435,638487,502903,638125,644984,1179697,1048775,698901,465346,465346,465346,465346,465346,465346,465346,729967,650193,433254,288431,288431,288431,288431,288431,288431,288431,
AFC,13707210,8471776,5235434,5675137,3505686,474761,1414706,1141455,806842,923118,853154,638400,816904,801129,601307,270601,884473,712188,495104,576123,531628,389775,509533,499460,366549,94952,358902,515412,573698,643582,685496,676077,704242,723619,699157,54120,220190,318589,353892,398338,424996,417952,436268,448906,432435,
AMBP,13962943,8621665,5341278,76751708,47578836,613361,1379140,966718,999893,894512,770742,754115,811856,720855,710473,374779,858392,594315,622879,556539,476401,466730,506029,445915,439299,122752,374029,492566,594031,654127,677450,692783,716597,717448,71709925,75035,231706,304227,367957,405673,419818,429200,444565,444835,44455820,
PIC,24252010,14958240,9293770,4275521570,4282885380,1495824,1495824,1495824,1495824,1495824,1495824,1495824,1495824,1495824,1495824,929377,929377,929377,929377,929377,929377,929377,929377,929377,929377,427552157,427552157,427552157,427552157,427552157,427552157,427552157,427552157,427552157,427552157,428288538,428288538,428288538,428288538,428288538,428288538,428288538,428288538,428288538,428288538,
EWMA,14953982,9251578,5702404,6263399,3845854,1220229,1253413,1065074,938957,860964,817812,795738,776860,763002,759529,663021,797855,673838,590654,539227,510764,496281,483786,474627,472351,244045,445918,569749,643590,687064,713213,729718,739146,743917,747039,132604,265654,347290,395962,424615,441844,452731,458942,462079,464133,
SW,14729622,9083572,5646050,6443063,4004617,1512774,262472,411278,773231,1020569,1018582,1017512,1020524,1017001,1029629,940683,163652,255315,480305,634308,632991,632267,634269,631916,640344,1243233,1094700,728841,482327,482327,482327,482327,482327,482327,482327,772302,680799,453217,299757,299757,299757,299757,299757,299757,299757,
AFC,14726045,9083173,5642872,6096445,3786444,897470,1323676,1096982,955330,877741,828636,794019,775039,767466,766814,552325,823793,682555,594046,545882,515288,493492,481588,477027,476876,179494,408330,546060,627914,677879,708030,725227,735189,741644,746678,110465,253130,339015,390021,421193,440012,450708,456884,460912,464104,
AMBP,14603687,9006204,5597483,6015709,3738586,738788,1357414,1101848,974299,878332,831636,796039,790573,770463,766812,458410,843872,684360,605828,545760,516974,494665,491838,478960,476816,147837,389752,532171,620596,672143,704041,722440,736066,742945,747718,91762,242184,330619,385660,417680,437538,448963,457538,461822,464820,
PIC,12010790,7411610,4599180,4285332190,4288988340,741161,741161,741161,741161,741161,741161,741161,741161,741161,741161,459918,459918,459918,459918,459918,459918,459918,459918,459918,459918,428533219,428533219,428533219,428533219,428533219,428533219,428533219,428533219,428533219,428533219,428898834,428898834,428898834,428898834,428898834,428898834,428898834,428898834,428898834,428898834,
EWMA,14434794,8940004,5494790,6026243,3687824,1218984,972583,1121187,975919,889005,831929,799755,511229,818528,800885,662206,610692,711230,615295,557921,520173,498939,306789,511628,499917,243796,389553,535879,623887,676910,707913,726281,683270,710321,728433,132441,228091,324718,382833,417850,438314,450439,421709,439692,451737,
SW,14079519,8693428,5386091,6043925,3738601,1523220,50190,483431,822605,800443,1053495,1055824,802992,1052376,1048852,947637,22174,303420,513195,487626,656247,657808,489335,655497,653152,1168515,1025271,685614,452075,452075,452075,452075,452075,452075,452075,722496,634523,424410,279596,279596,279596,279596,279596,279596,279596,
AFC,13619135,8418953,5200182,5642829,3484129,424041,1425823,1163949,787290,931715,860510,610964,838162,799839,576660,236817,891873,727177,482047,581870,536529,371467,523685,498598,350119,84808,353011,515198,569616,642035,685730,670777,704254,723371,694029,47363,216265,318447,351167,397307,425151,414415,436269,448734,429011,
AMBP,14114027,8712538,5401489,148578641,92199284,626529,1382412,1068119,1001164,897969,757554,756991,803166,709317,709317,383539,860538,661904,623743,558852,467630,468637,500226,438210,438210,125385,376790,515055,612276,669414,687042,701031,721458,72085095,72085095,76787,233537,319210,380116,415863,426216,434700,447805,44732525,44732525,
PIC,22423480,13861000,8562480,4276947980,4283836050,1386100,1386100,1386100,1386100,1386100,1386100,1386100,1386100,1386100,1386100,856248,856248,856248,856248,856248,856248,856248,856248,856248,856248,427694798,427694798,427694798,427694798,427694798,427694798,427694798,427694798,427694798,427694798,428383605,428383605,428383605,428383605,428383605,428383605,428383605,428383605,428383605,428383605,
EWMA,13926072,8634778,5291294,5773620,3519400,1255751,905953,1132476,977183,452067,919130,851399,464237,859913,816669,686679,566278,718758,616125,266709,578298,533358,275435,539220,510434,251150,382110,532183,621183,587359,653713,693250,647447,689940,715285,137335,223123,322250,381025,358161,402188,428422,397824,426103,442969,
SW,21201766,12957791,8243975,9709032,6179206,1505413,1566872,448025,1833473,449247,1981124,601330,1985123,595316,1991868,935771,1033654,287329,1211296,288141,1264471,344286,1267139,340252,1271636,1061886,1061886,1061886,1061886,910248,910248,910248,910248,910248,910248,651418,651418,651418,651418,595589,595589,595589,595589,595589,595589,
AFC,12099761,7510419,4589342,4841417,2944739,548344,676369,1206475,1088801,237375,923525,926580,134087,872076,896787,309015,394522,756811,683753,119543,578818,582004,54533,546826,563517,109668,223008,419701,553521,490292,576938,646866,544311,609864,667248,61803,128346,254039,339981,295894,352478,398383,329613,373055,411147,
AMBP,11830348,7344248,4486100,258970723,159701100,197729,1258699,1220295,734628,764994,940167,556934,556934,556934,556934,97820,778075,763285,446127,470231,589294,335317,335317,335317,335317,39625,283439,470810,523573,571857,645519,64108975,64108975,64108975,64108975,19644,171330,289721,321002,350847,398536,39537505,39537505,39537505,39537505,
PIC,21256370,13160620,8095750,4277858470,4284442800,1316062,1316062,1316062,1316062,1316062,1316062,1316062,1316062,1316062,1316062,809575,809575,809575,809575,809575,809575,809575,809575,809575,809575,427785847,427785847,427785847,427785847,427785847,427785847,427785847,427785847,427785847,427785847,428444280,428444280,428444280,428444280,428444280,428444280,428444280,428444280,428444280,428444280,
EWMA,15037892,9301947,5735945,6299859,3870125,1263715,1247905,1056576,938390,869826,820266,790190,779672,769642,765765,691977,794186,668188,590279,545117,512424,492541,485664,479068,476501,252743,451775,572735,645866,690658,716579,731301,740975,746708,750519,138395,269553,349280,397479,427006,444089,453779,460156,463938,466450,
SW,14230483,8784027,5446456,6196645,3840424,1510377,128153,458954,810434,849063,1043544,1043641,849752,1044974,1045135,939087,74124,287093,505120,519992,649635,649692,520455,650570,650688,1188135,1048420,699161,465847,465847,465847,465847,465847,465847,465847,735579,649957,433435,288779,288779,288779,288779,288779,288779,288779,
AFC,12565235,7786546,4778689,5328227,3274445,494326,1410949,1158347,446901,1006378,914030,304443,918345,854239,278588,283641,881964,723442,255194,631613,572209,167197,577111,534848,151470,98865,361281,520694,505936,606024,667625,594989,659660,698575,614578,56728,221775,322108,308726,373303,413084,363907,406547,432207,376060,
AMBP,12328215,7646396,4681819,328982174,203835270,889521,1332621,801694,1023183,918947,536086,536086,536086,536086,536086,558839,827377,484351,638402,572830,320004,320004,320004,320004,320004,177984,408911,487467,594610,659477,65330745,65330745,65330745,65330745,65330745,111847,254953,300832,368346,409242,40478010,40478010,40478010,40478010,40478010,
PIC,24455100,15080040,9375060,4275363230,4282779700,1508004,1508004,1508004,1508004,1508004,1508004,1508004,1508004,1508004,1508004,937506,937506,937506,937506,937506,937506,937506,937506,937506,937506,427536323,427536323,427536323,427536323,427536323,427536323,427536323,427536323,427536323,427536323,428277970,428277970,428277970,428277970,428277970,428277970,428277970,428277970,428277970,428277970,
EWMA,15002236,9280510,5721726,6273499,3852601,1217825,1245901,1061193,939211,871561,825441,793232,788559,772895,764692,661424,792871,671247,590820,546266,515873,494603,491581,481237,475804,243565,444032,567464,641813,687762,715297,730884,742419,748514,751749,132284,264401,345770,394780,425077,443236,453509,461123,465145,467276,
SW,14698894,9065132,5633762,6467743,4021134,1491850,276583,414593,771566,1021477,1024831,1006127,1027166,1022987,1007952,926723,173064,257544,479200,634908,637150,624668,638714,635907,625884,1235154,1091847,727675,487581,487581,487581,487581,487581,487581,487581,766910,678897,452444,303269,303269,303269,303269,303269,303269,303269,
AFC,14737935,9090331,5647604,6102436,3790405,900788,1331979,1086060,960189,883424,812947,803542,783274,761461,766667,554509,829326,675253,597282,549695,504834,499829,487095,473016,476765,180157,410521,545628,628540,679516,706202,725670,737190,742044,746968,110901,254586,338719,390431,422283,438793,451000,458219,461178,464295,
AMBP,14685576,9055356,5630220,6050615,3761828,749913,1358987,1122135,971806,881286,835540,803696,783037,774928,774028,465806,844929,697881,604169,547721,519587,499746,486822,481929,481630,150062,391847,537904,624684,676004,707911,727068,738261,745594,751280,93241,243578,334438,388384,420251,440118,452043,458998,463584,467193,
PIC,11984840,7395960,4588880,4285352530,4289001730,739596,739596,739596,739596,739596,739596,739596,739596,739596,739596,458888,458888,458888,458888,458888,458888,458888,458888,458888,458888,428535253,428535253,428535253,428535253,428535253,428535253,428535253,428535253,428535253,428535253,428900173,428900173,428900173,428900173,428900173,428900173,428900173,428900173,428900173,428900173,
EWMA,14374079,8903572,5470507,5987625,3662069,1243263,1034800,1093756,970289,664885,872772,827707,584919,819844,791337,678323,652192,692968,611544,408528,547408,517580,355876,512535,493553,248652,405881,543456,628822,636034,683381,712246,686780,713392,728981,135664,238969,329768,386123,390604,421964,441087,424044,441742,452104,
SW,15561232,9729964,5831268,7678759,5414122,1515988,1899560,410792,1896254,417043,81665,712075,1100477,589014,1107096,942841,1255350,262504,1253161,266673,266673,344952,340733,276549,621832,1089508,1089508,1089508,1089508,908030,798321,403594,403594,403594,403594,669856,669856,669856,669856,594113,594113,594113,317453,317453,317453,
AFC,13970293,8650884,5319409,5756983,3525384,963161,1031931,1142772,998672,596807,899330,845279,519369,845787,807776,525934,643423,721499,627989,361687,564217,528738,311904,529612,504406,192632,360491,516947,613292,609995,667862,703345,666550,702397,723472,105186,212833,314566,377250,374138,412153,435470,410757,434528,448503,
AMBP,14368389,8864903,5503486,78856382,48981625,694064,1370404,1116440,917795,894253,841188,743029,802235,778722,706773,428747,852524,694063,568194,556358,523356,459339,499620,484452,436833,138892,385194,531443,608713,665821,700894,709321,727903,738066,73650135,85829,239168,330147,377756,413476,435452,440229,452107,458576,45748885,
PIC,25933400,15499810,10433590,4274817530,4281403610,1549981,1549981,1549981,1549981,1549981,1549981,1549981,1549981,1549981,1549981,1043359,1043359,1043359,1043359,1043359,1043359,1043359,1043359,1043359,1043359,427481753,427481753,427481753,427481753,427481753,427481753,427481753,427481753,427481753,427481753,428140361,428140361,428140361,428140361,428140361,428140361,428140361,428140361,428140361,428140361,
EWMA,20477960,12310316,8167644,8351147,5528071,1745243,1636644,1385728,1230178,1136853,1080684,1046931,1025694,1014906,1007455,1081238,1107988,934014,826305,761705,722813,699431,684766,677273,672111,349048,606567,762399,855954,912133,945843,966060,977986,985370,989787,216247,394595,502478,567243,606135,629470,643462,651722,656832,659887,
SW,20040572,12022882,8017690,8536724,5692807,1992592,337618,551888,1031618,1351653,1351779,1351572,1351361,1351452,1351349,1328795,225068,368055,687973,901384,901475,901333,901189,901241,901177,1652820,1440580,960699,640375,640375,640375,640375,640375,640375,640375,1102289,960655,640639,427032,427032,427032,427032,427032,427032,427032,
AFC,20033362,12018544,8014818,8063775,5377517,1159136,1759917,1455459,1271786,1161732,1095567,1055748,1032225,1017914,1009060,773105,1173615,970575,848099,774714,730597,704045,688347,678821,672900,231827,537445,721047,831194,897301,936954,960712,975014,983594,988687,154621,358419,480850,554299,598382,624825,640669,650204,655927,659321,
AMBP,19740241,11842754,7897487,7891298,5262533,813274,1828682,1496405,1296822,1176676,1104121,1061380,1035441,1019353,1010600,542417,1219450,997867,864797,784662,736294,707805,690498,679764,673933,162734,495923,696019,816179,888278,931446,957432,973033,982297,987957,108563,330740,464165,544291,592365,621150,638481,648884,655060,658834,
PIC,13574550,8143380,5431170,4284380880,4287906760,814338,814338,814338,814338,814338,814338,814338,814338,814338,814338,543117,543117,543117,543117,543117,543117,543117,543117,543117,543117,428438088,428438088,428438088,428438088,428438088,428438088,428438088,428438088,428438088,428438088,428790676,428790676,428790676,428790676,428790676,428790676,428790676,428790676,428790676,428790676,
EWMA,20482445,12313027,8169418,8353523,5529628,1745111,1640769,1384928,1229468,1136683,1080606,1046831,1026755,1014680,1007196,1081148,1110703,933483,825826,761589,722761,699381,685479,677121,671927,349022,607371,762882,856199,912295,945957,966131,978255,985540,989871,216229,395123,502795,567401,606238,629542,643509,651903,656946,659942,
SW,20038879,12021848,8017031,8536797,5692822,1992487,337678,551808,1031605,1351247,1351846,1351593,1350735,1351450,1351399,1328732,225108,368000,687950,901114,901518,901354,900778,901258,901219,1653024,1440567,960658,640364,640364,640364,640364,640364,640364,640364,1102427,960649,640613,427019,427019,427019,427019,427019,427019,427019,
AFC,20031954,12017703,8014251,8063158,5377096,1158444,1760154,1455529,1271447,1161837,1095642,1055519,1032305,1017918,1008908,772647,1173766,970623,847866,774788,730639,703889,688409,678812,672812,231688,537381,721010,831097,897245,936924,960643,974975,983563,988632,154529,358376,480825,554233,598344,624803,640620,650177,655904,659285,
AMBP,19740979,11843198,7897781,7891513,5262666,812871,1828672,1496729,1296870,1176706,1104344,1061386,1035424,1019700,1010496,542144,1219441,998093,864828,784695,736424,707803,690491,679995,673867,162654,495857,696031,816198,888299,931508,957483,973071,982396,988016,108508,330694,464173,544304,592382,621190,638512,648907,655124,658872,
PIC,13565240,8137800,5427440,4284388140,4287911610,813780,813780,813780,813780,813780,813780,813780,813780,813780,813780,542744,542744,542744,542744,542744,542744,542744,542744,542744,542744,428438814,428438814,428438814,428438814,428438814,428438814,428438814,428438814,428438814,428438814,428791161,428791161,428791161,428791161,428791161,428791161,428791161,428791161,428791161,428791161,
EWMA,20483034,12313337,8169697,8353686,5529782,1745181,1640689,1385000,1229756,1136537,1080496,1046915,1026753,1014637,1007373,1081223,1110642,933540,826040,761496,722679,699437,685485,677096,672059,349036,607366,762892,856264,912318,945953,966145,978266,985540,989906,216244,395123,502806,567452,606260,629543,643521,651913,656949,659971,
SW,20040167,12022598,8017569,8539565,5694713,1992604,339126,551362,1031326,1351623,1351549,1351410,1351278,1351166,1351154,1328815,226066,367708,687781,901376,901317,901226,901152,901063,901065,1653222,1441077,961031,640605,640605,640605,640605,640605,640605,640605,1102566,960989,640863,427185,427185,427185,427185,427185,427185,427185,
AFC,20034753,12019354,8015399,8064342,5377913,1159792,1759853,1455397,1271815,1161684,1095578,1055902,1032153,1017872,1009308,773520,1173579,970548,848123,774689,730610,704150,688315,678788,673077,231958,537537,721109,831250,897336,936984,960767,975044,983609,988748,154704,358479,480892,554338,598408,624848,640708,650229,655940,659367,
AMBP,19741478,11843438,7898040,7891668,5262841,812527,1828878,1497012,1296808,1176646,1104591,1061339,1035363,1019811,1010463,541940,1219592,998277,864788,784665,736620,707776,690450,680083,673849,162585,495843,696076,816222,888306,931563,957518,973087,982431,988037,108468,330692,464209,544324,592392,621237,638544,648925,655156,658894,
PIC,13557210,8133010,5424200,4284394370,4287915820,813301,813301,813301,813301,813301,813301,813301,813301,813301,813301,542420,542420,542420,542420,542420,542420,542420,542420,542420,542420,428439437,428439437,428439437,428439437,428439437,428439437,428439437,428439437,428439437,428439437,428791582,428791582,428791582,428791582,428791582,428791582,428791582,428791582,428791582,428791582,
EWMA,9732317,6374254,3358063,4302000,2247815,776758,885569,740720,656279,591556,562572,561014,539897,534199,525690,299050,498011,411183,360718,321094,303833,304054,290727,287414,281979,155351,301394,389259,442663,472441,490467,504576,511640,516151,518058,59810,147450,200196,232300,250058,260813,269461,273714,276454,277559,
SW,9655939,6286600,3369339,4490309,2410448,1051207,213973,273253,534397,700530,715608,690841,712352,704127,690312,564707,120026,144329,285657,374589,384654,368142,382468,376981,367786,822441,771270,512811,340541,340541,340541,340541,340541,340541,340541,434826,415909,276354,183337,183337,183337,183337,183337,183337,183337,
AFC,9619447,6268220,3351227,4193948,2238600,558177,927455,770206,669124,600517,574746,559745,540156,536016,532078,279746,500657,415666,360165,321577,308688,301245,289774,287877,285832,111635,274799,373880,432928,466445,488105,502433,509977,515184,518562,55949,144890,199045,231269,249330,261201,269209,273322,276233,278152,
AMBP,9500147,6189431,3310716,4115200,2198055,382816,966294,787475,684336,608919,595729,552884,538497,542783,529698,186734,521754,424283,368600,326143,322056,296297,288416,292281,284152,76643,254573,361153,425789,462415,489077,501838,509169,515891,518652,37426,134291,192289,227551,247269,262226,269040,272915,276788,278260,
PIC,5653360,3803340,1850020,4290022940,4292562250,380334,380334,380334,380334,380334,380334,380334,380334,380334,380334,185002,185002,185002,185002,185002,185002,185002,185002,185002,185002,429002294,429002294,429002294,429002294,429002294,429002294,429002294,429002294,429002294,429002294,429256225,429256225,429256225,429256225,429256225,429256225,429256225,429256225,429256225,429256225,
EWMA,20482882,12313263,8169619,8353643,5529734,1745268,1640625,1384980,1229734,1136502,1080505,1046931,1026697,1014641,1007380,1081268,1110611,933505,826027,761462,722707,699439,685438,677091,672071,349053,607367,762889,856258,912306,945945,966142,978253,985530,989900,216253,395124,502800,567445,606248,629539,643519,651902,656939,659965,
SW,20040333,12022716,8017617,8539311,5694536,1992653,339089,551327,1031335,1351711,1351578,1351428,1351256,1351135,1351204,1328851,226042,367672,687792,901427,901341,901235,901122,901043,901092,1653133,1441067,961023,640584,640584,640584,640584,640584,640584,640584,1102508,960990,640855,427169,427169,427169,427169,427169,427169,427169,
AFC,20034680,12019328,8015352,8064310,5377869,1159581,1760050,1455384,1271817,1161659,1095592,1055925,1032148,1017846,1009326,773374,1173716,970535,848125,774665,730615,704170,688294,678768,673090,231916,537542,721110,831251,897332,936984,960772,975047,983606,988750,154674,358482,480892,554338,598403,624845,640710,650226,655934,659365,
AMBP,19741226,11843331,7897895,7891582,5262732,812324,1829063,1497045,1296750,1176624,1104565,1061309,1035385,1019799,1010467,541784,1219702,998309,864733,784642,736586,707755,690467,680069,673848,162544,495847,696086,816218,888299,931552,957503,973079,982423,988031,108436,330689,464213,544317,592382,621222,638528,648915,655145,658885,
PIC,13555970,8132280,5423690,4284395310,4287916480,813228,813228,813228,813228,813228,813228,813228,813228,813228,813228,542369,542369,542369,542369,542369,542369,542369,542369,542369,542369,428439531,428439531,428439531,428439531,428439531,428439531,428439531,428439531,428439531,428439531,428791648,428791648,428791648,428791648,428791648,428791648,428791648,428791648,428791648,428791648,
EWMA,20483056,12313350,8169706,8353700,5529791,1745268,1640501,1385033,1229731,1136586,1080563,1046937,1026741,1014632,1007358,1081283,1110538,933536,826026,761524,722727,699454,685475,677089,672054,349053,607342,762880,856250,912317,945966,966160,978276,985547,989909,216256,395112,502796,567442,606258,629551,643531,651919,656953,659973,
SW,20040561,12022841,8017720,8539595,5694745,1992661,339073,551372,1031363,1351692,1351557,1351436,1351262,1351197,1351228,1328854,226036,367710,687810,901417,901325,901248,901129,901081,901110,1653248,1441091,961035,640603,640603,640603,640603,640603,640603,640603,1102582,961001,640867,427185,427185,427185,427185,427185,427185,427185,
AFC,20034927,12019461,8015466,8064402,5377955,1159789,1759896,1455389,1271824,1161676,1095580,1055940,1032147,1017895,1009325,773512,1173609,970543,848137,774685,730611,704172,688307,678803,673087,231957,537544,721113,831255,897339,936987,960777,975051,983619,988760,154702,358483,480895,554343,598411,624851,640715,650233,655947,659375,
AMBP,19741584,11843513,7898071,7891734,5262874,812455,1829003,1497013,1296824,1176671,1104554,1061336,1035388,1019812,1010457,541884,1219668,998293,864799,784679,736589,707772,690468,680084,673835,162571,495857,696088,816235,888322,931568,957521,973094,982437,988041,108456,330698,464217,544333,592402,621239,638545,648929,655160,658895,
PIC,13555110,8131680,5423430,4284396090,4287916820,813168,813168,813168,813168,813168,813168,813168,813168,813168,813168,542343,542343,542343,542343,542343,542343,542343,542343,542343,542343,428439609,428439609,428439609,428439609,428439609,428439609,428439609,428439609,428439609,428439609,428791682,428791682,428791682,428791682,428791682,428791682,428791682,428791682,428791682,428791682,
EWMA,20482293,12312923,8169370,8353529,5529652,1745101,1640855,1385043,1229522,1136529,1080539,1046817,1026737,1014657,1007123,1081138,1110773,933558,825866,761489,722726,699362,685474,677107,671877,349020,607387,762918,856238,912296,945944,966118,978241,985524,989843,216227,395136,502820,567429,606241,629538,643502,651896,656938,659925,
SW,20037921,12021283,8016638,8538031,5693664,1992528,338240,551629,1031511,1351018,1351723,1351408,1350622,1351322,1351282,1328752,225487,367880,687890,900968,901436,901223,900705,901166,901131,1653171,1440841,960799,640460,640460,640460,640460,640460,640460,640460,1102526,960830,640706,427086,427086,427086,427086,427086,427086,427086,
AFC,20031648,12017514,8014134,8063009,5377004,1158201,1760338,1455522,1271299,1161866,1095656,1055512,1032312,1017942,1008866,772481,1173897,970624,847778,774803,730648,703879,688426,678822,672776,231640,537379,721007,831065,897225,936911,960631,974967,983562,988622,154496,358376,480825,554215,598332,624795,640611,650174,655903,659277,
AMBP,19741026,11843233,7897793,7891572,5262702,812781,1829087,1496490,1296804,1176706,1104431,1061389,1035400,1019633,1010512,542092,1219719,997925,864775,784695,736487,707806,690474,679941,673879,162636,495926,696038,816191,888294,931521,957494,973075,982386,988011,108498,330742,464178,544297,592376,621198,638519,648910,655116,658868,
PIC,13561790,8135650,5426140,4284390930,4287913300,813565,813565,813565,813565,813565,813565,813565,813565,813565,813565,542614,542614,542614,542614,542614,542614,542614,542614,542614,542614,428439093,428439093,428439093,428439093,428439093,428439093,428439093,428439093,428439093,428439093,428791330,428791330,428791330,428791330,428791330,428791330,428791330,428791330,428791330,428791330,
EWMA,20483038,12313350,8169688,8353710,5529803,1745132,1640763,1384946,1229786,1136542,1080534,1046903,1026764,1014633,1007347,1081168,1110724,933502,826056,761495,722713,699428,685477,677082,672043,349026,607373,762887,856266,912321,945963,966151,978273,985545,989905,216233,395131,502805,567455,606263,629553,643528,651917,656950,659968,
SW,20040389,12022749,8017640,8539488,5694654,1992660,339094,551378,1031326,1351667,1351588,1351390,1351260,1351188,1351198,1328853,226055,367715,687769,901397,901345,901211,901123,901080,901092,1653178,1441073,961044,640599,640599,640599,640599,640599,640599,640599,1102530,960990,640874,427180,427180,427180,427180,427180,427180,427180,
AFC,20034671,12019324,8015347,8064280,5377852,1159588,1759912,1455416,1271848,1161685,1095584,1055942,1032143,1017880,1009326,773379,1173616,970560,848143,774690,730609,704176,688298,678788,673088,231917,537516,721096,831246,897333,936983,960774,975047,983613,988755,154675,358463,480882,554334,598405,624845,640711,650228,655940,659369,
AMBP,19741538,11843500,7898038,7891720,5262844,812518,1828951,1497018,1296788,1176657,1104576,1061336,1035386,1019813,1010457,541914,1219635,998286,864770,784669,736600,707774,690468,680079,673843,162583,495856,696088,816228,888313,931565,957519,973092,982436,988040,108462,330696,464214,544325,592393,621234,638542,648927,655157,658894,
PIC,13556360,8132430,5423930,4284395120,4287916170,813243,813243,813243,813243,813243,813243,813243,813243,813243,813243,542393,542393,542393,542393,542393,542393,542393,542393,542393,542393,428439512,428439512,428439512,428439512,428439512,428439512,428439512,428439512,428439512,428439512,428791617,428791617,428791617,428791617,428791617,428791617,428791617,428791617,428791617,428791617,
EWMA,20477688,12310179,8167509,8351025,5527965,1745046,1637267,1385633,1230108,1135937,1080890,1046992,1026053,1014891,1007362,1081098,1108399,933937,826255,761085,722955,699484,685007,677251,672038,349009,606660,762454,855984,911974,945757,966004,978013,985388,989782,216219,394655,502511,567259,606024,629410,643424,651740,656842,659881,
SW,20037665,12021136,8016529,8537778,5693497,1992564,338646,551530,1031345,1350931,1351662,1351422,1350584,1351344,1351108,1328773,225755,367822,687780,900904,901396,901223,900666,901187,901023,1652425,1440891,960913,640507,640507,640507,640507,640507,640507,640507,1102021,960860,640783,427119,427119,427119,427119,427119,427119,427119,
AFC,20031867,12017656,8014211,8063085,5377045,1158376,1760251,1455488,1271382,1161842,1095664,1055449,1032294,1017947,1008963,772602,1173825,970591,847836,774788,730646,703850,688406,678828,672839,231675,537390,721009,831083,897234,936920,960625,974958,983555,988636,154520,358381,480823,554225,598337,624798,640608,650167,655899,659287,
AMBP,19741095,11843265,7897830,7891696,5262795,813435,1828824,1496615,1296718,1176609,1104142,1061414,1035434,1019530,1010544,542517,1219555,998018,864707,784640,736302,707819,690494,679878,673900,162767,495978,696105,816227,888303,931470,957458,973053,982348,987987,108583,330777,464225,544321,592384,621167,638497,648896,655092,658853,
PIC,13571650,8141620,5430030,4284383170,4287908240,814162,814162,814162,814162,814162,814162,814162,814162,814162,814162,543003,543003,543003,543003,543003,543003,543003,543003,543003,543003,428438317,428438317,428438317,428438317,428438317,428438317,428438317,428438317,428438317,428438317,428790824,428790824,428790824,428790824,428790824,428790824,428790824,428790824,428790824,428790824,
EWMA,20483078,12313371,8169707,8353734,5529810,1745342,1640562,1384918,1229791,1136591,1080547,1046923,1026700,1014638,1007359,1081316,1110590,933465,826054,761524,722727,699451,685441,677088,672051,349068,607366,762876,856259,912325,945969,966159,978267,985541,989904,216263,395128,502795,567446,606261,629554,643533,651914,656948,659968,
SW,20040513,12022823,8017690,8539618,5694713,1992668,339125,551370,1031342,1351630,1351525,1351403,1351309,1351241,1351210,1328859,226068,367704,687784,901375,901308,901220,901162,901119,901091,1653199,1441081,961054,640612,640612,640612,640612,640612,640612,640612,1102548,960993,640877,427185,427185,427185,427185,427185,427185,427185,
AFC,20034508,12019226,8015282,8064221,5377813,1159580,1759935,1455360,1271813,1161687,1095581,1055952,1032164,1017834,1009320,773381,1173634,970516,848128,774692,730605,704172,688320,678754,673080,231916,537519,721087,831232,897323,936974,960769,975048,983605,988748,154676,358467,480876,554326,598399,624840,640706,650228,655933,659362,
AMBP,19741397,11843432,7897965,7891684,5262798,812593,1828848,1497043,1296791,1176633,1104569,1061337,1035354,1019808,1010456,541968,1219565,998300,864774,784639,736596,707766,690449,680065,673843,162598,495848,696087,816227,888308,931560,957515,973082,982427,988032,108473,330691,464212,544324,592387,621228,638535,648917,655146,658885,
PIC,13553700,8130890,5422810,4284397120,4287917630,813089,813089,813089,813089,813089,813089,813089,813089,813089,813089,542281,542281,542281,542281,542281,542281,542281,542281,542281,542281,428439712,428439712,428439712,428439712,428439712,428439712,428439712,428439712,428439712,428439712,428791763,428791763,428791763,428791763,428791763,428791763,428791763,428791763,428791763,428791763,
EWMA,20483537,12313645,8169892,8353966,5529973,1745281,1640886,1385025,1229750,1136519,1080517,1046913,1026753,1014637,1007364,1081298,1110800,933538,826026,761477,722704,699435,685477,677083,672054,349056,607422,762942,856303,912346,945980,966166,978283,985553,989915,216259,395167,502841,567478,606277,629562,643536,651924,656955,659974,
SW,20040707,12022944,8017763,8539519,5694663,1992626,339018,551332,1031402,1351733,1351631,1351426,1351304,1351239,1351233,1328825,226000,367686,687825,901443,901373,901236,901153,901113,901109,1653322,1441117,960992,640584,640584,640584,640584,640584,640584,640584,1102622,961014,640837,427170,427170,427170,427170,427170,427170,427170,
AFC,20034831,12019423,8015408,8064381,5377911,1159586,1760099,1455381,1271813,1161682,1095586,1055923,1032158,1017894,1009301,773373,1173741,970540,848117,774686,730609,704157,688313,678801,673071,231917,537553,721118,831257,897342,936990,960776,975052,983620,988756,154674,358487,480897,554341,598410,624849,640710,650230,655944,659369,
AMBP,19741591,11843550,7898041,7891770,5262861,812348,1829238,1496999,1296778,1176662,1104560,1061330,1035366,1019801,1010468,541793,1219819,998277,864764,784668,736591,707763,690448,680069,673849,162549,495886,696108,816242,888326,931572,957523,973091,982433,988040,108438,330714,464226,544333,592400,621238,638543,648924,655153,658892,
PIC,13555730,8132100,5423630,4284395550,4287916560,813210,813210,813210,813210,813210,813210,813210,813210,813210,813210,542363,542363,542363,542363,542363,542363,542363,542363,542363,542363,428439555,428439555,428439555,428439555,428439555,428439555,428439555,428439555,428439555,428439555,428791656,428791656,428791656,428791656,428791656,428791656,428791656,428791656,428791656,428791656,
EWMA,24893284,21883460,3009824,15112317,1912868,3213571,2991941,2535287,2314113,2086461,1998280,1939945,1911737,1093846,1798279,207594,407689,326947,290169,253201,250177,236192,229382,656810,151663,642714,1112559,1397104,1580505,1681696,1745012,1783998,1809545,1666405,1692779,41518,114752,157191,183786,197669,208170,213774,216895,304878,274235,
SW,24225733,21176903,3048830,15931464,1920853,3639854,702392,1024666,1898721,2472855,1802920,2255494,2440788,2438691,2500522,443443,103637,115282,221119,299835,656273,309702,304112,294608,300819,2997189,2685153,1788971,1208593,1208593,1208593,1208593,1208593,1208593,1208593,342473,330840,220787,146679,146679,146679,146679,146679,146679,146679,
AFC,24628736,21742061,2886675,14505440,1985523,2199214,3275835,2686365,2326388,1465926,1947173,2037780,1957636,1960602,1885142,265787,393330,323769,281286,628011,183807,194058,197945,213321,205361,439842,1007040,1342905,1539601,1524866,1609327,1695017,1747540,1790152,1809150,53157,121191,161706,185622,274099,256041,243645,234505,230269,225288,
AMBP,24241013,21446421,2794592,14193316,153028816,1640221,3363317,2731889,1709797,2090881,2124169,2010264,1996834,1901070,1877979,198234,404965,329898,659905,200265,200265,200265,200265,200265,200265,328124,935162,1294507,1377565,1520228,1641016,1714865,1771258,1797220,1813371,39726,112773,156198,256939,25410530,25410530,25410530,25410530,25410530,25410530,
PIC,20278380,15798000,4480380,4274429880,4289142780,1579800,1579800,1579800,1579800,1579800,1579800,1579800,1579800,1579800,1579800,448038,448038,448038,448038,448038,448038,448038,448038,448038,448038,427442988,427442988,427442988,427442988,427442988,427442988,427442988,427442988,427442988,427442988,428914278,428914278,428914278,428914278,428914278,428914278,428914278,428914278,428914278,428914278,
EWMA,24892856,21883012,3009844,15113280,1912975,3213746,3000497,2532486,2306844,2091523,1997154,1940652,1907630,1093904,1798576,207540,408756,326464,289479,253411,250423,236244,228943,656916,151668,642749,1114298,1397935,1579716,1682077,1745092,1784204,1808889,1665892,1692428,41508,114957,157258,183702,197643,208199,213808,216835,304851,274214,
SW,24195977,21155203,3040774,15939356,1921428,3635539,702748,1026029,1902084,2461092,1803290,2253830,2438205,2432898,2499488,442498,103577,115533,221430,298426,651282,309592,303813,294129,300494,2996849,2682393,1788105,1210287,1210287,1210287,1210287,1210287,1210287,1210287,342444,330519,220536,146847,146847,146847,146847,146847,146847,146847,
AFC,24609534,21726291,2883243,14496231,1982151,2195674,3274550,2683843,2327766,1469262,1942197,2034960,1954461,1964356,1879222,265298,393118,323484,281378,623452,183866,194613,198364,213371,206299,439134,1006217,1341742,1538946,1525010,1608447,1693749,1745891,1789584,1807511,53059,121070,161552,185517,273104,255257,243129,234176,230015,225272,
AMBP,24241274,21440431,2800843,14191923,152571853,1647472,3364816,2728708,1710619,2095182,2113957,2006320,2002702,1886498,1884157,197442,405486,329652,655693,202095,202095,202095,202095,202095,202095,329574,936622,1295039,1378155,1521560,1640039,1713295,1771176,1794240,1812223,39568,112751,156131,256043,25334560,25334560,25334560,25334560,25334560,25334560,
PIC,20285060,15822230,4462830,4274398380,4289165600,1582223,1582223,1582223,1582223,1582223,1582223,1582223,1582223,1582223,1582223,446283,446283,446283,446283,446283,446283,446283,446283,446283,446283,427439838,427439838,427439838,427439838,427439838,427439838,427439838,427439838,427439838,427439838,428916560,428916560,428916560,428916560,428916560,428916560,428916560,428916560,428916560,428916560,
EWMA,24859830,21860742,2999088,15099595,1908751,3202756,3003554,2530897,2302537,2086589,2004645,1919953,1922854,1110801,1776156,205472,410002,326461,288739,254550,249658,234298,231574,648951,149383,640551,1113151,1396700,1577867,1679611,1744617,1779684,1808318,1668814,1690282,41094,114875,157192,183501,197710,208099,213338,216985,303378,272579,
SW,24228493,21180800,3047693,15911817,1908426,3629211,709871,1019893,1889634,2481455,1813996,2256358,2441552,2438508,2500322,444632,102647,111966,220433,304921,648243,311105,305689,296067,301990,2996527,2683703,1786325,1206466,1206466,1206466,1206466,1206466,1206466,1206466,343453,330120,219748,145015,145015,145015,145015,145015,145015,145015,
AFC,24603825,21722073,2881752,14494546,1981080,2197825,3275255,2683823,2324991,1467989,1941600,2034882,1952814,1966346,1876548,266916,393003,323367,280867,620077,184231,194990,198401,213622,206278,439565,1006703,1342127,1538699,1524557,1607965,1693348,1745241,1789462,1806879,53383,121307,161719,185548,272453,254809,242846,233957,229890,225168,
AMBP,24224555,21432569,2791986,14186435,152003542,1650293,3359363,2727529,1712645,2086951,2124371,2005015,1995868,1882126,1888408,197593,404820,329634,651251,201448,201448,201448,201448,201448,201448,330138,935983,1294292,1377962,1519759,1640681,1713547,1770011,1792434,1811628,39598,112642,156040,255082,25240030,25240030,25240030,25240030,25240030,25240030,
PIC,20145870,15702250,4443620,4274554350,4289190570,1570225,1570225,1570225,1570225,1570225,1570225,1570225,1570225,1570225,1570225,444362,444362,444362,444362,444362,444362,444362,444362,444362,444362,427455435,427455435,427455435,427455435,427455435,427455435,427455435,427455435,427455435,427455435,428919057,428919057,428919057,428919057,428919057,428919057,428919057,428919057,428919057,428919057,
EWMA,9646432,6322717,3323715,4265592,2223530,738605,896173,741964,643194,603920,577924,519130,540744,549250,511813,273641,505101,411988,351953,329309,314071,276143,291319,297430,272760,147721,297411,386321,437695,470940,492336,497694,506304,514893,514277,54728,144802,198239,228981,249046,262051,264869,270159,275613,275042,
SW,9678170,6299934,3378236,4447580,2381858,1038328,227802,269382,509392,727858,707796,705875,714718,700194,698589,556119,129217,141747,268979,392792,379456,378168,384059,374382,373317,816196,770872,511837,335525,335525,335525,335525,335525,335525,335525,430662,415635,275694,179981,179981,179981,179981,179981,179981,179981,
AFC,9541278,6221328,3319950,4171072,2223336,542487,934784,772869,650592,612342,573583,544235,543180,542978,504278,269298,505540,417431,347793,329481,307921,290905,291719,292558,267304,108497,273754,373577,428980,465652,487238,498637,507545,514631,512561,53859,144195,198842,228632,248801,260625,266681,271688,275862,274151,
AMBP,9444924,6156326,3288598,4096358,2185451,396356,971083,766398,687769,618328,557322,546066,560890,516556,535558,195738,524936,410242,370896,332392,296459,291757,303319,274792,288067,79351,257697,359437,425103,463748,482462,495182,508323,509969,515086,39227,136368,191142,227092,248152,257813,264601,272344,272833,275879,
PIC,5797620,3889840,1907780,4289910490,4292487160,388984,388984,388984,388984,388984,388984,388984,388984,388984,388984,190778,190778,190778,190778,190778,190778,190778,190778,190778,190778,428991049,428991049,428991049,428991049,428991049,428991049,428991049,428991049,428991049,428991049,429248716,429248716,429248716,429248716,429248716,429248716,429248716,429248716,429248716,429248716,
EWMA,24832053,21850411,2981642,15077929,1899949,3194190,2986363,2537635,2304410,2058808,2018078,1916981,1906437,1153903,1773606,203875,408715,327659,285866,257105,248484,233873,229952,632680,153433,638838,1108343,1394201,1576242,1672755,1741819,1776851,1802768,1672995,1693117,40775,114363,157022,182790,197653,207819,213029,216413,299666,270419,
SW,24220366,21183396,3036970,15864837,1900470,3624410,715489,1009646,1878268,2477729,1846053,2254714,2433143,2445209,2498735,445315,101576,108858,221882,299415,644442,310706,305463,297549,301764,2988621,2685096,1783182,1201134,1201134,1201134,1201134,1201134,1201134,1201134,343437,329715,218583,144105,144105,144105,144105,144105,144105,144105,
AFC,24548529,21677839,2870690,14477323,1971346,2200289,3264510,2679452,2322907,1487800,1930795,2021086,1958469,1961806,1850725,266686,390484,319598,283646,608290,185349,195884,200428,213243,207082,440057,1004947,1339848,1536459,1526728,1607541,1690250,1743893,1787475,1800125,53337,120766,160532,185154,269781,252895,241493,233280,229273,224835,
AMBP,24214942,21423015,2791927,14184515,150359115,1674115,3354709,2713766,1727910,2083322,2100391,2012608,2000958,1851643,1903593,196153,402076,330065,638283,204225,204225,204225,204225,204225,204225,334903,938864,1293844,1380657,1521190,1637030,1712145,1769907,1786254,1809721,39310,111863,155503,252059,24966730,24966730,24966730,24966730,24966730,24966730,
PIC,20085490,15688420,4397070,4274572330,4289251090,1568842,1568842,1568842,1568842,1568842,1568842,1568842,1568842,1568842,1568842,439707,439707,439707,439707,439707,439707,439707,439707,439707,439707,427457233,427457233,427457233,427457233,427457233,427457233,427457233,427457233,427457233,427457233,428925109,428925109,428925109,428925109,428925109,428925109,428925109,428925109,428925109,428925109,
EWMA,24882491,21874685,3007806,15109930,1912230,3204830,3010555,2529407,2303340,2096245,1995782,1930025,1922669,1092257,1789575,205735,410673,326142,288978,254149,250058,235148,230424,656370,150129,640966,1114883,1397787,1578897,1682366,1745049,1782044,1810169,1666586,1691183,41147,115052,157270,183611,197718,208186,213578,216947,304831,273890,
SW,24200969,21155583,3045386,15923360,1915416,3632388,705765,1024987,1892486,2475057,1804090,2248182,2445596,2435758,2491274,441974,103709,115337,218810,302282,653549,308855,305772,295009,300089,2999019,2682406,1787713,1207746,1207746,1207746,1207746,1207746,1207746,1207746,342948,330464,220340,145952,145952,145952,145952,145952,145952,145952,
AFC,24603783,21722211,2881572,14496165,1980808,2203439,3271790,2673363,2338412,1469740,1935047,2042264,1950719,1957492,1879945,266621,392756,322074,282614,620314,183284,196275,198096,212535,207003,440687,1006907,1340198,1539840,1525820,1607665,1694584,1745811,1788147,1806506,53324,121210,161382,185628,272565,254709,243023,234038,229738,225191,
AMBP,24235363,21441252,2794111,14192078,152122425,1651635,3356149,2733360,1712846,2088336,2120275,2006493,1996320,1893312,1882526,197198,404528,330256,652127,201667,201667,201667,201667,201667,201667,330407,935555,1295116,1378662,1520596,1640531,1713723,1770242,1794856,1812390,39519,112520,156067,255279,25259840,25259840,25259840,25259840,25259840,25259840,
PIC,20206900,15735370,4471530,4274511300,4289154290,1573537,1573537,1573537,1573537,1573537,1573537,1573537,1573537,1573537,1573537,447153,447153,447153,447153,447153,447153,447153,447153,447153,447153,427451130,427451130,427451130,427451130,427451130,427451130,427451130,427451130,427451130,427451130,428915429,428915429,428915429,428915429,428915429,428915429,428915429,428915429,428915429,428915429,
EWMA,24931628,21901915,3029713,15137883,1921781,3223493,3003914,2539089,2307736,2116552,1986271,1947442,1925033,1038327,1814058,209446,408438,326623,290647,253391,249506,237284,228344,676588,149446,644698,1116541,1401050,1582387,1689220,1748630,1788392,1815720,1660241,1691004,41889,115198,157483,184115,197970,208277,214078,216931,308862,276978,
SW,24262471,21202965,3059506,15930695,1931481,3658662,680317,1033911,1906165,2471385,1793481,2264052,2445461,2448707,2500824,441205,104207,115109,225281,296029,672389,309379,302630,293453,299824,3009231,2682915,1790963,1206798,1206798,1206798,1206798,1206798,1206798,1206798,342390,331524,220174,148199,148199,148199,148199,148199,148199,148199,
AFC,24686136,21786807,2899329,14523794,1994211,2208886,3273095,2688744,2334777,1454575,1949684,2043880,1961421,1957591,1914154,265342,393339,324262,282576,641770,181257,192957,196786,212973,208067,441777,1008040,1344180,1542299,1524755,1609740,1696568,1749538,1791148,1815749,53068,121122,161750,185915,277086,257921,244929,235301,230836,226283,
AMBP,24268117,21471126,2796991,14200747,154687611,1611697,3373812,2746192,1699589,2097525,2131637,2017494,1988518,1930532,1874130,195076,406245,331809,674229,198272,198272,198272,198272,198272,198272,322419,932697,1295396,1376234,1520492,1642721,1717675,1771843,1803580,1817690,39095,112525,156381,259950,25686610,25686610,25686610,25686610,25686610,25686610,
PIC,20122480,15677900,4444580,4274586010,4289189320,1567790,1567790,1567790,1567790,1567790,1567790,1567790,1567790,1567790,1567790,444458,444458,444458,444458,444458,444458,444458,444458,444458,444458,427458601,427458601,427458601,427458601,427458601,427458601,427458601,427458601,427458601,427458601,428918932,428918932,428918932,428918932,428918932,428918932,428918932,428918932,428918932,428918932,
EWMA,24922960,21898217,3024743,15131484,1919505,3220798,3004894,2531958,2312367,2108083,1986661,1947552,1924404,1049824,1811676,208993,408787,326040,290721,252426,250772,237116,228197,671308,150383,644159,1116306,1399436,1582022,1687234,1747119,1787205,1814644,1661680,1691679,41798,115195,157364,184035,197713,208324,214082,216905,307785,276304,
SW,24242067,21189293,3052774,15937509,1930776,3653529,689476,1031532,1904210,2468150,1795010,2262579,2443333,2441894,2499580,440941,104425,114991,225113,295788,666795,309473,302629,292999,299620,3004625,2682530,1791512,1208406,1208406,1208406,1208406,1208406,1208406,1208406,342186,331239,220119,148176,148176,148176,148176,148176,148176,148176,
AFC,24663200,21769499,2893701,14515811,1990775,2204295,3272438,2689447,2333516,1457662,1947727,2042695,1957357,1959415,1904947,264956,393133,324335,282350,637510,181804,193448,196868,213012,206285,440859,1007174,1343628,1541605,1524817,1609399,1696058,1748317,1790536,1813418,52991,121019,161682,185815,276154,257284,244517,234988,230593,225732,
AMBP,24263703,21464808,2798895,14200258,154181722,1620300,3370882,2744052,1701873,2096872,2130957,2011076,1991124,1925538,1872134,197099,405613,331374,669255,199259,199259,199259,199259,199259,199259,324140,933488,1295600,1376854,1520857,1642877,1716516,1771437,1802257,1816232,39499,112721,156451,259011,25602340,25602340,25602340,25602340,25602340,25602340,
PIC,20190110,15727100,4463010,4274522050,4289165370,1572710,1572710,1572710,1572710,1572710,1572710,1572710,1572710,1572710,1572710,446301,446301,446301,446301,446301,446301,446301,446301,446301,446301,427452205,427452205,427452205,427452205,427452205,427452205,427452205,427452205,427452205,427452205,428916537,428916537,428916537,428916537,428916537,428916537,428916537,428916537,428916537,428916537,
EWMA,24932595,21902766,3029829,15138047,1921775,3223617,3004741,2538137,2308246,2116457,1987933,1944875,1924223,1039341,1815196,209423,408579,326533,290713,253385,249547,237102,228319,676402,149826,644723,1116726,1401008,1582455,1689255,1748990,1788167,1815378,1660170,1691175,41884,115223,157485,184130,197981,208294,214055,216907,308806,277010,
SW,24259776,21201327,3058449,15934306,1931741,3657014,684039,1033039,1905294,2470437,1793749,2266562,2442343,2448850,2500000,441089,104513,115056,225192,295933,671373,309911,302076,293484,299822,3007638,2683105,1791364,1207457,1207457,1207457,1207457,1207457,1207457,1207457,342208,331536,220219,148254,148254,148254,148254,148254,148254,148254,
AFC,24683931,21784583,2899348,14522623,1994389,2210451,3270370,2690012,2334216,1454241,1949616,2042425,1963025,1956645,1913582,265458,393154,324441,282483,642570,180894,192654,196992,212790,207912,442090,1007746,1344199,1542202,1524610,1609611,1696173,1749543,1790963,1815486,53091,121103,161770,185912,277243,257974,244910,235327,230820,226239,
AMBP,24264397,21468554,2795843,14199510,154624346,1613164,3372676,2745314,1700815,2096931,2131403,2014138,1990014,1931552,1872547,195362,406077,331663,673781,198160,198160,198160,198160,198160,198160,322712,932704,1295226,1376343,1520460,1642648,1716946,1771559,1803557,1817355,39152,112537,156362,259845,25676075,25676075,25676075,25676075,25676075,25676075,
PIC,20143480,15694520,4448960,4274564400,4289183630,1569452,1569452,1569452,1569452,1569452,1569452,1569452,1569452,1569452,1569452,444896,444896,444896,444896,444896,444896,444896,444896,444896,444896,427456440,427456440,427456440,427456440,427456440,427456440,427456440,427456440,427456440,427456440,428918363,428918363,428918363,428918363,428918363,428918363,428918363,428918363,428918363,428918363,
EWMA,24932449,21901883,3030566,15139689,1922245,3223170,3005762,2538260,2307925,2117068,1990546,1946990,1924703,1033284,1814175,209200,408751,326519,290742,253536,249554,237296,228493,677300,149175,644634,1116859,1401139,1582496,1689410,1749637,1789107,1816226,1659637,1690544,41840,115222,157481,184133,198013,208321,214116,216991,309052,277076,
SW,24262713,21204771,3057942,15933723,1931643,3656633,681594,1034726,1906095,2470505,1794088,2266749,2445079,2450924,2498378,441054,104149,115295,225320,295948,670217,310068,302514,293597,299780,3008282,2682153,1790984,1207472,1207472,1207472,1207472,1207472,1207472,1207472,342292,331400,220166,148255,148255,148255,148255,148255,148255,148255,
AFC,24689045,21788445,2900600,14523962,1995020,2208479,3269892,2691971,2334361,1455030,1949994,2042525,1964618,1955588,1915987,265170,393095,324715,282514,643288,181021,192557,197052,212774,208414,441695,1007334,1344261,1542281,1524831,1609863,1696395,1750039,1791148,1816115,53034,121046,161779,185926,277398,258123,245010,235419,230890,226395,
AMBP,24275591,21476831,2798760,14202746,154776061,1611047,3372870,2749020,1696889,2099140,2132499,2016007,1989357,1935530,1874472,194845,406108,332095,674928,198464,198464,198464,198464,198464,198464,322289,932405,1295728,1375960,1520596,1642976,1717582,1771937,1804655,1818618,39049,112460,156387,260095,25701345,25701345,25701345,25701345,25701345,25701345,
PIC,20092780,15649620,4443160,4274622770,4289191170,1564962,1564962,1564962,1564962,1564962,1564962,1564962,1564962,1564962,1564962,444316,444316,444316,444316,444316,444316,444316,444316,444316,444316,427462277,427462277,427462277,427462277,427462277,427462277,427462277,427462277,427462277,427462277,428919117,428919117,428919117,428919117,428919117,428919117,428919117,428919117,428919117,428919117,
EWMA,24924053,21898299,3025754,15132414,1919911,3222581,3003277,2532391,2312274,2110172,1986265,1947142,1924644,1047917,1811636,209278,408428,326052,290789,252387,250791,237123,228256,672525,150125,644516,1116268,1399492,1582048,1687672,1747390,1787340,1814800,1661423,1691465,41855,115169,157345,184033,197703,208320,214080,216915,308037,276454,
SW,24245414,21192217,3053197,15935265,1930692,3654922,687839,1032184,1903994,2468467,1795362,2264167,2442608,2442265,2500409,441076,104313,115068,225082,295801,667078,309732,302340,292955,299752,3005087,2682488,1791648,1208006,1208006,1208006,1208006,1208006,1208006,1208006,342196,331266,220152,148154,148154,148154,148154,148154,148154,148154,
AFC,24664762,21770342,2894420,14516446,1991382,2205043,3273034,2689424,2333794,1456315,1949122,2041519,1956904,1959775,1905412,265026,393234,324324,282409,638404,181862,193064,196734,213018,206345,441008,1007413,1343815,1541810,1524711,1609593,1695978,1748163,1790485,1813470,53005,121050,161704,185845,276356,257458,244580,235011,230613,225760,
AMBP,24263794,21463653,2800141,14199695,154243733,1620275,3371057,2743797,1702092,2097760,2129366,2010353,1991885,1925158,1871910,197052,405656,331345,669778,199385,199385,199385,199385,199385,199385,324135,933519,1295574,1376877,1521053,1642715,1716242,1771370,1802127,1816083,39490,112723,156447,259113,25612660,25612660,25612660,25612660,25612660,25612660,
PIC,20198660,15734760,4463900,4274512090,4289164210,1573476,1573476,1573476,1573476,1573476,1573476,1573476,1573476,1573476,1573476,446390,446390,446390,446390,446390,446390,446390,446390,446390,446390,427451209,427451209,427451209,427451209,427451209,427451209,427451209,427451209,427451209,427451209,428916421,428916421,428916421,428916421,428916421,428916421,428916421,428916421,428916421,428916421,
EWMA,24930311,21901411,3028900,15137154,1921508,3223337,3003937,2537431,2308526,2112877,1989632,1947802,1926193,1038077,1813599,209377,408572,326600,290602,252651,250568,237191,228384,675399,149556,644667,1116521,1400703,1582267,1688389,1748637,1788470,1816014,1660426,1691060,41875,115214,157491,184113,197820,208369,214133,216983,308666,276844,
SW,24256048,21199143,3056905,15934783,1931584,3655915,683566,1034058,1905519,2469629,1794698,2263737,2445818,2448783,2497420,440966,104277,115223,225268,295842,670090,309494,302769,293470,299506,3007457,2682148,1791180,1207714,1207714,1207714,1207714,1207714,1207714,1207714,342277,331360,220155,148256,148256,148256,148256,148256,148256,148256,
AFC,24685197,21785939,2899258,14523652,1994222,2206949,3273921,2689598,2335222,1454491,1949828,2044235,1962318,1955113,1914264,265226,393377,324389,282637,641790,181187,192998,196832,212727,208095,441389,1007895,1344235,1542432,1524844,1609840,1696719,1749838,1790893,1815567,53045,121111,161766,185940,277110,257926,244941,235320,230802,226261,
AMBP,24268652,21470891,2797761,14200867,154659263,1612255,3372592,2746425,1700046,2098549,2130622,2015652,1990528,1932028,1872194,195180,406056,331898,673927,198450,198450,198450,198450,198450,198450,322531,932543,1295319,1376264,1520721,1642701,1717291,1771938,1803956,1817603,39116,112504,156382,259891,25681895,25681895,25681895,25681895,25681895,25681895,
PIC,20113900,15668690,4445210,4274597980,4289188510,1566869,1566869,1566869,1566869,1566869,1566869,1566869,1566869,1566869,1566869,444521,444521,444521,444521,444521,444521,444521,444521,444521,444521,427459798,427459798,427459798,427459798,427459798,427459798,427459798,427459798,427459798,427459798,428918851,428918851,428918851,428918851,428918851,428918851,428918851,428918851,428918851,428918851,
EWMA,24877095,21872996,3004099,15105417,1910475,3202579,3011500,2528923,2299655,2094465,1997590,1925228,1920638,1103468,1788950,205385,411045,326079,288413,254507,249705,234696,231018,652230,151021,640515,1114712,1397554,1577974,1681272,1744535,1780673,1808666,1667626,1691890,41077,115070,157271,183499,197700,208101,213420,216939,303997,273401,
SW,24201927,21155271,3046656,15929299,1912798,3630482,709630,1020732,1896667,2473950,1805525,2248496,2440198,2434325,2495266,443521,103523,114003,219308,303636,651211,309572,305504,295373,301005,2995553,2683728,1786948,1209010,1209010,1209010,1209010,1209010,1209010,1209010,342768,330404,220349,145611,145611,145611,145611,145611,145611,145611,
AFC,24614572,21731023,2883549,14500640,1982714,2200849,3273440,2681174,2333718,1467758,1940423,2037837,1952188,1964176,1879460,266849,392822,323137,281923,622598,183666,195035,198052,213395,206072,440169,1006823,1341693,1540098,1525630,1608588,1694437,1745987,1789624,1807591,53369,121259,161634,185691,273072,255191,243160,234139,229991,225208,
AMBP,24236065,21442000,2794065,14192951,152563692,1647211,3362614,2729559,1711243,2089800,2124263,2005855,1997768,1893297,1880390,197657,405117,329701,656016,200929,200929,200929,200929,200929,200929,329522,936140,1294823,1378107,1520445,1641208,1714137,1770863,1795349,1812357,39611,112712,156109,256090,25333195,25333195,25333195,25333195,25333195,25333195,
PIC,20220970,15752560,4468410,4274488950,4289158350,1575256,1575256,1575256,1575256,1575256,1575256,1575256,1575256,1575256,1575256,446841,446841,446841,446841,446841,446841,446841,446841,446841,446841,427448895,427448895,427448895,427448895,427448895,427448895,427448895,427448895,427448895,427448895,428915835,428915835,428915835,428915835,428915835,428915835,428915835,428915835,428915835,428915835,
EWMA,24888982,21877755,3011227,15119609,1914308,3221520,3004478,2532169,2313914,2095530,1984559,1952342,1902491,1069407,1801345,209167,408634,326024,291053,251711,250776,237454,227206,657793,151409,644304,1116338,1399504,1582386,1685014,1744923,1786406,1809623,1661579,1689532,41833,115193,157359,184097,197619,208250,214090,216713,304929,274225,
SW,24197278,21156208,3041070,15945962,1930005,3651270,693045,1029352,1905788,2466727,1785018,2257240,2432301,2427341,2508126,443212,103445,115264,224920,296070,654494,309104,301896,292529,300136,3005082,2683893,1791222,1209395,1209395,1209395,1209395,1209395,1209395,1209395,343256,330977,220640,147876,147876,147876,147876,147876,147876,147876,
AFC,24634812,21749255,2885557,14505021,1983742,2201231,3271522,2684561,2334510,1466503,1942349,2031916,1952887,1970484,1893292,264917,393023,323766,282403,625475,183608,193871,198037,213921,206536,440246,1006501,1342113,1540592,1525775,1609089,1693654,1745500,1790496,1811055,52983,120991,161546,185717,273668,255656,243299,234247,230182,225453,
AMBP,24260885,21462429,2798456,14200946,152961403,1625619,3369395,2742957,1706650,2093382,2129321,2007087,1995200,1921632,1871186,196398,405779,331445,658282,201092,201092,201092,201092,201092,201092,325203,934041,1295824,1377989,1521067,1642717,1715591,1771512,1801536,1815466,39359,112643,156403,256778,25399370,25399370,25399370,25399370,25399370,25399370,
PIC,20016190,15516170,4500020,4274796260,4289117250,1551617,1551617,1551617,1551617,1551617,1551617,1551617,1551617,1551617,1551617,450002,450002,450002,450002,450002,450002,450002,450002,450002,450002,427479626,427479626,427479626,427479626,427479626,427479626,427479626,427479626,427479626,427479626,428911725,428911725,428911725,428911725,428911725,428911725,428911725,428911725,428911725,428911725,
