budget_function,PMU_counter_used_budget,PMU_counter_used_budget_r,PMU_counter_used_budget_w,total_calc_r,total_calc_w,used_budget_read[0],used_budget_read[1],used_budget_read[2],used_budget_read[3],used_budget_read[4],used_budget_read[5],used_budget_read[6],used_budget_read[7],used_budget_read[8],used_budget_read[9],used_budget_write[0],used_budget_write[1],used_budget_write[2],used_budget_write[3],used_budget_write[4],used_budget_write[5],used_budget_write[6],used_budget_write[7],used_budget_write[8],used_budget_write[9],calculated_read[0],calculated_read[1],calculated_read[2],calculated_read[3],calculated_read[4],calculated_read[5],calculated_read[6],calculated_read[7],calculated_read[8],calculated_read[9],calculated_write[0],calculated_write[1],calculated_write[2],calculated_write[3],calculated_write[4],calculated_write[5],calculated_write[6],calculated_write[7],calculated_write[8],calculated_write[9],
EWMA,18189269,15811724,2377545,10681650,1582597,2080214,2091818,1842026,1573388,1494598,1431112,1330125,1317107,1337866,1313470,163314,363474,304730,255871,239651,219008,211201,209436,207410,203450,416042,751197,969362,1090167,1171053,1223064,1244476,1259002,1274774,1282513,32662,98824,140005,163178,178472,186579,191503,195089,197553,198732,
SW,18197869,15842913,2354956,10196656,1933798,2591491,232188,562884,1411870,1850333,1836764,1820258,1874663,1847603,1814859,405296,191108,90709,168507,254365,243831,254400,252489,242587,251664,2110893,1807380,1128854,735647,735647,735647,735647,735647,735647,735647,327002,327002,229038,150108,150108,150108,150108,150108,150108,150108,
AFC,17772900,15308785,2464115,10266382,1660288,1542379,2250885,1865784,1664588,1516445,1247195,1173792,1365712,1370512,1311493,206866,360297,294925,257273,232617,324000,207449,190614,199737,190337,308475,696957,930722,1077495,1165285,1181667,1180092,1217216,1247875,1260598,41373,105157,143110,165942,179277,208221,208067,204577,203609,200955,
AMBP,17679258,15153545,2525713,135438557,1622552,1154601,2316461,1917788,1695604,1539461,1436647,1376784,1349470,1312606,1054123,184022,356649,301022,261301,235803,221861,213066,208762,204229,338998,231000,648092,902031,1060745,1156488,1212519,1245372,1266191,1275474,126440645,36884,100837,140874,164959,179127,187673,192751,195953,197608,225886,
PIC,26920860,25413320,1507540,4261929960,4293007480,2541332,2541332,2541332,2541332,2541332,2541332,2541332,2541332,2541332,2541332,150754,150754,150754,150754,150754,150754,150754,150754,150754,150754,426192996,426192996,426192996,426192996,426192996,426192996,426192996,426192996,426192996,426192996,429300748,429300748,429300748,429300748,429300748,429300748,429300748,429300748,429300748,429300748,
EWMA,18121969,15753262,2368707,10635544,1576598,2093304,2073654,1828464,1547683,1517026,1395100,1311680,1334807,1334201,1317343,165209,360923,301702,255366,240303,212137,216445,208383,204400,203839,418660,749658,965419,1081871,1168902,1214141,1233648,1253879,1269943,1279423,33041,98617,139234,162460,178028,184849,191168,194611,196568,198022,
SW,17996354,15638066,2358288,10398613,1854641,2565732,400348,526250,1356275,1826175,1772934,1793098,1836646,1758317,1802291,397636,145726,103730,179973,260517,250743,257095,253456,252736,256676,2067518,1840279,1164110,760958,760958,760958,760958,760958,760958,760958,323434,313509,215697,143143,143143,143143,143143,143143,143143,143143,
AFC,17682437,15251997,2430440,10243678,1634521,1462231,2267081,1888763,1647467,1501780,1356683,1167564,1328234,1360259,1271935,212863,356041,294094,256037,233175,269800,219832,193892,202432,192274,292446,687373,927651,1071614,1157647,1197454,1191476,1218827,1247113,1252077,42572,105265,143030,165631,179139,197271,201783,200205,200650,198975,
AMBP,17619637,15168817,2450820,135147123,1598701,1149851,2291377,1935796,1685362,1493518,1401007,1368828,1330232,1329625,1183221,172900,366960,298932,257232,227265,224268,212475,206333,204667,279788,230050,642315,901011,1057881,1145008,1196207,1230731,1250631,1266429,126226860,34660,101120,140682,163992,176646,186170,191431,194411,196462,213127,
PIC,26990870,25367890,1622980,4261989020,4292857400,2536789,2536789,2536789,2536789,2536789,2536789,2536789,2536789,2536789,2536789,162298,162298,162298,162298,162298,162298,162298,162298,162298,162298,426198902,426198902,426198902,426198902,426198902,426198902,426198902,426198902,426198902,426198902,429285740,429285740,429285740,429285740,429285740,429285740,429285740,429285740,429285740,429285740,
EWMA,17860411,15518122,2342289,10474912,1557654,2052978,2000662,1751662,1642070,1450000,1370705,1378681,1277369,1294951,1299044,159918,353259,292326,265973,228740,223084,210336,201961,204756,201936,410595,728608,933218,1074988,1149990,1194133,1231042,1240307,1251235,1260796,31983,96238,135455,161558,174994,184612,189756,192197,194708,196153,
SW,16737943,14188103,2549840,11486585,2051309,2542572,479619,479619,482997,1308602,1790993,1753517,1818275,1744188,1787721,396039,72382,616136,124577,121596,119485,279200,275658,269466,275301,2066729,1854511,1854511,1168396,757073,757073,757073,757073,757073,757073,322379,288718,288718,271032,271032,121886,121886,121886,121886,121886,
AFC,17179345,14446377,2732968,9819082,1798665,1458508,2278123,1815241,1610093,1487082,1387047,1357808,407772,1264547,1380156,234751,349604,276581,257018,231557,216058,209972,703719,118245,135463,291701,688985,914236,1053407,1140142,1189523,1223180,1060099,1100988,1156821,46950,107480,141300,164443,177865,185503,190396,293060,258097,233571,
AMBP,17532841,15198027,2334814,10148032,20867826,1262627,2279078,1863862,1626141,1507054,1354202,1365334,1328814,1324953,1285962,146982,367266,294101,261033,227297,220576,213785,204639,204572,194563,252605,657899,899091,1044501,1137011,1180449,1217426,1239703,1256753,1262594,29476,97034,136447,161364,174550,183755,189761,192736,195103,19507600,
PIC,13299870,9361610,3938260,4282797190,4289847540,936161,936161,936161,936161,936161,936161,936161,936161,936161,936161,393826,393826,393826,393826,393826,393826,393826,393826,393826,393826,428279719,428279719,428279719,428279719,428279719,428279719,428279719,428279719,428279719,428279719,428984754,428984754,428984754,428984754,428984754,428984754,428984754,428984754,428984754,428984754,
EWMA,25380508,19315806,6064702,13182321,4110112,2925546,2835571,1724362,1990487,2104615,1250447,1726964,1942917,1146802,1668095,701528,893350,714502,571381,625257,552402,473194,564330,518950,449808,585109,1035201,1173033,1336523,1490141,1442202,1499154,1587906,1499685,1533367,140305,290914,375631,414781,456876,475981,475423,493204,498353,488644,
SW,24820014,18860665,5959349,13342328,4315282,3170478,895769,425359,1675430,2440575,1735729,2170316,2439489,1738395,2169125,948726,242513,287497,456660,709612,683078,619627,709269,683187,619180,2543856,2309299,1497202,998853,998853,998853,998853,998853,998853,998853,795999,724141,492912,328890,328890,328890,328890,328890,328890,328890,
AFC,25440771,19419038,6021733,13021669,4043815,2439787,2526857,2455435,2133266,1261016,1982479,1853502,1094121,1879464,1793111,709362,726676,745197,632780,595461,555203,520178,527328,514008,495540,487957,895737,1207676,1392794,1366439,1489647,1562418,1468759,1550900,1599342,141872,258832,356105,411440,448244,469635,479743,489260,494209,494475,
AMBP,22880860,16994344,5886516,602629564,147979827,640470,3046367,2722087,1622365,1958225,2068754,1234019,1234019,1234019,1234019,563548,837155,779211,649488,530239,595056,540041,463926,463926,463926,128174,711812,1113867,1215566,1364097,1505028,149147755,149147755,149147755,149147755,112789,257662,361971,419474,441627,472312,485857,48476045,48476045,48476045,
PIC,41151920,31669550,9482370,4253796860,4282640200,3166955,3166955,3166955,3166955,3166955,3166955,3166955,3166955,3166955,3166955,948237,948237,948237,948237,948237,948237,948237,948237,948237,948237,425379686,425379686,425379686,425379686,425379686,425379686,425379686,425379686,425379686,425379686,428264020,428264020,428264020,428264020,428264020,428264020,428264020,428264020,428264020,428264020,
EWMA,15883987,10162921,5721066,6888355,3861117,1398986,1361334,1162090,1018471,944134,888925,864290,853495,835451,835745,687833,794347,674370,586299,541405,507329,492594,486404,474975,475510,279797,496104,629301,707135,754534,781412,797987,809088,814360,818637,137566,268922,350011,397268,426095,442341,452391,459193,462349,464981,
SW,15536487,9909364,5627123,7040523,3998823,1636915,291559,443559,853448,1117121,1118245,1107884,1109703,1122575,1108355,929114,167386,250590,484876,634616,635372,628460,629676,638252,628781,1348581,1194610,790678,529522,529522,529522,529522,529522,529522,529522,763832,679304,449030,300951,300951,300951,300951,300951,300951,300951,
AFC,15565566,9931065,5634501,6658794,3775016,981287,1448622,1182069,1057066,955525,891493,866199,869726,834424,844654,544150,825565,671486,602344,543160,505550,491732,495967,473544,481003,196257,446730,593797,686450,740265,770510,789647,805662,811414,818062,108830,252177,336038,389299,420071,437166,448079,457656,460833,464867,
AMBP,15423388,9838948,5584440,6567409,3726352,800878,1461709,1223328,1061192,958190,904997,891020,844295,860840,832499,452255,828097,695172,602670,543383,513537,507588,478462,490724,472552,160255,420545,581101,677119,733333,767665,792336,802727,814349,817979,90531,238044,329469,384109,415963,435477,449899,455611,462633,464616,
PIC,12417940,7942810,4475130,4284641630,4289149610,794281,794281,794281,794281,794281,794281,794281,794281,794281,794281,447513,447513,447513,447513,447513,447513,447513,447513,447513,447513,428464163,428464163,428464163,428464163,428464163,428464163,428464163,428464163,428464163,428464163,428914961,428914961,428914961,428914961,428914961,428914961,428914961,428914961,428914961,428914961,
EWMA,24842841,21866444,2976397,15080248,1908289,3177247,3003612,2520884,2284670,2079395,2022047,1931224,1888138,1206237,1752990,208444,411426,335692,282040,269326,249776,236709,232145,586955,163884,635449,1109081,1391441,1570086,1671947,1741967,1779818,1801482,1682433,1696544,41688,115635,159646,184124,201164,210886,216050,219269,292806,267021,
SW,24330235,21321694,3008541,15740420,1928308,3643979,704138,977379,1875881,2487496,1968719,2264429,2447783,2446317,2505573,452634,90933,123889,224711,301601,596683,312034,310280,300827,294949,2985755,2678907,1775165,1185799,1185799,1185799,1185799,1185799,1185799,1185799,350655,329591,222485,146511,146511,146511,146511,146511,146511,146511,
AFC,24611483,21711759,2899724,14520813,1987305,2297820,3219959,2644709,2331721,1544537,1914373,2017583,1940073,1958564,1842420,287768,383797,326275,283696,588313,191294,204189,204572,208603,221217,459564,1011643,1338256,1536949,1538466,1613647,1694434,1743561,1786561,1797732,57553,122801,163495,187535,267690,252411,242767,235128,229823,228102,
AMBP,24257090,21435681,2821409,14203038,147291376,1653244,3333753,2731029,1828704,2058911,2096223,1990173,1992757,1852957,1897930,188446,413519,334121,602259,213844,213844,213844,213844,213844,213844,330728,931333,1291272,1398758,1530788,1643875,1713134,1769058,1785837,1808255,37769,112919,157159,246179,24456225,24456225,24456225,24456225,24456225,24456225,
PIC,19801150,15330680,4470470,4275037390,4289155670,1533068,1533068,1533068,1533068,1533068,1533068,1533068,1533068,1533068,1533068,447047,447047,447047,447047,447047,447047,447047,447047,447047,447047,427503739,427503739,427503739,427503739,427503739,427503739,427503739,427503739,427503739,427503739,428915567,428915567,428915567,428915567,428915567,428915567,428915567,428915567,428915567,428915567,
EWMA,17549034,9639126,7909908,5616986,3824050,1415423,166590,331328,137317,1422748,65501,1388206,1741190,1548409,1422414,991502,991502,247191,247191,932686,932686,852885,978816,896002,839447,332385,299226,305646,271980,502133,414806,609486,835826,978342,1067156,198300,198300,208078,208078,352999,352999,452976,558144,625715,668461,
SW,20229451,13117886,7111565,6289656,3960099,1793344,402842,232754,1288747,1559096,1563436,1571192,1551725,1585778,1568972,210705,203982,203982,646511,967582,970528,975680,962679,985370,984546,625845,625845,625845,625845,625845,625845,625845,625845,641448,641448,494656,494656,494656,353733,353733,353733,353733,353733,353733,353733,
AFC,13652569,7776790,5875779,4334375,2844868,413609,8883,1632168,143831,449846,70858,1963334,329433,1456542,1308286,57097,67540,1114607,1114607,298730,298730,1261730,51150,843167,768421,82721,67954,380796,333403,356691,299525,632286,571716,748681,860602,11419,22643,241035,241035,252574,252574,454405,373754,467636,527793,
AMBP,4543483,3926294,617189,332636489,88094259,1092257,1092257,1615115,18095,18095,18095,18095,18095,18095,18095,511070,11791,11791,11791,11791,11791,11791,11791,11791,11791,218531,218531,497847,47385940,47385940,47385940,47385940,47385940,47385940,47385940,102294,9776885,9776885,9776885,9776885,9776885,9776885,9776885,9776885,9776885,
PIC,7898500,5589610,2308890,4287700790,4291965720,558961,558961,558961,558961,558961,558961,558961,558961,558961,558961,230889,230889,230889,230889,230889,230889,230889,230889,230889,230889,428770079,428770079,428770079,428770079,428770079,428770079,428770079,428770079,428770079,428770079,429196572,429196572,429196572,429196572,429196572,429196572,429196572,429196572,429196572,429196572,
EWMA,25313646,22659527,2654119,15328940,1776527,3049730,3083135,2522385,2278860,2155443,1964224,1921786,1911915,1901092,1870957,226922,399904,317451,294389,259451,239894,232010,235686,228188,220224,609946,1104583,1388143,1566286,1684117,1740138,1776467,1803556,1823063,1832641,45384,116288,156520,184093,199164,207310,212250,216937,219187,219394,
SW,24638410,21927109,2711301,15824929,1903170,3700162,704009,974731,1895451,2575993,2114408,2514661,2459069,2461152,2527473,444628,83006,118825,227649,297051,333042,306454,288851,307620,304175,2988041,2704142,1792967,1191397,1191397,1191397,1191397,1191397,1191397,1191397,361305,324259,215486,143160,143160,143160,143160,143160,143160,143160,
AFC,25002119,22318213,2683906,15002819,1803712,2301593,3249984,2667808,2335045,2122622,2024084,1965217,1916752,1870843,1864265,277898,381790,325225,277777,262240,244064,235877,230245,224841,223949,460318,1018251,1348162,1545538,1660954,1733580,1779907,1807276,1819989,1828844,55579,120821,161701,184916,200380,209116,214468,217623,219066,220042,
AMBP,24347662,21695128,2652534,14426574,1773159,1642497,3369880,2536652,2204319,2227506,2032151,1973573,1980910,1888485,1839155,197074,395713,347850,304411,252340,237427,240406,227630,221668,228015,328579,936839,1256801,1446304,1602544,1688465,1745486,1792570,1811753,1817233,39494,110737,158159,187409,200395,207801,214322,216983,217920,219939,
PIC,18476930,16475980,2000950,4273548500,4292366040,1647598,1647598,1647598,1647598,1647598,1647598,1647598,1647598,1647598,1647598,200095,200095,200095,200095,200095,200095,200095,200095,200095,200095,427354850,427354850,427354850,427354850,427354850,427354850,427354850,427354850,427354850,427354850,429236604,429236604,429236604,429236604,429236604,429236604,429236604,429236604,429236604,429236604,
EWMA,20661318,12477111,8184207,8465214,5539595,1770837,1661953,1402861,1245820,1151360,1094668,1060683,1040242,1028016,1020671,1083109,1112722,935125,827496,762823,723976,700690,686681,678307,673278,354167,615724,773151,867684,924419,958468,978911,991177,998544,1002969,216621,395841,503697,568456,607329,630658,644664,653067,658115,661147,
SW,20209622,12179189,8030433,8655665,5707174,2019030,349326,556729,1043653,1368723,1368586,1368431,1368277,1368228,1368206,1331277,230359,367072,688124,902478,902386,902278,902175,902150,902134,1669266,1462050,975028,649903,649903,649903,649903,649903,649903,649903,1100611,964034,642903,428518,428518,428518,428518,428518,428518,428518,
AFC,20208324,12178800,8029524,8171507,5387285,1176309,1782932,1474436,1288520,1176957,1110040,1069879,1045766,1031319,1022642,774267,1175859,972343,849692,776094,731951,705461,689548,680016,674293,235261,544795,730723,842282,909217,949381,973480,987937,996613,1001818,154853,359054,481711,555307,599464,625961,641861,651398,657121,660555,
AMBP,20067256,12093434,7973822,8087988,5332925,1008516,1816021,1494568,1300601,1184188,1114363,1072445,1047332,1032213,1023187,664933,1197387,985439,857561,780801,734765,707127,690564,680593,674652,201783,524630,718617,835013,904848,946751,971889,986977,996024,1001456,133066,345930,473831,550577,596621,624249,640824,650772,656736,660319,
PIC,16449870,9914380,6535490,4282078580,4286471140,991438,991438,991438,991438,991438,991438,991438,991438,991438,991438,653549,653549,653549,653549,653549,653549,653549,653549,653549,653549,428207858,428207858,428207858,428207858,428207858,428207858,428207858,428207858,428207858,428207858,428647114,428647114,428647114,428647114,428647114,428647114,428647114,428647114,428647114,428647114,
EWMA,22150318,14022174,8128144,9518233,5501122,2015327,1859162,1571624,1398162,1292554,1229322,1190621,1166738,1153281,1145383,1072585,1105352,929171,822629,758156,719545,696205,682027,673670,668804,403065,694284,869752,975434,1038858,1076950,1099684,1113094,1121131,1125981,214517,392684,499981,564510,603239,626500,640441,648758,653740,656752,
SW,21640877,13668747,7972130,9740365,5682151,2267996,420691,616241,1166071,1533264,1533154,1532960,1532856,1532762,1532752,1322691,248665,358125,679313,893689,893630,893766,894135,894058,894058,1846917,1651467,1101643,734334,734334,734334,734334,734334,734334,734334,1073739,964345,643160,428701,428701,428701,428701,428701,428701,428701,
AFC,21823040,13781934,8041106,9278955,5413606,1523248,1961519,1632185,1432978,1313435,1241666,1198658,1172863,1157344,1148038,887703,1144505,952563,836270,766464,724554,699447,684388,675317,669895,304649,636023,835255,954799,1026526,1069554,1095374,1110871,1120165,1125739,177540,370933,487259,557061,598941,624063,639139,648188,653613,656869,
AMBP,21422897,13532485,7890412,9036539,5267804,1045252,2056176,1688235,1466298,1333160,1253276,1205329,1176511,1159293,1148955,601870,1200953,985828,855978,778080,731336,703296,686420,676354,670297,209130,578539,800478,933642,1013545,1061491,1090258,1107508,1117865,1124083,120454,336553,466408,544322,591073,619125,635959,646051,652111,655748,
PIC,16186350,10282100,5904250,4281600550,4287291750,1028210,1028210,1028210,1028210,1028210,1028210,1028210,1028210,1028210,1028210,590425,590425,590425,590425,590425,590425,590425,590425,590425,590425,428160055,428160055,428160055,428160055,428160055,428160055,428160055,428160055,428160055,428160055,428729175,428729175,428729175,428729175,428729175,428729175,428729175,428729175,428729175,428729175,
EWMA,20483063,12313353,8169710,8353693,5529787,1745062,1640737,1384987,1229768,1136579,1080541,1046928,1026743,1014641,1007367,1081123,1110688,933526,826052,761519,722725,699445,685477,677096,672059,349012,607357,762883,856260,912323,945966,966158,978275,985548,989911,216224,395116,502798,567448,606262,629554,643532,651921,656956,659976,
SW,20040612,12022858,8017754,8539691,5694827,1992673,339187,551337,1031329,1351655,1351571,1351406,1351289,1351211,1351200,1328868,226118,367689,687781,901391,901339,901227,901153,901097,901091,1653178,1441121,961066,640618,640618,640618,640618,640618,640618,640618,1102537,961026,640892,427196,427196,427196,427196,427196,427196,427196,
AFC,20034931,12019449,8015482,8064358,5377940,1159545,1759955,1455421,1271862,1161698,1095627,1055964,1032161,1017895,1009321,773351,1173650,970570,848162,774703,730640,704193,688318,678808,673087,231909,537518,721098,831250,897339,936996,960789,975063,983629,988767,154670,358466,480886,554341,598413,624858,640725,650243,655956,659382,
AMBP,19741657,11843556,7898101,7891769,5262889,812542,1828965,1497019,1296812,1176661,1104572,1061323,1035387,1019816,1010459,541927,1219649,998290,864794,784670,736605,707761,690463,680091,673851,162588,495863,696094,816237,888321,931571,957521,973094,982438,988042,108465,330701,464218,544333,592400,621241,638545,648928,655160,658898,
PIC,13555480,8131880,5423600,4284395830,4287916600,813188,813188,813188,813188,813188,813188,813188,813188,813188,813188,542360,542360,542360,542360,542360,542360,542360,542360,542360,542360,428439583,428439583,428439583,428439583,428439583,428439583,428439583,428439583,428439583,428439583,428791660,428791660,428791660,428791660,428791660,428791660,428791660,428791660,428791660,428791660,
EWMA,10732277,6246375,4485902,4128633,2667233,530276,437256,1483393,401413,121903,1375467,240523,52530,1387034,216580,134779,188254,1055809,162675,162675,931134,25506,25506,899782,899782,106055,172295,434514,427893,366695,568449,502863,412796,607643,529430,26955,59214,258533,239361,239361,377715,307273,307273,425774,425774,
SW,14922401,9144707,5777694,7028366,3280817,1056976,727079,191506,1498389,386421,1497596,410061,1509029,383915,1483735,215508,465316,161829,1021311,279594,1020807,295354,1028426,277976,1011573,880103,880103,658520,658520,658520,658520,658520,658520,658520,658520,617281,416464,280884,280884,280884,280884,280884,280884,280884,280884,
AFC,10300327,6259094,4041233,4051079,2696634,293233,490418,1440574,642476,94747,1148300,519558,16487,1117070,496231,217573,177419,996056,306184,306184,763650,201028,201028,707567,164544,58646,145000,404114,451786,380379,533963,531082,428163,565944,552002,43514,70295,255447,265594,265594,365205,332370,332370,407409,358836,
AMBP,12671665,3687896,8983769,330732785,244566426,1784447,695833,150952,150952,150952,150952,150952,150952,150952,150952,1195721,327735,327735,1222798,1131812,1312661,1097878,789143,789143,789143,358788,426197,41243475,41243475,41243475,41243475,41243475,41243475,41243475,41243475,239224,256926,256926,450100,586442,731685,804923,80413400,80413400,80413400,
PIC,16249720,10566450,5683270,4281230890,4287579030,1056645,1056645,1056645,1056645,1056645,1056645,1056645,1056645,1056645,1056645,568327,568327,568327,568327,568327,568327,568327,568327,568327,568327,428123089,428123089,428123089,428123089,428123089,428123089,428123089,428123089,428123089,428123089,428757903,428757903,428757903,428757903,428757903,428757903,428757903,428757903,428757903,428757903,
EWMA,25398957,22732156,2666801,15387277,1783550,3064225,3088432,2554280,2267062,2145355,2024945,1930332,1881529,1896123,1879873,228437,403398,316622,294423,263187,239416,233101,232388,230420,225409,612845,1107962,1397225,1571192,1686024,1753808,1789112,1807595,1825300,1836214,45687,117229,157107,184570,200293,208117,213113,216968,219658,220808,
SW,24612893,21852061,2760832,15914456,1907757,3710383,716443,991049,1899601,2489507,2111262,2500886,2464148,2457126,2511656,445551,84980,119145,227273,344047,333083,306247,289562,307314,303630,2983865,2708085,1805958,1202364,1202364,1202364,1202364,1202364,1202364,1202364,359436,325169,216559,143799,143799,143799,143799,143799,143799,143799,
AFC,25051228,22363494,2687734,15021168,1805496,2300465,3253499,2666832,2331400,2131061,2027471,1963587,1923375,1890167,1875637,277558,382312,324496,277700,262663,245450,236290,230607,226466,224192,460093,1018774,1348385,1544988,1662202,1735255,1780921,1809411,1825562,1835577,55511,120871,161596,184816,200385,209398,214776,217942,219646,220555,
AMBP,24472172,21809098,2663074,14517417,1783499,1652972,3402158,2370667,2476187,2187029,2040914,2009409,1945211,1874019,1850532,198084,404327,364508,287805,245165,251757,237624,223850,223730,226224,330674,944970,1230109,1479324,1620865,1704874,1765781,1801667,1816137,1823016,39696,112622,162999,187960,199401,209872,215422,217107,218431,219989,
PIC,18197640,16249470,1948170,4273842970,4292434660,1624947,1624947,1624947,1624947,1624947,1624947,1624947,1624947,1624947,1624947,194817,194817,194817,194817,194817,194817,194817,194817,194817,194817,427384297,427384297,427384297,427384297,427384297,427384297,427384297,427384297,427384297,427384297,429243466,429243466,429243466,429243466,429243466,429243466,429243466,429243466,429243466,429243466,
EWMA,9964990,5854743,4110247,3890401,2479635,481782,445081,1449423,325361,137941,1264103,224085,71008,1261471,194488,102483,192800,1033966,111934,111934,865154,17236,17236,828752,828752,96356,166101,422765,403284,350215,532992,471210,391169,565229,491080,20496,54956,250758,222993,222993,351425,284587,284587,393420,393420,
SW,15196780,9337061,5859719,6760170,3203130,985347,708057,222859,1540318,407241,1546194,422406,1539954,427974,1536711,209328,463747,164542,1037724,282009,1041643,292114,1037487,295798,1035327,825069,825069,638754,638754,638754,638754,638754,638754,638754,638754,571529,397953,279206,279206,279206,279206,279206,279206,279206,279206,
AFC,10345612,6284906,4060706,4083017,2714320,337227,480661,1416371,653287,94480,1173828,519111,12125,1124789,473027,235316,172902,981719,314178,314178,780509,200943,200943,711513,148505,67445,150088,403344,453332,381562,540015,535835,431093,569832,550471,47063,72230,254127,266137,266137,369011,335398,335398,410621,358198,
AMBP,7746190,3683661,4062529,329873094,187202749,1783325,690376,151245,151245,151245,151245,151245,151245,151245,151245,1195279,324158,324158,347135,288134,1313517,67537,67537,67537,67537,358722,425052,41136165,41136165,41136165,41136165,41136165,41136165,41136165,41136165,239135,256139,256139,274338,277097,484381,46353880,46353880,46353880,46353880,
PIC,8549650,5946010,2603640,4287237470,4291582550,594601,594601,594601,594601,594601,594601,594601,594601,594601,594601,260364,260364,260364,260364,260364,260364,260364,260364,260364,260364,428723747,428723747,428723747,428723747,428723747,428723747,428723747,428723747,428723747,428723747,429158255,429158255,429158255,429158255,429158255,429158255,429158255,429158255,429158255,429158255,
EWMA,20660060,12476580,8183480,8464830,5539083,1770792,1661729,1402849,1245688,1151363,1094679,1060656,1040238,1027967,1020619,1083028,1112480,935067,827409,762790,723947,700646,686653,678248,673212,354158,615672,773107,867623,924371,958432,978876,991148,998511,1002932,216605,395780,503637,568391,607270,630605,644613,653021,658066,661095,
SW,20208570,12178735,8029835,8655662,5707006,2018896,349365,556750,1043658,1368652,1368547,1368364,1368202,1368135,1368166,1331137,230390,367071,688106,902394,902322,902197,902094,902052,902072,1669207,1461983,975004,649924,649924,649924,649924,649924,649924,649924,1100532,963954,642866,428522,428522,428522,428522,428522,428522,428522,
AFC,20207217,12178307,8028910,8171145,5386844,1176118,1782849,1474429,1288506,1176919,1109999,1069833,1045764,1031281,1022609,774099,1175761,972311,849660,776049,731894,705401,689517,679967,674251,235223,544748,730684,842248,909182,949345,973442,987906,996581,1001786,154819,359007,481667,555265,599421,625915,641812,651353,657075,660510,
AMBP,20066372,12093076,7973296,8087755,5332576,1008557,1815943,1494506,1300550,1184139,1114330,1072411,1047292,1032179,1023169,664941,1197286,985368,857491,780742,734714,707075,690516,680551,674612,201791,524621,718598,834988,904818,946720,971858,986944,995991,1001426,133068,345911,473802,550539,596579,624206,640779,650726,656691,660275,
PIC,16449730,9914460,6535270,4282078480,4286471430,991446,991446,991446,991446,991446,991446,991446,991446,991446,991446,653527,653527,653527,653527,653527,653527,653527,653527,653527,653527,428207848,428207848,428207848,428207848,428207848,428207848,428207848,428207848,428207848,428207848,428647143,428647143,428647143,428647143,428647143,428647143,428647143,428647143,428647143,428647143,
EWMA,21316775,13167893,8148882,8935735,5515401,1880008,1750665,1478536,1313275,1214043,1154446,1118683,1097251,1084374,1076612,1076771,1108236,931505,824169,759698,721003,697755,683839,675471,670435,376001,650933,816453,915817,975462,1011258,1032743,1045644,1053390,1058034,215354,393930,501445,565989,604730,627984,641938,650318,655348,658365,
SW,20834083,12841423,7992660,9147124,5694837,2130443,391529,579838,1096163,1440859,1440754,1440614,1440465,1440382,1440376,1326168,245348,360402,681961,896654,896585,896487,896391,896335,896329,1738568,1550380,1033937,689177,689177,689177,689177,689177,689177,689177,1080591,965614,643973,429237,429237,429237,429237,429237,429237,429237,
AFC,21005768,12946865,8058903,8716875,5425789,1431206,1843244,1533035,1345972,1233730,1166385,1125954,1101721,1087185,1078433,890251,1147480,954383,837904,768011,726080,700899,685811,676767,671317,286241,597641,784719,896969,964321,1004733,1028977,1043525,1052257,1057492,178050,371936,488425,558320,600258,625422,640517,649575,655013,658273,
AMBP,20642035,12724821,7917214,8498924,5287524,993516,1929942,1585612,1377492,1252595,1177703,1132730,1105770,1089586,1079875,614980,1201761,987113,857457,779646,732986,704971,688169,678094,672037,198783,545014,753133,878004,952922,997878,1024848,1041032,1050742,1056568,123076,338813,468473,546269,592944,620952,637755,647837,653888,657517,
PIC,16393630,10121530,6272100,4281809290,4286813550,1012153,1012153,1012153,1012153,1012153,1012153,1012153,1012153,1012153,1012153,627210,627210,627210,627210,627210,627210,627210,627210,627210,627210,428180929,428180929,428180929,428180929,428180929,428180929,428180929,428180929,428180929,428180929,428681355,428681355,428681355,428681355,428681355,428681355,428681355,428681355,428681355,428681355,
EWMA,21319243,13168219,8151024,8935921,5516782,1879844,1750830,1478603,1313238,1214032,1154556,1118839,1097228,1084376,1076673,1076723,1108657,931805,824348,759872,721273,698068,683987,675639,670652,375968,650940,816472,915825,975466,1011284,1032795,1045681,1053420,1058070,215344,394006,501565,566121,604871,628151,642134,650504,655531,658555,
SW,20829924,12837990,7991934,9144501,5694098,2129912,391279,579736,1095845,1440561,1440243,1440204,1440195,1440046,1439969,1326091,245196,360409,681856,896654,896392,896399,896416,896290,896231,1738236,1549952,1033642,688953,688953,688953,688953,688953,688953,688953,1080599,965522,643899,429154,429154,429154,429154,429154,429154,429154,
AFC,21001297,12943299,8057998,8714440,5425145,1430951,1842565,1532506,1345714,1233264,1166020,1125731,1101534,1086881,1078133,890270,1147221,954183,837900,767812,725956,700891,685835,676695,671235,286190,597465,784473,896721,964029,1004427,1028687,1043256,1051981,1057211,178054,371887,488346,558256,600167,625324,640437,649516,654951,658207,
AMBP,20633464,12717911,7915553,8494520,5286513,993376,1929583,1584477,1376579,1251796,1176872,1131907,1105122,1088946,1079253,615036,1201861,986792,857207,779428,732709,704670,688020,677935,671895,198755,544920,752831,877580,952423,997312,1024231,1040409,1050116,1055943,123087,338841,468431,546186,592834,620809,637581,647668,653721,657355,
PIC,16386540,10115790,6270750,4281816750,4286815300,1011579,1011579,1011579,1011579,1011579,1011579,1011579,1011579,1011579,1011579,627075,627075,627075,627075,627075,627075,627075,627075,627075,627075,428181675,428181675,428181675,428181675,428181675,428181675,428181675,428181675,428181675,428181675,428681530,428681530,428681530,428681530,428681530,428681530,428681530,428681530,428681530,428681530,
EWMA,21166462,13317887,7848575,9037015,5309360,1901820,1769234,1494848,1328197,1228064,1167844,1131808,1110047,1096883,1089142,1025590,1068956,898816,795259,733023,695683,673264,659706,651521,646757,380364,658138,825480,926023,986431,1022713,1044532,1057635,1065484,1070215,205118,377885,482071,544708,582371,605033,618679,626884,631811,634800,
SW,20694586,12988202,7706384,9250591,5490671,2154650,395358,586519,1108824,1457367,1457312,1457168,1457134,1456966,1456904,1278532,237333,347095,657352,864492,864465,864391,864315,864179,864230,1758963,1567819,1045509,696900,696900,696900,696900,696900,696900,696900,1040973,931222,620987,413927,413927,413927,413927,413927,413927,413927,
AFC,20865636,13094668,7770968,8816492,5231859,1447944,1864265,1550409,1361296,1247756,1179689,1138755,1114315,1099583,1090656,858225,1106522,920224,808017,740597,700207,675859,661352,652604,647361,289588,604523,793700,907219,975326,1016198,1040709,1055430,1064260,1069539,171645,358620,470940,538355,578803,603083,617638,626380,631624,634771,
AMBP,20506679,12871038,7635641,8596829,5099206,1006092,1952220,1603500,1393117,1266785,1191063,1145592,1118415,1101955,1092299,591259,1159671,952327,827221,752063,707096,679987,663739,654013,648265,201298,551482,761885,888131,963861,1009301,1036559,1052930,1062735,1068647,118331,326599,451744,526839,571883,598925,615137,624857,630688,634203,
PIC,15693940,9893160,5800780,4282106170,4287426260,989316,989316,989316,989316,989316,989316,989316,989316,989316,989316,580078,580078,580078,580078,580078,580078,580078,580078,580078,580078,428210617,428210617,428210617,428210617,428210617,428210617,428210617,428210617,428210617,428210617,428742626,428742626,428742626,428742626,428742626,428742626,428742626,428742626,428742626,428742626,
EWMA,18073001,15715223,2357778,10620310,1573604,2086779,2069199,1828816,1546424,1519152,1373607,1334905,1339776,1327245,1289320,164342,360836,298716,258832,239617,212327,216593,208341,203904,194270,417355,747723,963941,1080437,1168180,1209265,1234393,1255469,1269824,1273723,32868,98461,138512,162576,177984,184852,191200,194628,196483,196040,
SW,17943763,15580035,2363728,10386142,1808229,2545792,452559,495973,1328753,1815627,1752653,1818519,1786510,1776933,1806716,395656,120451,110059,185107,262453,254903,261262,252208,262143,259486,2055591,1852111,1164775,759095,759095,759095,759095,759095,759095,759095,325203,304531,208722,138539,138539,138539,138539,138539,138539,138539,
AFC,17330178,14600519,2729659,9778185,1840310,1438471,2286429,1866357,1644846,1494047,1380417,321835,1333699,1395514,1438904,215730,354647,286635,255089,233252,215909,757199,115880,128974,166344,287694,687441,923224,1067548,1152847,1198361,1023056,1085184,1147250,1205580,43146,105446,141683,164364,178141,185694,299995,263172,236333,222336,
AMBP,17606739,15251313,2355426,10173844,1567359,1203203,2307234,1869161,1677122,1499294,1385117,1361862,1313903,1320891,1313526,159814,354589,305657,260963,226047,222210,213896,205279,204471,202500,240720,654022,897049,1053063,1142309,1190870,1225068,1242835,1258446,1269462,32042,96551,138372,162890,175521,184858,190665,193587,195763,197110,
PIC,12942000,11117660,1824340,4280514320,4292595640,1111766,1111766,1111766,1111766,1111766,1111766,1111766,1111766,1111766,1111766,182434,182434,182434,182434,182434,182434,182434,182434,182434,182434,428051432,428051432,428051432,428051432,428051432,428051432,428051432,428051432,428051432,428051432,429259564,429259564,429259564,429259564,429259564,429259564,429259564,429259564,429259564,429259564,
EWMA,18111245,15743757,2367488,10640156,1577229,2093101,2084429,1825181,1566755,1499570,1404851,1313568,1313329,1337467,1305506,165251,361985,302913,255452,239421,212781,216122,206856,204731,201976,418620,751781,966461,1086519,1169129,1216273,1235732,1251251,1268494,1275896,33050,98837,139652,162812,178133,185062,191274,194390,196458,197561,
SW,17982281,15624091,2358190,10384322,1848442,2563747,413748,516321,1345769,1813154,1781162,1800898,1824584,1762890,1801818,397445,143779,103749,179918,259095,252874,257130,250167,256956,257077,2063966,1845460,1164605,758613,758613,758613,758613,758613,758613,758613,323151,312926,214991,142482,142482,142482,142482,142482,142482,142482,
AFC,17696536,15275507,2421029,10251247,1625887,1442744,2290245,1892878,1640835,1493166,1365613,1168254,1340903,1352495,1288374,211331,357470,294058,255342,232584,251548,223852,197447,203230,194167,288548,688887,929685,1071915,1156165,1198054,1192094,1221855,1247983,1256061,42266,105306,143056,165513,178927,193451,199531,199115,199938,198784,
AMBP,17616184,15151813,2464371,134998967,1602299,1148631,2277920,1936129,1694853,1511438,1424984,1343330,1347617,1311062,1155849,176191,362542,299596,259471,225963,224875,212935,207901,202160,292737,229806,639428,898768,1057985,1148675,1203936,1231814,1254974,1266191,126067390,35318,100762,140528,164316,176645,186291,191619,194875,196332,215613,
PIC,27140330,25561370,1578960,4261737500,4292914630,2556137,2556137,2556137,2556137,2556137,2556137,2556137,2556137,2556137,2556137,157896,157896,157896,157896,157896,157896,157896,157896,157896,157896,426173750,426173750,426173750,426173750,426173750,426173750,426173750,426173750,426173750,426173750,429291463,429291463,429291463,429291463,429291463,429291463,429291463,429291463,429291463,429291463,
EWMA,15047971,9315404,5732567,6306873,3866586,1236092,1268717,1055639,950289,876535,822158,790068,776509,767341,772056,671833,806684,666291,596975,548450,512532,491346,482427,476405,479624,247218,451517,572341,647930,693651,719352,733495,742097,747145,752127,134366,268829,348321,398051,428130,445010,454277,459907,463206,466489,
SW,14813742,9141735,5672007,6489052,4026235,1516568,262184,417597,782837,1028548,1027795,1020595,1024704,1032926,1027981,941079,163119,258948,485614,638188,637663,632882,635614,641108,637792,1245788,1098375,732116,487539,487539,487539,487539,487539,487539,487539,772218,681715,454382,302560,302560,302560,302560,302560,302560,302560,
AFC,14851011,9165898,5685113,6144400,3809729,893955,1336395,1112511,967592,874684,827671,804894,783874,790144,774178,548515,830433,691436,600866,542621,513487,499619,486393,491053,480690,178791,410311,550751,634119,682232,711319,730034,740802,750670,755371,109703,253849,341366,393266,423137,441207,452889,459589,465881,468842,
AMBP,14703949,9073833,5630116,6053759,3755658,729540,1364323,1126134,972216,882164,833648,812187,797075,776781,779765,451170,846675,699109,603108,547071,517157,504276,495089,482078,484383,145988,389655,536950,624003,675635,707237,728227,741996,748953,755115,90314,241586,333090,387093,419088,438701,451816,460470,464791,468709,
PIC,12097700,7470200,4627500,4285256020,4288951530,747020,747020,747020,747020,747020,747020,747020,747020,747020,747020,462750,462750,462750,462750,462750,462750,462750,462750,462750,462750,428525602,428525602,428525602,428525602,428525602,428525602,428525602,428525602,428525602,428525602,428895153,428895153,428895153,428895153,428895153,428895153,428895153,428895153,428895153,428895153,
EWMA,25391216,19323594,6067622,13186486,4112176,2931077,2839161,1718789,1995536,2096091,1253349,1728045,1939326,1151521,1670699,703480,894774,714611,572532,622575,552053,473407,563679,519840,450671,586215,1036804,1173201,1337668,1489352,1442151,1499329,1587328,1500166,1534272,140696,291511,376131,415411,456843,475885,475389,493047,498405,488858,
SW,24830039,18866638,5963401,13351083,4316610,3171409,892476,431396,1676110,2437268,1738330,2171174,2438689,1737847,2171939,949104,240404,288851,457258,709439,684151,620362,709648,683652,620532,2545356,2307342,1498427,999994,999994,999994,999994,999994,999994,999994,797697,724261,492786,328838,328838,328838,328838,328838,328838,328838,
AFC,25318607,19317453,6001154,12877338,4004846,2101680,2632826,2432089,2255180,1231820,1936030,1955357,1053704,1829028,1889739,609162,759187,740423,676193,574521,544661,557261,506521,501812,531413,420336,862834,1176685,1392384,1360272,1475423,1571409,1467868,1540100,1610027,121832,249303,347527,413260,445512,465341,483725,488284,490989,499073,
AMBP,22879729,17022944,5856785,603447536,147945586,697771,3032935,2720557,1618764,1953403,2073458,1231514,1231514,1231514,1231514,499275,849794,788960,654927,532251,598724,541712,463714,463714,463714,139634,718294,1118746,1218749,1365679,1507234,149344800,149344800,149344800,149344800,99935,249906,357716,417158,440176,471885,485850,48474320,48474320,48474320,
PIC,41198720,31706760,9491960,4253748490,4282627730,3170676,3170676,3170676,3170676,3170676,3170676,3170676,3170676,3170676,3170676,949196,949196,949196,949196,949196,949196,949196,949196,949196,949196,425374849,425374849,425374849,425374849,425374849,425374849,425374849,425374849,425374849,425374849,428262773,428262773,428262773,428262773,428262773,428262773,428262773,428262773,428262773,428262773,
EWMA,18133694,15763732,2369962,10639882,1577264,2090736,2068626,1827735,1563148,1502915,1380377,1347066,1331362,1336846,1314921,164821,360569,299397,259655,238363,212042,218626,208408,204859,203222,418147,748242,964140,1083941,1167735,1210263,1237623,1256370,1272465,1280956,32964,98485,138667,162864,177963,184778,191547,194919,196907,198170,
SW,17962627,15605492,2357135,10357024,1839748,2554471,412686,515180,1342390,1825424,1771715,1812812,1815305,1765619,1789890,396539,139955,104697,180631,260822,252509,258712,248751,259001,255518,2057767,1841214,1160779,756752,756752,756752,756752,756752,756752,756752,322400,311291,213730,141761,141761,141761,141761,141761,141761,141761,
AFC,17628960,15225939,2403021,10221992,1611532,1444941,2291572,1863233,1646565,1498517,1373873,1157077,1322801,1330053,1297307,212968,356262,289985,256368,233086,228799,227083,199015,201088,198367,288988,689504,924249,1068712,1154673,1198513,1190226,1216741,1239403,1250983,42593,105326,142257,165079,178680,188703,196379,196906,197742,197867,
AMBP,17605368,15179346,2426022,135024039,1592145,1145092,2278107,1948599,1678856,1453253,1436511,1364959,1308303,1331855,1233811,173897,364906,298352,252280,234549,222771,211921,204062,204909,258375,229098,638899,900839,1056442,1135804,1195945,1229747,1245458,1262737,126129070,34859,100868,140364,162747,177107,186239,191375,193912,196111,208563,
PIC,27078250,25434680,1643570,4261902190,4292830640,2543468,2543468,2543468,2543468,2543468,2543468,2543468,2543468,2543468,2543468,164357,164357,164357,164357,164357,164357,164357,164357,164357,164357,426190219,426190219,426190219,426190219,426190219,426190219,426190219,426190219,426190219,426190219,429283064,429283064,429283064,429283064,429283064,429283064,429283064,429283064,429283064,429283064,
EWMA,18123560,15754675,2368885,10638343,1577035,2088500,2070632,1824144,1571892,1498970,1388250,1337622,1330566,1336239,1307860,164592,360926,297782,261899,237863,212350,218089,208280,204710,202394,417700,748286,963457,1085144,1167909,1211977,1237106,1255798,1271886,1279080,32918,98519,138371,163076,178033,184896,191534,194883,196848,197957,
SW,18044310,15685163,2359147,10340725,1862879,2578037,383130,520543,1350236,1836982,1770193,1824360,1837321,1776519,1807842,398900,152761,100286,177388,260136,249638,258606,250859,254617,255956,2074930,1846104,1160570,751303,751303,751303,751303,751303,751303,751303,324186,317031,217316,143478,143478,143478,143478,143478,143478,143478,
AFC,17684960,15261245,2423715,10239239,1627588,1452728,2270340,1896659,1650414,1487787,1359310,1164677,1330106,1349429,1299795,210582,356476,294588,256737,231819,258104,221803,195728,201961,195917,290545,686504,928535,1072910,1155885,1196570,1190192,1218174,1244425,1255499,42116,104988,142908,165673,178902,194742,200154,199269,199807,199029,
AMBP,17617279,15162014,2455265,135158607,1599824,1141438,2290660,1944032,1681760,1495155,1403213,1366277,1346125,1320643,1172711,172849,366271,300198,258046,225054,224628,212902,207912,203735,283670,228367,640825,901466,1057524,1145050,1196682,1230601,1253705,1267092,126237295,34649,100973,140818,164263,176421,186062,191430,194726,196527,213955,
PIC,26969880,25354340,1615540,4262006640,4292867080,2535434,2535434,2535434,2535434,2535434,2535434,2535434,2535434,2535434,2535434,161554,161554,161554,161554,161554,161554,161554,161554,161554,161554,426200664,426200664,426200664,426200664,426200664,426200664,426200664,426200664,426200664,426200664,429286708,429286708,429286708,429286708,429286708,429286708,429286708,429286708,429286708,429286708,
EWMA,24703745,18619361,6084384,12713155,4122676,2920594,2856056,1348122,2056314,2139195,928164,1801666,1992859,828060,1748331,687276,874337,777530,549092,598562,609532,448396,538715,574603,426341,584118,1038505,1100428,1291605,1461123,1354531,1443958,1553738,1408602,1476547,137455,284831,383370,416514,452923,484244,477074,489402,506442,490421,
SW,24224057,18247601,5976456,12793230,4323372,3160657,980380,166017,1720632,2482605,1426802,2201344,2482249,1425736,2201179,933483,205016,338959,440000,688729,736498,604470,689053,735797,604451,2453785,2214028,1435685,955676,955676,955676,955676,955676,955676,955676,809742,725200,492486,327992,327992,327992,327992,327992,327992,327992,
AFC,24576572,18679342,5897230,12474219,3964193,2121931,2440251,2605139,2038094,971788,2157113,1766449,809915,2059205,1709457,592251,711734,775202,567392,701432,561181,438335,624706,514344,410653,424386,827559,1183075,1354078,1277620,1453518,1516104,1374867,1511734,1551278,118450,237106,344725,389258,451692,473589,466539,498172,501406,483256,
AMBP,21215612,15280159,5935453,584124579,150543205,355724,3087298,2765521,1287443,2026613,2128964,907149,907149,907149,907149,741196,784751,741546,695552,498745,570377,592916,436790,436790,436790,71224,674438,1092654,1131611,1310611,1474281,144592440,144592440,144592440,144592440,148319,275605,368793,434144,447064,471726,495964,49300530,49300530,49300530,
PIC,40881750,31559940,9321810,4253939360,4282848930,3155994,3155994,3155994,3155994,3155994,3155994,3155994,3155994,3155994,3155994,932181,932181,932181,932181,932181,932181,932181,932181,932181,932181,425393936,425393936,425393936,425393936,425393936,425393936,425393936,425393936,425393936,425393936,428284893,428284893,428284893,428284893,428284893,428284893,428284893,428284893,428284893,428284893,
EWMA,17482028,15179350,2302678,10331827,1540279,1968593,2092675,1796984,1460062,1471233,1462187,1136511,1389038,1347387,1054680,143882,371275,296220,237691,244411,226853,186326,213330,203387,179303,393718,733509,946204,1048975,1133426,1199178,1186644,1227122,1251175,1211876,28776,97275,137064,157189,174633,185077,185326,190926,193418,190595,
SW,17355937,15111376,2244561,8863856,2084385,2335535,385104,144435,1232506,1758524,1921577,1771435,1815970,1948497,1797793,378839,59077,443875,107561,172577,199808,213998,215076,240225,213525,2032725,1764670,955025,587348,587348,587348,587348,587348,587348,587348,318937,279265,279265,203504,203504,159982,159982,159982,159982,159982,
AFC,16895837,14444602,2451235,9869494,1631914,1595739,2236171,1845100,1327929,1570547,1407123,1116051,1043378,1191362,1111202,192872,360161,291791,221246,243279,220097,176789,416729,183612,144659,319147,702551,931060,1010433,1122455,1179388,1166721,1142053,1151914,1143772,38574,102891,140671,156786,174084,183286,181987,228935,219871,204829,
AMBP,16528798,14284991,2243807,247724304,38956129,1242644,2240614,1574569,1747826,1510739,1131816,1416312,1340805,1039833,1039833,175737,354507,259284,269130,228491,184658,226734,209118,168074,168074,248608,647009,832521,1015582,1114613,1118053,1177704,1210324,120179945,120179945,35227,99083,131123,158724,172677,175073,185405,190147,18904335,18904335,
PIC,29852780,25853320,3999460,4261357960,4289767980,2585332,2585332,2585332,2585332,2585332,2585332,2585332,2585332,2585332,2585332,399946,399946,399946,399946,399946,399946,399946,399946,399946,399946,426135796,426135796,426135796,426135796,426135796,426135796,426135796,426135796,426135796,426135796,428976798,428976798,428976798,428976798,428976798,428976798,428976798,428976798,428976798,428976798,
EWMA,18015512,15661728,2353784,10588473,1569223,2062771,2064751,1823726,1558371,1519055,1357090,1345146,1347398,1303953,1279467,160891,361462,293828,265241,238440,213883,214345,207339,196211,202144,412554,742993,959139,1078985,1166999,1205017,1233042,1255913,1265521,1268310,32178,98034,137192,162801,177928,185119,190964,194239,194633,196135,
SW,17966722,15595199,2371523,10415899,1790345,2555684,459158,487713,1333844,1815837,1742657,1825114,1792303,1771447,1811442,396750,108232,113695,188493,264846,255218,264009,253925,263959,262396,2068837,1857878,1167518,760238,760238,760238,760238,760238,760238,760238,325884,300586,206226,136807,136807,136807,136807,136807,136807,136807,
AFC,17603785,15204795,2398990,10215818,1609773,1429740,2293131,1871081,1639984,1506780,1378817,1147680,1336860,1325707,1275015,216364,355244,290105,251431,238087,221843,226979,201638,201694,195605,285948,687384,924123,1067295,1155192,1199917,1189470,1218948,1240299,1247242,43272,105666,142553,164328,179079,187631,195500,196727,197720,197297,
AMBP,17597651,15184774,2412877,134879091,1588919,1140432,2281728,1951661,1650959,1478456,1425097,1374307,1308800,1315898,1257436,174836,363771,298269,249417,237856,221581,212817,203593,203768,246969,228166,638878,901434,1051339,1136762,1194429,1230404,1246083,1260046,125991550,35047,100791,140286,162112,177260,186124,191462,193888,195864,206085,
PIC,27030200,25358140,1672060,4262001700,4292793600,2535814,2535814,2535814,2535814,2535814,2535814,2535814,2535814,2535814,2535814,167206,167206,167206,167206,167206,167206,167206,167206,167206,167206,426200170,426200170,426200170,426200170,426200170,426200170,426200170,426200170,426200170,426200170,429279360,429279360,429279360,429279360,429279360,429279360,429279360,429279360,429279360,429279360,
EWMA,15082795,9336304,5746491,6317571,3873710,1249477,1256726,1061101,947191,872218,825439,790403,785583,777535,770631,680765,798771,669891,594869,545548,514700,491570,488487,483205,478685,249895,451261,573229,648021,692860,719375,733580,743980,750691,754679,136153,268676,348919,398109,427596,445016,454326,461158,465567,468190,
SW,14761855,9110395,5651460,6499455,4033160,1499819,276877,415310,775390,1033847,1028968,1011341,1022345,1030424,1016074,930018,172877,257420,480638,641749,638508,626793,634098,639464,629895,1246705,1097737,730669,489192,489192,489192,489192,489192,489192,489192,772885,681322,453438,303645,303645,303645,303645,303645,303645,303645,
AFC,14832027,9154395,5677632,6145273,3810443,903889,1335183,1094949,977777,881017,827499,807580,792483,761029,772989,555219,829638,679705,607682,546862,513394,501431,492135,471649,479917,180777,411658,548316,634208,683569,712355,731400,743616,747098,752276,111043,254762,339750,393336,424041,441911,453815,461479,463513,466793,
AMBP,14752860,9103137,5649723,6085186,3776642,747544,1361982,1125517,986457,891760,843751,812321,785976,775877,771952,463178,845158,698605,612632,553512,523893,504358,487690,481514,479183,149588,392066,538756,628296,680988,713540,733296,743832,750241,754583,92715,243203,334283,389952,422664,442909,455198,461696,465659,468363,
PIC,12125080,7486580,4638500,4285234720,4288937230,748658,748658,748658,748658,748658,748658,748658,748658,748658,748658,463850,463850,463850,463850,463850,463850,463850,463850,463850,463850,428523472,428523472,428523472,428523472,428523472,428523472,428523472,428523472,428523472,428523472,428893723,428893723,428893723,428893723,428893723,428893723,428893723,428893723,428893723,428893723,
EWMA,17369357,15080801,2288556,10142509,1516478,2084497,1768616,1829751,1679902,1116583,1452659,1459744,972023,1375820,1341206,164057,314779,315898,259267,197416,233348,221447,164073,204459,213812,416899,687242,915743,1068574,1078175,1153071,1214405,1165928,1207906,1234566,32811,89204,134542,159487,167072,180327,188551,183655,187815,193014,
SW,20652975,17815773,2837202,14245976,2031667,2555139,2555139,2555139,32341,50309,2772908,1634752,1258658,2741550,1659838,396677,17708,958890,131684,56341,158415,285185,228601,321288,282413,2313336,2313336,2313336,2030390,879263,879263,879263,879263,879263,879263,323975,282573,282573,282573,282573,115480,115480,115480,115480,115480,
AFC,18104102,15538996,2565106,10660961,1772919,1231512,3155539,1702210,1116157,2657565,490623,728981,2533604,1180375,742430,214195,379491,284903,198385,286946,598303,95310,212560,164426,130587,246302,828149,1002961,1025600,1351993,1179719,1089572,1378378,1338778,1219509,42839,110169,145115,155769,182004,265263,231273,227531,214910,198046,
AMBP,16930819,14653640,2277179,579479399,39083843,2395855,2022685,1483967,1640816,1477322,1126599,1126599,1126599,1126599,1126599,233039,350265,253373,264058,235207,184279,219091,208403,164732,164732,479251,787937,927143,1069877,1151366,115012765,115012765,115012765,115012765,115012765,46687,107402,136596,162088,176711,178224,186397,190798,18949470,18949470,
PIC,29291970,25333370,3958600,4262033900,4289821100,2533337,2533337,2533337,2533337,2533337,2533337,2533337,2533337,2533337,2533337,395860,395860,395860,395860,395860,395860,395860,395860,395860,395860,426203390,426203390,426203390,426203390,426203390,426203390,426203390,426203390,426203390,426203390,428982110,428982110,428982110,428982110,428982110,428982110,428982110,428982110,428982110,428982110,
EWMA,18118995,15751820,2367175,10630348,1575893,2077478,2057203,1833573,1567139,1514481,1370796,1346097,1342425,1331114,1311514,163123,360155,296503,264057,238657,212573,217138,208932,204187,201850,415495,743836,961783,1082854,1169179,1209502,1236821,1257941,1272575,1280362,32624,98130,137804,163054,178174,185053,191470,194962,196807,197815,
SW,18012905,15653259,2359646,10367819,1851990,2586743,415553,506574,1341010,1818342,1775670,1803286,1821548,1788618,1795915,399734,146824,101635,179053,259107,251891,256338,248324,260816,255924,2065465,1852078,1169623,754379,754379,754379,754379,754379,754379,754379,323859,314539,216064,142504,142504,142504,142504,142504,142504,142504,
AFC,17685791,15262747,2423044,10248147,1627799,1463079,2277738,1889235,1641645,1497777,1373536,1159501,1315850,1352052,1292334,213042,356198,293621,255508,233286,257538,221638,194583,202172,195458,292615,689639,929558,1071975,1157135,1200415,1192233,1216956,1243975,1253646,42608,105326,142985,165489,179048,194746,200124,199016,199647,198810,
AMBP,17595905,15162158,2433747,134828898,1594143,1140525,2311559,1923919,1680835,1488240,1392813,1366517,1334552,1312854,1210344,171845,369463,297313,254185,231080,222250,212024,206680,202939,265968,228185,644859,900671,1056703,1143010,1192970,1227679,1249053,1261813,125923955,34449,101451,140623,163335,176884,185957,191170,194272,196005,209997,
PIC,27066270,25418780,1647490,4261922860,4292825540,2541878,2541878,2541878,2541878,2541878,2541878,2541878,2541878,2541878,2541878,164749,164749,164749,164749,164749,164749,164749,164749,164749,164749,426192286,426192286,426192286,426192286,426192286,426192286,426192286,426192286,426192286,426192286,429282554,429282554,429282554,429282554,429282554,429282554,429282554,429282554,429282554,429282554,
EWMA,21114977,13297193,7817784,9022186,5288149,1898061,1765691,1492299,1326193,1226383,1166070,1130170,1108895,1095568,1087863,1020834,1064383,895225,792333,730526,692877,670580,657543,649163,644320,379612,656827,823921,924375,984776,1021034,1042861,1056067,1063967,1068746,204166,376209,480012,542476,580086,602644,616231,624493,629427,632405,
SW,20650133,12972079,7678054,9238442,5470209,2151607,395136,585727,1107319,1455550,1455471,1455527,1455294,1455148,1455300,1273601,236563,345790,654958,861295,861287,861337,861121,861006,861096,1756218,1565640,1044157,696061,696061,696061,696061,696061,696061,696061,1036857,927642,618651,412437,412437,412437,412437,412437,412437,412437,
AFC,20819585,13077660,7741925,8804808,5212127,1445621,1861751,1548511,1359400,1246254,1178066,1137540,1112989,1098017,1089511,854720,1102239,916924,804847,737829,697532,673582,659072,650104,645076,289124,603649,792621,905976,974031,1014838,1039378,1054100,1062883,1068208,170944,357203,469147,536287,576595,600782,615342,624088,629291,632448,
AMBP,20461278,12853969,7607309,8585296,5080135,1004748,1949577,1601105,1391005,1265303,1189576,1144078,1117174,1100603,1090800,588992,1155316,948718,823942,749292,704384,677552,661591,651641,645881,201029,550738,760811,886849,962539,1007946,1035172,1051572,1061378,1067262,117878,325365,450035,524816,569711,596645,612826,622579,628391,631889,
PIC,15652670,9876390,5776280,4282127970,4287458110,987639,987639,987639,987639,987639,987639,987639,987639,987639,987639,577628,577628,577628,577628,577628,577628,577628,577628,577628,577628,428212797,428212797,428212797,428212797,428212797,428212797,428212797,428212797,428212797,428212797,428745811,428745811,428745811,428745811,428745811,428745811,428745811,428745811,428745811,428745811,
EWMA,15074129,9331162,5742967,6309147,3868037,1222809,1262267,1063781,947091,879203,826740,793625,789219,771786,774641,663034,802396,671681,594816,550151,515533,493730,490925,479371,481330,244561,448102,571237,646407,692966,719720,734501,745444,750712,755497,132606,266564,347587,397032,427655,445230,454930,462129,465577,468727,
SW,14758956,9108762,5650194,6518218,4045705,1500621,274934,426981,773124,1016305,1024748,1018041,1027369,1034715,1011924,930524,171588,265215,479124,630040,635673,631201,637418,642301,627110,1244507,1097772,734179,491680,491680,491680,491680,491680,491680,491680,771426,681340,455776,305309,305309,305309,305309,305309,305309,305309,
AFC,14807299,9139572,5667727,6135381,3803817,901174,1329374,1099268,968941,885370,823337,804591,801635,757653,768229,553395,825777,682580,601793,549741,510595,499436,498235,469429,476746,180234,410062,547903,632110,682762,710877,729619,744022,746748,751044,110679,253698,339474,391937,423497,440916,452620,461743,463280,465973,
AMBP,14715258,9080650,5634608,6073277,3768607,752651,1366151,1120852,981066,890662,838307,802040,784651,775650,768620,466559,847898,695518,608999,552720,520253,497549,486818,481324,476970,150610,393718,539144,627528,680154,711784,729835,740798,747768,751938,93391,244292,334537,389429,422087,441720,452885,459671,464001,466594,
PIC,12289740,7585400,4704340,4285106260,4288851640,758540,758540,758540,758540,758540,758540,758540,758540,758540,758540,470434,470434,470434,470434,470434,470434,470434,470434,470434,470434,428510626,428510626,428510626,428510626,428510626,428510626,428510626,428510626,428510626,428510626,428885164,428885164,428885164,428885164,428885164,428885164,428885164,428885164,428885164,428885164,
EWMA,18053824,15699081,2354743,10617036,1572921,2078512,2073843,1821302,1570718,1502188,1371551,1354276,1325289,1325376,1276026,162998,361793,295990,263614,237528,212675,218020,206824,203675,191626,415702,747330,962124,1083842,1167511,1208319,1237510,1255065,1269127,1270506,32599,98437,137947,163080,177969,184910,191532,194590,196407,195450,
SW,17899489,15536996,2362493,10426366,1799682,2550143,449425,497819,1347487,1797083,1748648,1814034,1776189,1758662,1797506,396066,111881,112975,188861,262314,255213,262375,251939,261661,259208,2058205,1847995,1165796,764910,764910,764910,764910,764910,764910,764910,326005,301361,206974,137906,137906,137906,137906,137906,137906,137906,
AFC,17325184,14594731,2730453,9783201,1842504,1421661,2301656,1849865,1644802,1507065,1383172,342305,1340172,1395390,1408643,214790,356695,282272,255872,235540,216392,762985,116196,127806,161905,284332,687796,920209,1065127,1153514,1199445,1028017,1090448,1151436,1202877,42958,105705,141018,163988,178298,185916,301329,264303,237004,221985,
AMBP,17594619,15239818,2354801,10176640,1568205,1203567,2330749,1861290,1672237,1519071,1383351,1332376,1303466,1331848,1301863,160572,358248,303496,260738,230263,217544,212795,204220,205576,201349,240793,658784,899285,1053875,1146914,1194201,1221836,1238162,1256899,1265891,32194,97404,138622,163045,176488,184699,190318,193098,195593,196744,
PIC,13175680,11327600,1848080,4280241400,4292564770,1132760,1132760,1132760,1132760,1132760,1132760,1132760,1132760,1132760,1132760,184808,184808,184808,184808,184808,184808,184808,184808,184808,184808,428024140,428024140,428024140,428024140,428024140,428024140,428024140,428024140,428024140,428024140,429256477,429256477,429256477,429256477,429256477,429256477,429256477,429256477,429256477,429256477,
EWMA,17486367,15182637,2303730,10316658,1537940,1940530,2108030,1786207,1451486,1492240,1455802,1113129,1423086,1324280,1087847,138506,375048,296469,235398,247119,225175,184559,216085,197709,187662,388106,732090,942913,1044627,1134149,1198479,1181409,1229744,1248651,1216490,27701,97170,137029,156702,174785,184863,184802,191058,192388,191442,
SW,17428400,15172828,2255572,8878712,2082868,2373192,391271,136181,1231597,1765585,1910652,1777467,1836982,1941634,1808267,381022,60548,448595,108939,171135,194811,215935,217370,242654,214563,2038322,1769059,966881,586350,586350,586350,586350,586350,586350,586350,319507,279916,279916,206027,206027,158295,158295,158295,158295,158295,
AFC,16952912,14476680,2476232,9890955,1646563,1658375,2204169,1814330,1378306,1556478,1408543,1153967,947857,1205619,1149036,199022,360130,290143,223480,241824,220372,181932,431809,180079,147441,331675,706173,927804,1017904,1125618,1182203,1176556,1130817,1145777,1146428,39804,103869,141123,157594,174440,183626,183288,232992,222410,207417,
AMBP,16538395,14299275,2239120,248002025,38946030,1245938,2261713,1563501,1722413,1544284,1128976,1436712,1324984,1035377,1035377,173197,354027,260456,268324,230302,190822,218267,211951,165887,165887,249267,651756,834105,1011766,1118269,1120410,1183670,1211932,120310425,120310425,34719,98580,130955,158428,172802,176406,184778,190212,18899575,18899575,
PIC,29821730,25825840,3995890,4261393690,4289772620,2582584,2582584,2582584,2582584,2582584,2582584,2582584,2582584,2582584,2582584,399589,399589,399589,399589,399589,399589,399589,399589,399589,399589,426139369,426139369,426139369,426139369,426139369,426139369,426139369,426139369,426139369,426139369,428977262,428977262,428977262,428977262,428977262,428977262,428977262,428977262,428977262,428977262,
EWMA,18076863,15718840,2358023,10617543,1573174,2073347,2060426,1846063,1548111,1516597,1377059,1342508,1328105,1326551,1300073,162361,360717,298547,261137,238815,213403,216785,206699,204157,195402,414669,743820,964268,1081036,1168148,1209930,1236445,1254777,1269131,1275319,32472,98121,138206,162792,177996,185077,191418,194474,196410,196208,
SW,18005777,15642605,2363172,10397172,1841212,2582106,416534,499752,1355815,1815076,1766620,1811902,1803665,1783526,1807609,399284,136837,104194,182894,260452,252350,259305,247334,261817,258705,2073503,1855969,1166131,757367,757367,757367,757367,757367,757367,757367,327037,311581,213438,141308,141308,141308,141308,141308,141308,141308,
AFC,17684886,15259239,2425647,10244259,1629935,1454062,2282008,1888008,1644408,1497775,1371865,1152063,1326471,1352020,1290559,213501,356710,293214,255742,233188,260958,219721,195653,201894,195066,290812,689051,928842,1071955,1157119,1200068,1190467,1217667,1244537,1253741,42700,105502,143044,165583,179104,195474,200323,199389,199890,198926,
AMBP,17623247,15172399,2450848,134903994,1598972,1143657,2297770,1937442,1690034,1491172,1419408,1359978,1317150,1318350,1197438,171900,368285,298777,257732,227354,225160,212513,204896,203477,280754,228811,642602,901570,1059262,1145644,1200396,1232312,1249279,1263093,125981025,34460,101225,140735,164134,176778,186454,191665,194311,196144,213066,
PIC,27091360,25476400,1614960,4261847960,4292867830,2547640,2547640,2547640,2547640,2547640,2547640,2547640,2547640,2547640,2547640,161496,161496,161496,161496,161496,161496,161496,161496,161496,161496,426184796,426184796,426184796,426184796,426184796,426184796,426184796,426184796,426184796,426184796,429286783,429286783,429286783,429286783,429286783,429286783,429286783,429286783,429286783,429286783,
EWMA,15077304,9332895,5744409,6319772,3875299,1240299,1268416,1065633,952147,863645,823843,799860,779627,771644,767781,674673,806532,672971,598213,539826,513647,497881,484563,479322,476781,248059,452130,574830,650293,692963,719139,735283,744151,749649,753275,134934,269253,349996,399639,427676,444870,455472,461290,464896,467273,
SW,14828401,9150370,5678031,6449000,3999625,1519293,256122,416212,769213,1029275,1027296,1028527,1032876,1032252,1039304,942995,159031,258010,476577,638703,637395,638202,641077,640683,645358,1254018,1100828,730542,480516,480516,480516,480516,480516,480516,480516,777780,683389,453345,297873,297873,297873,297873,297873,297873,297873,
AFC,14813611,9143361,5670250,6133567,3802623,914681,1332755,1082702,971947,886874,811586,806261,791434,767374,777747,562370,828044,671601,603753,550738,502795,500532,491446,475875,483096,182936,412899,546859,631876,682875,708617,728145,740802,746116,752442,112474,255588,338790,391782,423573,439417,451640,459601,462855,466903,
AMBP,14646538,9039366,5607172,6029181,3739284,740237,1343261,1117533,978244,870458,841571,806052,774188,791478,776344,458301,832716,693212,607147,539308,522433,500196,479874,491894,482091,148127,387153,533229,622232,671877,705815,725862,735527,746717,752642,91740,239935,330590,385901,416582,437752,450240,456166,463311,467067,
PIC,11825130,7306340,4518790,4285469040,4289092850,730634,730634,730634,730634,730634,730634,730634,730634,730634,730634,451879,451879,451879,451879,451879,451879,451879,451879,451879,451879,428546904,428546904,428546904,428546904,428546904,428546904,428546904,428546904,428546904,428546904,428909285,428909285,428909285,428909285,428909285,428909285,428909285,428909285,428909285,428909285,
EWMA,18049257,15695000,2354257,10603755,1571161,2065053,2065969,1828924,1553579,1509491,1370625,1343955,1356043,1319675,1281686,161295,361567,295041,263832,237450,215054,214708,208966,201995,194349,413010,743601,960665,1079247,1165295,1206361,1233879,1258311,1270583,1272803,32259,98120,137504,162769,177705,185174,191080,194657,196124,195769,
SW,17977833,15612501,2365332,10392013,1817628,2575171,437859,495127,1334449,1811364,1756134,1820234,1787264,1790460,1804439,398586,124153,108541,184095,261912,253933,261127,250891,263064,259030,2071551,1860392,1169386,755812,755812,755812,755812,755812,755812,755812,327591,307100,210427,138930,138930,138930,138930,138930,138930,138930,
AFC,17591317,15196186,2395131,10213058,1606364,1434745,2302113,1862334,1639064,1496269,1383530,1149245,1331818,1324848,1272220,214338,357082,289544,251286,234731,221303,227768,201442,200340,197297,286949,689981,924451,1067373,1153152,1199227,1189231,1217748,1239168,1245778,42867,105710,142476,164238,178336,186929,195096,196365,197160,197187,
AMBP,17597668,15187289,2410379,10150955,1588709,1150521,2276548,1980284,1649256,1449965,1420178,1368415,1320448,1311855,1259819,175936,363045,301865,247616,236163,221047,212184,204638,203195,244690,230184,639456,907621,1055948,1134751,1191836,1227151,1245810,1259019,1259179,35267,100822,141030,162347,177110,185897,191154,193850,195719,205513,
PIC,10584440,8838230,1746210,4283477580,4292697210,883823,883823,883823,883823,883823,883823,883823,883823,883823,883823,174621,174621,174621,174621,174621,174621,174621,174621,174621,174621,428347758,428347758,428347758,428347758,428347758,428347758,428347758,428347758,428347758,428347758,429269721,429269721,429269721,429269721,429269721,429269721,429269721,429269721,429269721,429269721,
EWMA,21316713,13167833,8148880,8935716,5515408,1879513,1751067,1478604,1313294,1214074,1154439,1118718,1097226,1084304,1076594,1076445,1108482,931559,824194,759730,720999,697786,683831,675429,670425,375902,650935,816468,915833,975481,1011272,1032761,1045654,1053384,1058026,215289,393927,501453,566001,604746,627996,641954,650329,655349,658364,
SW,20827459,12837750,7989709,9144180,5692499,2129823,391109,579663,1095963,1440473,1440364,1440253,1440097,1439995,1440010,1325676,245050,360266,681777,896337,896267,896194,896095,896018,896029,1738361,1549903,1033532,688912,688912,688912,688912,688912,688912,688912,1080383,965235,643664,429031,429031,429031,429031,429031,429031,429031,
AFC,20998978,12943112,8055866,8714435,5423805,1431022,1842860,1532493,1345493,1233320,1166039,1125592,1101368,1086832,1078093,890080,1147140,953962,837532,767680,725795,700618,685539,676487,671033,286204,597535,784526,896719,964039,1004439,1028669,1043208,1051932,1057164,178016,371840,488264,558117,600029,625182,640269,649323,654755,658010,
AMBP,20642554,12725108,7917446,8499184,5287718,993596,1930285,1585548,1377449,1252565,1177703,1132723,1105764,1089595,1079880,615004,1202014,987085,857438,779634,732994,704968,688170,678094,672045,198799,545096,753186,878038,952943,997895,1024860,1041040,1050751,1056576,123080,338866,468509,546294,592962,620968,637768,647848,653897,657526,
PIC,16400500,10125630,6274870,4281803960,4286809950,1012563,1012563,1012563,1012563,1012563,1012563,1012563,1012563,1012563,1012563,627487,627487,627487,627487,627487,627487,627487,627487,627487,627487,428180396,428180396,428180396,428180396,428180396,428180396,428180396,428180396,428180396,428180396,428680995,428680995,428680995,428680995,428680995,428680995,428680995,428680995,428680995,428680995,
EWMA,18053151,15698670,2354481,10611177,1572053,2083720,2069636,1836462,1561378,1498029,1365707,1331231,1341249,1317520,1293738,163874,360996,300273,259408,237639,211775,215881,207941,202192,194502,416744,747322,965150,1084395,1167121,1206838,1231716,1253622,1266401,1271868,32774,98418,138789,162912,177857,184640,190888,194298,195876,195601,
SW,17982066,15613945,2368121,10385017,1807510,2556120,463504,495092,1311782,1811393,1750462,1834357,1818647,1761524,1811064,396875,120825,110392,183268,259038,257911,262879,254540,261916,260477,2059590,1856304,1171572,756793,756793,756793,756793,756793,756793,756793,326316,304696,209364,138162,138162,138162,138162,138162,138162,138162,
AFC,17607386,15207872,2399514,10215944,1609325,1426569,2299756,1866786,1655278,1493647,1385073,1145025,1307365,1354634,1273739,214085,356544,288189,256848,233956,224760,226321,198541,202673,197597,285313,688201,923918,1070190,1154881,1200919,1189741,1213265,1241538,1247978,42817,105562,142087,165039,178822,188009,195671,196245,197530,197543,
AMBP,17597605,15187157,2410448,10147417,1588224,1152194,2282853,1951604,1657453,1452859,1422337,1368298,1326753,1312374,1260432,175626,364147,298427,249032,236275,221236,212184,205162,203323,245036,230518,640985,903108,1053977,1133753,1191469,1226834,1246817,1259928,1260028,35205,100993,140479,162189,177006,185852,191118,193926,195805,205651,
PIC,10468260,8728020,1740240,4283620850,4292704970,872802,872802,872802,872802,872802,872802,872802,872802,872802,872802,174024,174024,174024,174024,174024,174024,174024,174024,174024,174024,428362085,428362085,428362085,428362085,428362085,428362085,428362085,428362085,428362085,428362085,429270497,429270497,429270497,429270497,429270497,429270497,429270497,429270497,429270497,429270497,
EWMA,21311945,13165054,8146891,8933415,5513785,1879383,1747942,1479167,1313538,1214330,1154595,1118660,1096186,1084564,1076689,1076331,1106406,931926,824319,759886,721094,697736,683129,675586,670478,375876,650289,816064,915558,975312,1011168,1032666,1045370,1053208,1057904,215266,393494,501180,565807,604622,627916,641880,650129,655220,658271,
SW,20830346,12840470,7989876,9145125,5691880,2130211,390605,580179,1096399,1440540,1440829,1440573,1440178,1440485,1440471,1325657,244642,360524,681931,896200,896396,896221,895971,896175,896159,1738065,1549968,1033665,689061,689061,689061,689061,689061,689061,689061,1079970,965078,643608,429032,429032,429032,429032,429032,429032,429032,
AFC,21001417,12945583,8055834,8716225,5423884,1431458,1843073,1532961,1345548,1233800,1166421,1125294,1101862,1087223,1077943,890185,1147064,954067,837391,767852,725897,700275,685717,676596,670790,286291,597647,784709,896876,964260,1004692,1028812,1043422,1052182,1057334,178037,371842,488287,558107,600056,625224,640234,649330,654783,657984,
AMBP,20641832,12724852,7916980,8499181,5287479,994519,1930141,1585132,1377376,1252527,1177489,1132711,1105690,1089365,1079902,615491,1201748,986822,857405,779598,732850,704956,688122,677929,672059,198983,545214,753197,878032,952931,997842,1024815,1040990,1050665,1056512,123178,338892,468478,546263,592930,620914,637722,647802,653827,657473,
PIC,16401350,10126160,6275190,4281803270,4286809530,1012616,1012616,1012616,1012616,1012616,1012616,1012616,1012616,1012616,1012616,627519,627519,627519,627519,627519,627519,627519,627519,627519,627519,428180327,428180327,428180327,428180327,428180327,428180327,428180327,428180327,428180327,428180327,428680953,428680953,428680953,428680953,428680953,428680953,428680953,428680953,428680953,428680953,
EWMA,20560947,12396034,8164913,8407859,5525239,1754689,1647689,1394984,1239058,1144157,1089134,1055026,1033527,1022676,1015094,1078209,1107892,933753,826362,760983,723175,699733,685011,677507,672288,350937,610287,767226,861592,918105,952310,972853,984987,992524,997038,215641,394091,502023,566890,605708,629201,643307,651647,656819,659912,
SW,20129149,12111018,8018131,8600521,5693834,2007300,340593,555892,1039221,1360996,1361770,1361574,1360694,1361563,1361415,1328966,225433,368012,688018,901082,901575,901417,900853,901420,901355,1664562,1451386,967928,645235,645235,645235,645235,645235,645235,645235,1102066,960886,640804,427154,427154,427154,427154,427154,427154,427154,
AFC,20125303,12109204,8016099,8124621,5378231,1168832,1773057,1466246,1280562,1170487,1103855,1063879,1039972,1025543,1016771,772963,1173962,970774,847806,774938,730787,704315,688497,678933,673124,233766,541624,726548,837350,903977,943952,967937,982344,990983,996140,154592,358466,480927,554302,598429,624900,640783,650325,656046,659461,
AMBP,19829947,11931318,7898629,7950299,5263184,820339,1841624,1507387,1306320,1185382,1112349,1069403,1043360,1027109,1018045,542273,1219455,998087,864913,784805,736423,707993,690735,679968,673977,164147,499642,701191,822216,894849,938349,964559,980319,989677,995350,108534,330718,464191,544335,592429,621227,638580,649011,655202,658957,
PIC,13635550,8209190,5426360,4284295330,4287913010,820919,820919,820919,820919,820919,820919,820919,820919,820919,820919,542636,542636,542636,542636,542636,542636,542636,542636,542636,542636,428429533,428429533,428429533,428429533,428429533,428429533,428429533,428429533,428429533,428429533,428791301,428791301,428791301,428791301,428791301,428791301,428791301,428791301,428791301,428791301,
EWMA,24601466,18530995,6070471,12655175,4113176,2910586,2849710,1319291,2056439,2157345,884875,1804110,2011250,787029,1750360,682391,870427,778456,545652,601590,608992,444695,541366,574744,422158,582117,1035635,1092366,1285180,1459613,1344665,1436554,1551493,1398600,1468952,136478,283267,382304,414973,452296,483635,475847,488950,506108,489318,
SW,24130950,18167110,5963840,12733977,4317164,3153751,1001465,128014,1723015,2493006,1387609,2201010,2495658,1385138,2198444,929483,208121,337800,436662,688648,735681,601394,688993,735998,601060,2441412,2209005,1427743,950831,950831,950831,950831,950831,950831,950831,807483,725184,491801,327528,327528,327528,327528,327528,327528,327528,
AFC,24263887,18301723,5962164,12686234,3950686,2466616,2249351,2645522,1855757,1821803,2015527,758122,1762587,1977774,748664,680674,675054,782978,552001,538671,595821,590210,446453,539802,560500,493323,844528,1204726,1334932,1432306,1548950,1390785,1465145,1567670,1403869,136134,243918,351730,391784,421161,456093,482916,475624,488459,502867,
AMBP,20614675,14902427,5712248,706042000,191127113,1581745,3114668,1517871,2152124,2217679,863668,863668,863668,863668,863668,377263,941825,780405,575291,618970,596246,455562,455562,455562,455562,316429,876076,1004435,1233972,1430713,140236075,140236075,140236075,140236075,140236075,75532,248790,355113,399148,443112,473738,47282920,47282920,47282920,47282920,
PIC,40858640,31558620,9300020,4253941070,4282877250,3155862,3155862,3155862,3155862,3155862,3155862,3155862,3155862,3155862,3155862,930002,930002,930002,930002,930002,930002,930002,930002,930002,930002,425394107,425394107,425394107,425394107,425394107,425394107,425394107,425394107,425394107,425394107,428287725,428287725,428287725,428287725,428287725,428287725,428287725,428287725,428287725,428287725,
EWMA,15547072,10201772,5345300,6876805,3579003,1352615,1330471,1132228,1024735,975442,919982,891384,866204,852811,855900,591352,721733,610658,551548,526106,493617,477299,462176,454041,456770,270523,482512,612455,694911,751017,784810,806124,818140,825074,831239,118270,238962,313301,360950,393981,413908,426586,433704,437771,441570,
SW,15395126,10056108,5339018,7198376,3830452,1673614,313374,453609,862126,1129084,1112036,1124745,1126440,1131262,1129818,889592,171376,239586,457513,599247,587778,596253,597424,600592,599657,1364770,1218822,813532,543036,543036,543036,543036,543036,543036,543036,721231,649259,433518,289492,289492,289492,289492,289492,289492,289492,
AFC,15417067,10074687,5342380,6758523,3580203,983426,1473736,1211698,1049725,980093,925198,885612,866212,851290,847697,502177,787098,645447,557172,522568,493202,470997,460664,452256,450799,196685,452095,604015,693157,750544,785474,805501,817643,824372,829037,100435,237767,319303,366876,398014,417051,427840,434404,437974,440539,
AMBP,15259016,9967698,5291318,6658355,3533387,793064,1521468,1236382,1073179,979877,924199,863189,867694,853832,854814,414927,811084,657102,570006,520736,491410,455567,461276,453744,455466,158692,431247,592274,688455,746739,782231,798422,812276,820587,827432,83065,228668,314354,365484,396534,415509,423520,431071,435605,439577,
PIC,12298510,8062760,4235750,4284485690,4289460800,806276,806276,806276,806276,806276,806276,806276,806276,806276,806276,423575,423575,423575,423575,423575,423575,423575,423575,423575,423575,428448569,428448569,428448569,428448569,428448569,428448569,428448569,428448569,428448569,428448569,428946080,428946080,428946080,428946080,428946080,428946080,428946080,428946080,428946080,428946080,
EWMA,25149178,21792001,3357177,15261158,1980846,3197818,3028105,2552875,2276084,2123410,2024314,1957709,1914919,1876799,839968,234110,412462,351841,300012,273552,257106,243267,249824,235216,799787,639563,1117271,1404391,1578729,1687665,1754994,1795537,1819413,1830890,1632705,46822,119950,166328,193064,209161,218750,223653,228887,230152,344079,
SW,24451970,21124291,3327679,15909432,2022056,3716833,720323,1018605,1866627,2485635,2529300,2488252,1542357,2262291,2494068,469015,119026,118876,229134,309339,307849,315531,824251,328299,306359,2987646,2690235,1818587,1201852,1201852,1201852,1201852,1201852,1201852,1201852,348332,348332,235639,155679,155679,155679,155679,155679,155679,155679,
AFC,24697429,21518539,3178890,14563531,2100240,2225730,3262511,2694851,2340632,2141059,2053621,1964387,964336,1840835,2030577,286477,410296,338682,294587,270183,252846,252400,754062,152612,166745,445146,1008619,1345865,1544818,1664066,1741977,1786459,1622035,1665795,1738751,57295,127895,170052,194959,210003,218571,225336,331081,295388,269660,
AMBP,22422219,19305126,3117093,530923945,66301129,1723720,3367209,2747012,2380630,2177292,2068679,1949997,963529,963529,963529,177547,431845,350881,303452,274852,253630,256510,768168,150104,150104,344824,949301,1308843,1523200,1654018,1736950,1779559,173875750,173875750,173875750,35589,114840,162048,190328,207232,216511,224510,333241,32408415,32408415,
PIC,42113380,37398090,4715290,4246349760,4288837400,3739809,3739809,3739809,3739809,3739809,3739809,3739809,3739809,3739809,3739809,471529,471529,471529,471529,471529,471529,471529,471529,471529,471529,424634976,424634976,424634976,424634976,424634976,424634976,424634976,424634976,424634976,424634976,428883740,428883740,428883740,428883740,428883740,428883740,428883740,428883740,428883740,428883740,
EWMA,21399428,13246041,8153387,8988391,5518026,1891838,1758417,1488174,1321529,1220875,1161823,1125677,1103199,1091249,1083260,1076939,1107281,932753,825053,759966,721828,698444,683899,676194,671030,378367,654377,821136,921214,981146,1017281,1038960,1051807,1059695,1064408,215387,393765,501562,566260,605001,628366,642381,650684,655786,658834,
SW,20909008,12914224,7994784,9197650,5695530,2142775,392540,583571,1102820,1448228,1449284,1449102,1448018,1448971,1448915,1326702,244733,360738,682418,896353,897054,896922,896209,896854,896801,1748189,1558993,1039629,692977,692977,692977,692977,692977,692977,692977,1080595,965805,644058,429296,429296,429296,429296,429296,429296,429296,
AFC,21081800,13020538,8061262,8766571,5427437,1438981,1854075,1541991,1353164,1241011,1173230,1132123,1108236,1093550,1084177,890228,1148044,954824,837860,768432,726420,700939,686191,677076,671248,287796,601051,789239,902024,969821,1010502,1034826,1049508,1058316,1063488,178045,372044,488600,558452,600448,625642,640701,649799,655254,658452,
AMBP,20719369,12797707,7921662,8547768,5290515,1000342,1941245,1593433,1385519,1259983,1183854,1139483,1112347,1095323,1086178,615665,1202555,986974,858118,780295,733034,705587,688760,678163,672511,200148,548367,757380,883007,958402,1003492,1030690,1047021,1056681,1062580,123213,339081,468659,546550,593299,621246,638114,648243,654227,657883,
PIC,15884150,9837380,6046770,4282178680,4287106480,983738,983738,983738,983738,983738,983738,983738,983738,983738,983738,604677,604677,604677,604677,604677,604677,604677,604677,604677,604677,428217868,428217868,428217868,428217868,428217868,428217868,428217868,428217868,428217868,428217868,428710648,428710648,428710648,428710648,428710648,428710648,428710648,428710648,428710648,428710648,
EWMA,15001153,9287265,5713888,6297544,3860418,1253912,1254128,1068562,943776,860891,819675,787494,777423,765288,756116,683763,796960,674853,592662,537996,510871,489667,483069,475060,468987,250782,451451,574873,648653,691100,716815,730950,740244,745252,747424,136752,268793,350005,398536,426428,443316,452586,458682,461957,463363,
SW,14686662,9065286,5621376,6467230,4011719,1482719,265647,427467,769541,1018752,1022994,1001890,1022021,1035041,1019214,918619,165399,265486,476778,631681,634520,620469,633877,642541,632006,1241404,1087684,725278,487552,487552,487552,487552,487552,487552,487552,769368,674638,449835,302554,302554,302554,302554,302554,302554,302554,
AFC,14750653,9105566,5645087,6099762,3780114,896001,1331923,1075346,966334,878771,809719,803657,798744,763367,781704,549943,827487,666665,600046,545354,501554,498807,496310,473216,485705,179200,409744,542864,627558,677800,704183,724077,739010,743881,751445,109988,253487,336122,388906,420195,436466,448934,458409,461370,466237,
AMBP,14651200,9042144,5609056,6042099,3747952,736993,1349964,1117203,978889,879849,841149,815335,787101,777622,758039,456166,837169,693130,607565,545525,522142,506378,488460,482616,469905,147478,387975,533820,622833,674236,707618,729161,740749,748123,750106,91313,240484,331013,386323,418163,438958,452442,459645,464239,465372,
PIC,11941720,7376140,4565580,4285378300,4289032020,737614,737614,737614,737614,737614,737614,737614,737614,737614,737614,456558,456558,456558,456558,456558,456558,456558,456558,456558,456558,428537830,428537830,428537830,428537830,428537830,428537830,428537830,428537830,428537830,428537830,428903202,428903202,428903202,428903202,428903202,428903202,428903202,428903202,428903202,428903202,
EWMA,15208014,9411431,5796583,6373177,3910793,1258971,1273140,1073809,952024,883371,835359,797921,784420,770663,781753,687107,809698,678371,598140,552943,521316,496578,487710,478635,486085,251794,456063,579612,654094,699949,727031,741209,749851,754013,759561,137421,271876,353175,402168,432323,450121,459412,465071,467783,471443,
SW,15006193,9257137,5749056,6554514,4069842,1537367,279612,410228,785666,1037230,1037162,1045398,1044953,1037483,1042038,954943,174705,254047,487498,643993,643917,649425,649150,644176,647202,1257501,1111766,742402,491835,491835,491835,491835,491835,491835,491835,780058,690633,461232,305417,305417,305417,305417,305417,305417,305417,
AFC,14997004,9253476,5743528,6214506,3856481,910875,1355542,1113108,979431,890566,844735,819725,779881,787115,772498,559867,843181,691788,608786,553197,524843,509518,483734,489037,479577,182175,416848,556100,640766,690726,721527,741166,748909,756550,759739,111973,258214,344928,397699,428798,448007,460309,464994,469802,471757,
AMBP,14846976,9159673,5687303,6124604,3802871,752280,1384731,1126990,981203,899820,849607,818620,793901,775886,776635,466342,860300,699646,609096,558831,527780,508604,492957,481469,482278,150536,397375,543298,630879,684667,717655,737848,749058,754423,758865,93348,246738,337319,391674,425105,445640,458232,465177,468435,471203,
PIC,12163830,7509500,4654330,4285204930,4288916650,750950,750950,750950,750950,750950,750950,750950,750950,750950,750950,465433,465433,465433,465433,465433,465433,465433,465433,465433,465433,428520493,428520493,428520493,428520493,428520493,428520493,428520493,428520493,428520493,428520493,428891665,428891665,428891665,428891665,428891665,428891665,428891665,428891665,428891665,428891665,
EWMA,24868390,21865597,3002793,15103951,1910181,3201158,3013034,2533979,2300614,2095721,1995380,1919637,1916708,1102831,1786535,205220,411233,326577,288703,253965,250114,234127,230535,651795,150524,640231,1114791,1398628,1579025,1682364,1744967,1779901,1807262,1666375,1690407,41044,115081,157380,183644,197708,208189,213376,216807,303804,273148,
SW,24200556,21156057,3044499,15908550,1909886,3624946,709927,1023600,1884803,2479698,1808204,2244944,2450092,2441816,2488027,441148,103647,115421,216541,304715,650375,308810,307250,296247,300345,2997778,2681844,1786158,1206110,1206110,1206110,1206110,1206110,1206110,1206110,343144,330249,220072,145203,145203,145203,145203,145203,145203,145203,
AFC,24605753,21725264,2880489,14498026,1980086,2211915,3269841,2663451,2339251,1469315,1933156,2049195,1956911,1951710,1880519,268311,392340,320078,283424,617979,183285,197566,198707,212285,206514,442383,1007874,1338989,1539041,1525096,1606708,1695205,1747546,1788378,1806806,53662,121397,161133,185591,272068,254312,242963,234112,229747,225101,
AMBP,24221083,21434356,2786727,14187111,152150619,1646335,3353965,2735666,1711989,2083154,2128343,2008875,1989920,1896289,1879820,197381,404054,330483,652751,200343,200343,200343,200343,200343,200343,329347,934270,1294549,1378037,1519060,1640916,1714507,1769589,1794929,1811907,39556,112455,156060,255398,25264525,25264525,25264525,25264525,25264525,25264525,
PIC,20060820,15592670,4468150,4274696810,4289158680,1559267,1559267,1559267,1559267,1559267,1559267,1559267,1559267,1559267,1559267,446815,446815,446815,446815,446815,446815,446815,446815,446815,446815,427469681,427469681,427469681,427469681,427469681,427469681,427469681,427469681,427469681,427469681,428915868,428915868,428915868,428915868,428915868,428915868,428915868,428915868,428915868,428915868,
EWMA,21245729,13394475,7851254,9088172,5310574,1913746,1775058,1504631,1336426,1234861,1175008,1138845,1116194,1103810,1095896,1025943,1066661,899931,796027,733320,696250,673948,659766,652134,647274,382749,661210,829894,931200,991932,1028547,1050606,1063723,1071740,1076571,205188,377482,481971,544782,582489,605241,618982,627138,632137,635164,
SW,20771063,13062237,7708826,9304703,5493879,2167648,396335,590720,1115940,1465182,1466255,1466120,1464498,1464730,1464809,1279533,236615,347882,658069,864411,865075,864985,863913,864223,864120,1769349,1576800,1051568,700998,700998,700998,700998,700998,700998,700998,1041575,931638,621343,414189,414189,414189,414189,414189,414189,414189,
AFC,20946597,13171263,7775334,8868062,5234827,1455035,1875738,1560051,1368495,1255841,1186974,1144924,1121447,1106478,1096280,857710,1107574,921226,807865,741525,700849,676018,662186,653217,647164,291007,607953,798372,912396,981085,1022262,1046794,1061724,1070674,1075795,171542,358748,471243,538567,579158,603496,618000,626837,632113,635123,
AMBP,20590783,12948905,7641878,8648764,5103283,1013207,1963948,1611947,1401805,1274672,1197734,1152658,1125280,1108363,1099291,592331,1160553,952300,828057,752836,707312,680627,664361,654462,649039,202721,554966,766362,893450,969694,1015302,1042773,1059274,1069091,1075131,118546,326947,452017,527225,572347,599340,615597,625349,631171,634744,
PIC,15781260,9969040,5812220,4282007530,4287411390,996904,996904,996904,996904,996904,996904,996904,996904,996904,996904,581222,581222,581222,581222,581222,581222,581222,581222,581222,581222,428200753,428200753,428200753,428200753,428200753,428200753,428200753,428200753,428200753,428200753,428741139,428741139,428741139,428741139,428741139,428741139,428741139,428741139,428741139,428741139,
EWMA,24582637,18522681,6059956,12648598,4105770,2893651,2842030,1349916,2038813,2143410,918047,1788647,1998384,815397,1734386,680960,873434,770384,546471,602000,604961,445686,542040,571044,422976,578730,1031390,1095095,1283838,1455752,1348211,1436298,1548715,1402051,1468518,136192,283640,380988,414084,451667,482325,474997,488405,504932,488540,
SW,24096532,18145095,5951437,12746816,4313513,3138479,986509,162174,1710384,2477782,1410923,2185134,2478186,1412104,2183420,928581,208822,336279,437666,687963,731183,600808,688111,731597,600427,2441337,2205271,1429054,953022,953022,953022,953022,953022,953022,953022,806078,723085,491227,327589,327589,327589,327589,327589,327589,327589,
AFC,24295247,18334509,5960738,12698582,3950125,2476823,2262649,2633730,1861795,1809045,2001636,793412,1749326,1960421,785672,688006,670420,783834,546930,539439,595298,589883,447634,538608,560686,495364,848821,1205802,1337000,1431409,1545454,1395046,1465902,1564805,1408979,137601,244164,352098,391064,420739,455650,482496,475524,488140,502649,
AMBP,20784765,15071933,5712832,705403292,191049786,1566071,3096199,1561018,2136733,2201517,902079,902079,902079,902079,902079,377747,943940,775118,575905,617744,597330,456262,456262,456262,456262,313294,869875,1008103,1233829,1427366,140110165,140110165,140110165,140110165,140110165,75629,249291,354456,398745,442544,473501,47263905,47263905,47263905,47263905,
PIC,40658690,31377270,9281420,4254176830,4282901430,3137727,3137727,3137727,3137727,3137727,3137727,3137727,3137727,3137727,3137727,928142,928142,928142,928142,928142,928142,928142,928142,928142,928142,425417683,425417683,425417683,425417683,425417683,425417683,425417683,425417683,425417683,425417683,428290143,428290143,428290143,428290143,428290143,428290143,428290143,428290143,428290143,428290143,
EWMA,25155352,21794271,3361081,15268717,1982078,3198387,3036320,2551727,2280649,2116466,2026780,1970389,1897989,1887825,827739,234123,412527,352177,300468,272869,257307,243552,249950,235530,802578,639677,1119005,1405549,1580569,1687748,1755554,1798521,1818414,1832296,1631384,46824,119964,166406,193218,209148,218779,223733,228976,230286,344744,
SW,24468849,21136784,3332065,15911949,2022019,3715588,715733,1021619,1869422,2482919,2537108,2487775,1539444,2263220,2503956,469071,118599,118703,229632,308861,307824,316206,826518,328363,308288,2990091,2688405,1817647,1202258,1202258,1202258,1202258,1202258,1202258,1202258,348523,348523,235458,155645,155645,155645,155645,155645,155645,155645,
AFC,24710337,21527714,3182623,14566884,2101753,2220971,3268760,2695744,2335604,2150063,2066255,1942943,964287,1844819,2038268,285245,410823,338840,294271,270899,252989,252229,757726,152061,167540,444194,1009107,1346434,1544268,1665427,1745592,1785062,1620907,1665689,1740204,57049,127803,170010,194862,210069,218653,225368,331839,295884,270216,
AMBP,22405955,19285708,3120247,531184550,66551367,1718023,3373330,2744100,2382297,2187360,2071007,1948611,953660,953660,953660,175863,432849,350495,303816,275571,253140,257907,774100,148253,148253,343684,949613,1308510,1523267,1656085,1739069,1780977,173961115,173961115,173961115,35252,114771,161915,190295,207350,216508,224787,334649,32532920,32532920,
PIC,42014880,37376140,4638740,4246378300,4288936920,3737614,3737614,3737614,3737614,3737614,3737614,3737614,3737614,3737614,3737614,463874,463874,463874,463874,463874,463874,463874,463874,463874,463874,424637830,424637830,424637830,424637830,424637830,424637830,424637830,424637830,424637830,424637830,428893692,428893692,428893692,428893692,428893692,428893692,428893692,428893692,428893692,428893692,
EWMA,28893752,24834566,4059186,16389285,2757500,2752591,3022345,2440906,2273297,2748674,2517282,2395635,2296946,2215076,2171814,403158,642865,542034,450453,347516,346817,337816,330079,326106,332342,550518,1044883,1324087,1513929,1760878,1912158,2008853,2066471,2096192,2111316,80631,193077,262868,300385,309811,317212,321332,323081,323686,325417,
SW,26338664,22450016,3888648,18445434,2801949,4282504,786225,1180839,2211637,2903176,3350514,1641195,2152006,1797675,2144245,654502,121168,177561,334057,443392,600314,389171,233060,420136,515287,3495295,3116650,2083189,1392900,1392900,1392900,1392900,1392900,1392900,1392900,532298,475404,317744,210929,210929,210929,210929,210929,210929,210929,
AFC,24524818,20433035,4091783,13666384,2748324,1880220,3159725,2267319,2006594,2196618,1994157,1890310,1543269,1563130,1931693,482677,623914,368826,390434,463773,422384,387429,228161,316979,407206,376044,932780,1199687,1361068,1528178,1621373,1675160,1648782,1631652,1691660,96535,202010,235373,266385,305862,329166,340818,318287,318026,335862,
AMBP,23299589,19431226,3868363,502512509,104206614,1664096,3186174,1810864,1928200,2320008,1998604,1979294,1514662,1514662,1514662,369486,643500,640372,374356,426070,405532,381837,209070,209070,209070,332899,903554,1085016,1253652,1466923,1573259,1654466,164747580,164747580,164747580,73977,187881,278379,297574,323273,339724,348146,34119220,34119220,34119220,
PIC,42329120,35187750,7141370,4249223200,4285683500,3518775,3518775,3518775,3518775,3518775,3518775,3518775,3518775,3518775,3518775,714137,714137,714137,714137,714137,714137,714137,714137,714137,714137,424922320,424922320,424922320,424922320,424922320,424922320,424922320,424922320,424922320,424922320,428568350,428568350,428568350,428568350,428568350,428568350,428568350,428568350,428568350,428568350,
EWMA,21999237,14170795,7828442,9617735,5295167,2035711,1879734,1587899,1411291,1305464,1241691,1203515,1180526,1166646,1158318,1020535,1066902,896706,793215,731520,694122,671786,658286,650106,645264,407142,701660,878907,985383,1049399,1087857,1110988,1124895,1133245,1138259,204107,376666,480674,543182,580849,603503,617159,625384,630328,633315,
SW,21494107,13810287,7683820,9839250,5479821,2291505,423150,623164,1178703,1548747,1549503,1549612,1548001,1548988,1548914,1275507,240346,345390,655036,861245,861783,861656,860531,861162,861164,1866829,1668111,1112606,741672,741672,741672,741672,741672,741672,741672,1034237,930033,620414,413591,413591,413591,413591,413591,413591,413591,
AFC,21675742,13925580,7750162,9375995,5217779,1538786,1983301,1649283,1446680,1327645,1255042,1210257,1185561,1169851,1159174,854541,1104252,918309,805245,739077,698671,673659,660019,651210,645179,307757,642865,844148,964654,1037252,1080810,1106699,1122471,1131947,1137392,170908,357576,469722,536826,577276,601555,615975,624783,630068,633090,
AMBP,21290073,13679804,7610269,9134753,5080208,1057419,2078510,1705228,1482581,1347990,1266314,1218773,1189655,1171392,1161942,578125,1158956,950578,826194,750936,705241,678734,662466,652109,646930,211563,584952,809007,943721,1024574,1072922,1102092,1119604,1129961,1136357,115705,324355,449599,524918,570121,597145,613462,623262,629031,632610,
PIC,16074980,10407010,5667970,4281438170,4287598920,1040701,1040701,1040701,1040701,1040701,1040701,1040701,1040701,1040701,1040701,566797,566797,566797,566797,566797,566797,566797,566797,566797,566797,428143817,428143817,428143817,428143817,428143817,428143817,428143817,428143817,428143817,428143817,428759892,428759892,428759892,428759892,428759892,428759892,428759892,428759892,428759892,428759892,
EWMA,15212023,9434905,5777118,6382254,3892680,1275446,1268714,1072970,945269,873464,835529,803219,786045,790360,783889,692120,801993,673930,590252,543246,518500,497281,486012,489029,484755,255089,457814,580845,653729,697676,725246,740840,749881,757976,763158,138424,271137,351695,399406,428174,446239,456447,462360,467693,471105,
SW,14849030,9182688,5666342,6563565,4052449,1535460,278756,416957,784816,1032282,1006644,1028433,1034513,1026593,1038234,948206,173255,257017,484066,636959,619915,634393,638439,633161,640931,1253673,1111598,743724,493510,493510,493510,493510,493510,493510,493510,772921,686582,459493,304779,304779,304779,304779,304779,304779,304779,
AFC,14845657,9182614,5663043,6159275,3797268,904119,1345424,1099667,955981,885398,839834,824415,768974,781535,777267,551580,831736,678869,589742,546599,518592,509746,473694,482505,479980,180823,413743,550927,631937,682629,714070,736139,742706,750471,755830,110316,254600,339453,389510,420927,440460,454317,458192,463054,466439,
AMBP,14789188,9144823,5644365,6114454,3773949,770137,1385401,1124183,982918,893124,842725,780760,798213,783191,784171,475429,855716,693648,606691,551145,520182,480471,493002,483542,484539,154107,400365,545128,632686,684773,716363,729242,743036,751067,757687,95165,247275,336549,390577,422690,442188,449844,458475,463488,467698,
PIC,12197120,7546090,4651030,4285157360,4288920940,754609,754609,754609,754609,754609,754609,754609,754609,754609,754609,465103,465103,465103,465103,465103,465103,465103,465103,465103,465103,428515736,428515736,428515736,428515736,428515736,428515736,428515736,428515736,428515736,428515736,428892094,428892094,428892094,428892094,428892094,428892094,428892094,428892094,428892094,428892094,
EWMA,21395404,13242684,8152720,8986237,5517653,1891845,1757960,1487700,1321034,1220576,1161411,1125285,1103131,1090842,1082900,1077047,1107245,932662,824883,759931,721667,698320,683989,676064,670912,378369,654287,820969,920982,980900,1017002,1038658,1051552,1059410,1064108,215409,393776,501553,566219,604961,628302,642305,650641,655725,658762,
SW,20904512,12910721,7993791,9195590,5695307,2142286,392498,583408,1102558,1447942,1448724,1448758,1447605,1448542,1448400,1326614,244766,360716,682368,896295,896793,896863,896093,896706,896577,1747829,1558617,1039397,692821,692821,692821,692821,692821,692821,692821,1080555,965739,644032,429283,429283,429283,429283,429283,429283,429283,
AFC,21075903,13016144,8059759,8763679,5426470,1438516,1853539,1541632,1352433,1240738,1172868,1131541,1107929,1093291,1083657,890052,1147933,954767,837489,768381,726330,700676,686071,677040,671020,287703,600870,789022,901704,969510,1010181,1034453,1049148,1057976,1063112,178010,371994,488548,558336,600345,625542,640568,649668,655142,658317,
AMBP,20718357,12796489,7921868,8546895,5290611,1000307,1940888,1593398,1385326,1259784,1183786,1139406,1112272,1095075,1086247,615767,1202509,987054,858051,780228,733091,705632,688796,678074,672666,200141,548290,757311,882914,958288,1003387,1030590,1046926,1056555,1062493,123233,339088,468681,546555,593289,621249,638125,648259,654222,657910,
PIC,15883720,9837340,6046380,4282178740,4287106980,983734,983734,983734,983734,983734,983734,983734,983734,983734,983734,604638,604638,604638,604638,604638,604638,604638,604638,604638,604638,428217874,428217874,428217874,428217874,428217874,428217874,428217874,428217874,428217874,428217874,428710698,428710698,428710698,428710698,428710698,428710698,428710698,428710698,428710698,428710698,
EWMA,21400160,13245617,8154543,8988665,5519173,1892177,1760851,1487061,1320726,1221122,1161200,1125230,1103567,1090683,1083000,1077287,1109152,932188,824656,760264,721534,698273,684253,675942,670994,378435,654918,821346,921222,981202,1017201,1038806,1051758,1059543,1064234,215457,394196,501794,566366,605145,628422,642392,650764,655799,658838,
SW,20908707,12913124,7995583,9197118,5696202,2142246,393143,582988,1102464,1448952,1448884,1448777,1448626,1448572,1448472,1326591,245169,360410,682318,897004,896958,896906,896786,896770,896671,1748701,1558903,1039459,692865,692865,692865,692865,692865,692865,692865,1081133,965919,644057,429299,429299,429299,429299,429299,429299,429299,
AFC,21080328,13018786,8061542,8765498,5427717,1439734,1853626,1541349,1353223,1240561,1172903,1132241,1107705,1093136,1084308,890883,1148001,954557,838009,768261,726368,701176,685932,676918,671437,287946,601082,789135,901952,969673,1010319,1034703,1049303,1058069,1063316,178176,372141,488624,558501,600453,625636,640744,649781,655208,658453,
AMBP,20729545,12803598,7925947,8551779,5293376,1000244,1942501,1595102,1385766,1260212,1184845,1139683,1112525,1096254,1086466,615534,1203289,988191,858373,780514,733770,705765,688924,678829,672758,200128,548602,757902,883474,958821,1004025,1031156,1047429,1057194,1063048,123186,339206,469003,546877,593604,621637,638462,648554,654609,658238,
PIC,15886290,9839070,6047220,4282176490,4287105890,983907,983907,983907,983907,983907,983907,983907,983907,983907,983907,604722,604722,604722,604722,604722,604722,604722,604722,604722,604722,428217649,428217649,428217649,428217649,428217649,428217649,428217649,428217649,428217649,428217649,428710589,428710589,428710589,428710589,428710589,428710589,428710589,428710589,428710589,428710589,
EWMA,25204938,19450328,5754610,13275118,3898844,2933861,2853347,1761553,1991564,2112520,1281358,1719544,1952783,1180269,1663529,652328,857113,675886,543571,599519,520136,447438,542557,488936,427126,586772,1040087,1184380,1345816,1499156,1455596,1508385,1597264,1513865,1543797,130465,275794,355812,393363,434594,451702,450849,469190,473139,463936,
SW,24671168,19002313,5668855,13427827,4101808,3183791,891775,449016,1670714,2455720,1773020,2175043,2454217,1774571,2174446,901646,235411,270587,430931,680442,647128,587864,680116,646863,587867,2567695,2325093,1508194,1003835,1003835,1003835,1003835,1003835,1003835,1003835,757385,689038,469215,312310,312310,312310,312310,312310,312310,312310,
AFC,25207428,19514292,5693136,13061279,3807070,2250589,2655740,2417482,2207283,1336657,1975230,1876633,1096781,1873555,1824342,618971,702138,703202,628929,528550,536969,508080,491409,491587,483301,450117,891241,1196489,1398647,1386249,1504045,1578562,1482206,1560475,1613248,123794,239462,332210,391553,418952,442555,455660,462809,468564,471511,
AMBP,22785065,17196349,5588716,606919708,140666281,649500,3050929,2741493,1657944,1957039,2079972,1264868,1264868,1264868,1264868,525937,795512,748136,615131,503401,571567,510181,439617,439617,439617,129980,714169,1119633,1227295,1373243,1514588,150210200,150210200,150210200,150210200,105267,243316,344280,398450,419440,449865,461928,46081245,46081245,46081245,
PIC,40832260,31825270,9006990,4253594430,4283258190,3182527,3182527,3182527,3182527,3182527,3182527,3182527,3182527,3182527,3182527,900699,900699,900699,900699,900699,900699,900699,900699,900699,900699,425359443,425359443,425359443,425359443,425359443,425359443,425359443,425359443,425359443,425359443,428325819,428325819,428325819,428325819,428325819,428325819,428325819,428325819,428325819,428325819,
EWMA,21163622,13316345,7847277,9035742,5308423,1901561,1768142,1494788,1328223,1227925,1168017,1131684,1110001,1097025,1088979,1025416,1068192,898771,795304,733048,695783,673065,659579,651601,646518,380312,657878,825260,925852,986266,1022616,1044429,1057543,1065439,1070147,205083,377704,481917,544594,582284,604983,618599,626795,631756,634708,
SW,20691788,12987058,7704730,9249500,5490195,2154537,394507,586984,1108975,1456747,1457468,1457249,1456587,1457012,1456992,1278433,236805,347448,657477,863913,864374,864202,863827,864153,864098,1758950,1567453,1045343,696822,696822,696822,696822,696822,696822,696822,1040979,930951,620895,413910,413910,413910,413910,413910,413910,413910,
AFC,20864461,13094504,7769957,8816208,5231113,1447297,1864427,1550421,1361119,1248097,1179700,1138637,1114411,1099694,1090701,857757,1106540,920164,807792,740744,700024,675745,661346,652561,647284,289459,604452,793645,907139,975330,1016204,1040690,1055434,1064286,1069569,171551,358548,470871,538255,578752,603006,617553,626311,631561,634705,
AMBP,20506807,12871518,7635289,8597178,5098986,1006773,1952220,1602801,1393383,1267063,1190556,1146005,1118638,1101494,1092585,591758,1159555,951778,827266,752175,706574,680260,663907,653621,648395,201434,551591,761833,888143,963927,1009252,1036602,1053009,1062706,1068681,118431,326655,451679,526796,571871,598811,615100,624861,630613,634169,
PIC,15705320,9899890,5805430,4282097420,4287420220,989989,989989,989989,989989,989989,989989,989989,989989,989989,989989,580543,580543,580543,580543,580543,580543,580543,580543,580543,580543,428209742,428209742,428209742,428209742,428209742,428209742,428209742,428209742,428209742,428209742,428742022,428742022,428742022,428742022,428742022,428742022,428742022,428742022,428742022,428742022,
EWMA,17864588,15522148,2342440,10465004,1556440,2023485,2016963,1762532,1638330,1444629,1371847,1383908,1271400,1271342,1337712,156341,354784,294363,264993,229564,221409,208816,205367,201442,205361,404697,727150,934226,1075046,1148962,1193539,1231612,1239569,1245923,1264280,31268,95971,135649,161517,175126,184382,189268,192487,194278,196494,
SW,16705924,14166069,2539855,11555448,2060226,2533302,499117,499117,493391,1315841,1785426,1734651,1809602,1733981,1761641,394507,74827,610964,126140,122931,123320,273548,275283,265871,272464,2053922,1854778,1854778,1175270,769450,769450,769450,769450,769450,769450,321224,288532,288532,270644,270644,124130,124130,124130,124130,124130,
AFC,17162568,14427928,2734640,9812224,1799614,1436732,2285024,1848771,1612162,1481912,1393699,1324445,396027,1270496,1378660,231148,350516,279758,255350,233246,217214,206495,708945,117436,134532,287346,686881,919259,1057839,1142653,1192862,1219178,1054548,1097737,1153921,46229,107086,141620,164366,178142,185956,190063,293839,258559,233754,
AMBP,17536530,15201755,2334775,10148351,1554756,1256125,2290003,1835909,1655845,1488663,1377348,1358240,1328119,1317893,1293610,145994,368079,292436,262758,224108,224965,212979,204304,203188,195964,251305,659044,894417,1046702,1135094,1183544,1218483,1240410,1255906,1263446,29278,97038,136117,161445,173977,184174,189935,192808,194884,195100,
PIC,12169160,10387300,1781860,4281463790,4292650860,1038730,1038730,1038730,1038730,1038730,1038730,1038730,1038730,1038730,1038730,178186,178186,178186,178186,178186,178186,178186,178186,178186,178186,428146379,428146379,428146379,428146379,428146379,428146379,428146379,428146379,428146379,428146379,429265086,429265086,429265086,429265086,429265086,429265086,429265086,429265086,429265086,429265086,
EWMA,15903667,10174765,5728902,6892299,3863694,1383868,1368454,1162966,1024859,941528,897117,872547,844294,835108,844024,677734,799089,674953,590537,539618,512828,498094,480271,474717,481061,276773,495109,628680,707915,754637,783133,801015,809670,814757,820610,135546,268254,349593,397781,426148,443484,454406,459579,462606,466297,
SW,15562892,9925232,5637660,7063081,4013911,1643215,306582,437997,850424,1115812,1105233,1113376,1111588,1119863,1121142,933305,177415,246907,482838,633716,626671,632122,630908,636465,637313,1344846,1200628,795931,531668,531668,531668,531668,531668,531668,531668,761341,683319,452542,302387,302387,302387,302387,302387,302387,302387,
AFC,15620062,9965479,5654583,6683272,3789455,990671,1452935,1183681,1055065,962779,889160,877257,872413,837507,844011,550353,828024,672139,600660,547681,503726,498860,497483,475325,480332,198134,449094,596011,687821,742812,772081,793116,808975,814681,820547,110070,253660,337355,390016,421549,437984,450159,459623,462763,466276,
AMBP,15425298,9839257,5586041,6569366,3728559,787692,1469351,1226812,1063546,964193,910335,884975,848394,846952,837007,443212,833530,697808,604429,547531,517234,503704,481336,481585,475672,157618,419964,581333,677775,735058,770113,793085,804146,812707,817567,88722,237683,329708,384652,417227,437228,450523,456685,461665,464466,
PIC,12340480,7895350,4445130,4284703320,4289188610,789535,789535,789535,789535,789535,789535,789535,789535,789535,789535,444513,444513,444513,444513,444513,444513,444513,444513,444513,444513,428470332,428470332,428470332,428470332,428470332,428470332,428470332,428470332,428470332,428470332,428918861,428918861,428918861,428918861,428918861,428918861,428918861,428918861,428918861,428918861,
EWMA,24846902,21869657,2977245,15081341,1908565,3174901,3004638,2521040,2286988,2079976,2021723,1930827,1887478,1206917,1755169,208231,410896,336210,282290,269334,249765,236631,232084,588068,163736,634980,1108911,1391336,1570466,1672368,1742239,1779956,1801460,1682551,1697074,41646,115496,159638,184168,201201,210913,216056,219261,293022,267164,
SW,24325735,21317454,3008281,15750358,1929794,3643155,704530,975863,1882315,2487390,1965178,2264910,2445636,2443714,2504763,452314,90829,124146,225364,301543,596529,312082,310167,300351,294956,2984102,2678757,1774516,1187569,1187569,1187569,1187569,1187569,1187569,1187569,350427,329477,222430,146780,146780,146780,146780,146780,146780,146780,
AFC,24604619,21705929,2898690,14516315,1986266,2293504,3220506,2645942,2329019,1546771,1914284,2016158,1938591,1958172,1842982,287056,383891,326709,283612,586985,191589,203827,205103,208156,221762,458700,1011061,1338037,1536233,1538340,1613528,1694054,1742961,1786003,1797398,57411,122707,163507,187528,267419,252253,242568,235075,229692,228106,
AMBP,24251528,21435912,2815616,14200890,147036348,1651954,3333497,2729991,1833648,2053134,2099046,1986998,1989399,1856624,1901621,188583,413294,334182,600219,213223,213223,213223,213223,213223,213223,330470,931075,1290858,1399416,1530159,1643936,1712548,1767918,1785659,1808851,37796,112895,157152,245765,24413790,24413790,24413790,24413790,24413790,24413790,
PIC,19770510,15297670,4472840,4275080310,4289152590,1529767,1529767,1529767,1529767,1529767,1529767,1529767,1529767,1529767,1529767,447284,447284,447284,447284,447284,447284,447284,447284,447284,447284,427508031,427508031,427508031,427508031,427508031,427508031,427508031,427508031,427508031,427508031,428915259,428915259,428915259,428915259,428915259,428915259,428915259,428915259,428915259,428915259,
EWMA,24692108,18612257,6079851,12707997,4119239,2916579,2842603,1360543,2052626,2145115,926028,1799978,1997271,825199,1746315,685965,872621,775098,548936,601704,607991,447883,540980,572948,425725,583315,1035172,1100246,1290722,1461600,1354485,1443583,1554320,1408495,1476059,137193,284278,382442,415740,452932,483943,476731,489580,506253,490147,
SW,24213797,18241764,5972033,12792039,4324055,3160174,985143,160426,1719944,2483180,1426037,2200121,2482707,1424752,2199280,933539,208138,336979,439165,688833,735016,604058,688396,734238,603671,2452572,2218022,1435248,955171,955171,955171,955171,955171,955171,955171,808585,725927,492885,328094,328094,328094,328094,328094,328094,328094,
AFC,24367978,18398879,5969099,12745876,3958191,2486819,2272156,2641830,1870447,1819345,2008048,791213,1757761,1965448,785812,689828,673591,785200,547543,542079,596747,586906,449758,540096,557351,497363,852321,1210222,1342267,1437682,1551755,1399647,1471269,1570104,1413246,137965,245090,353112,391998,422014,456960,482949,476311,489068,502724,
AMBP,20814722,15086360,5728362,707997496,191105941,1577319,3105244,1558438,2150846,2211173,896668,896668,896668,896668,896668,381138,945626,770139,579668,620276,593491,459506,459506,459506,459506,315543,873483,1010474,1238548,1433073,140625275,140625275,140625275,140625275,140625275,76307,250170,354163,399264,443466,473471,47277275,47277275,47277275,47277275,
PIC,40950970,31612650,9338320,4253870830,4282827460,3161265,3161265,3161265,3161265,3161265,3161265,3161265,3161265,3161265,3161265,933832,933832,933832,933832,933832,933832,933832,933832,933832,933832,425387083,425387083,425387083,425387083,425387083,425387083,425387083,425387083,425387083,425387083,428282746,428282746,428282746,428282746,428282746,428282746,428282746,428282746,428282746,428282746,
EWMA,16864450,12501587,4362863,8712339,2845712,1694195,1938970,1567990,1284295,636836,1164709,1464809,1262931,1062495,424357,367828,632378,517222,374974,524788,317620,417060,381642,275034,554317,338839,658865,840690,929411,870896,929658,1036688,1081936,1078047,947309,73565,185327,251706,276359,326044,324359,342899,350647,335524,379282,
SW,15950465,11534559,4415906,10162787,3076030,2311458,165841,165841,392608,1442542,1645265,1473647,837573,1352561,1747223,728015,31528,404086,251877,513054,498465,394559,666612,410016,517694,1946413,1628878,1628878,956636,666997,666997,666997,666997,666997,666997,582332,501674,387876,229164,229164,229164,229164,229164,229164,229164,
AFC,17015510,12643169,4372341,8383018,2921548,1384454,1887120,972936,1345065,1590989,1335288,1114803,450151,1116983,1445380,421639,554901,669750,362123,448299,399475,288033,565023,271543,391555,276890,598936,673736,808001,964598,1038736,1053949,933190,969948,1065034,84327,178441,276702,293786,324688,339645,329323,376463,355479,362694,
AMBP,14718171,10806749,3911422,311112458,135836130,922597,1999137,1030013,1385173,1610311,1362965,1094629,467308,467308,467308,270139,591241,684923,375422,455299,408414,281496,281496,281496,281496,184599,547506,644007,792240,955854,1037276,1048746,101967410,101967410,101967410,54107,161533,266211,288053,321502,338884,33601460,33601460,33601460,33601460,
PIC,24979430,17411880,7567550,4272331830,4285129460,1741188,1741188,1741188,1741188,1741188,1741188,1741188,1741188,1741188,1741188,756755,756755,756755,756755,756755,756755,756755,756755,756755,756755,427233183,427233183,427233183,427233183,427233183,427233183,427233183,427233183,427233183,427233183,428512946,428512946,428512946,428512946,428512946,428512946,428512946,428512946,428512946,428512946,
EWMA,21248559,13395573,7852986,9089090,5311831,1913643,1776108,1504342,1336573,1235080,1175343,1138719,1115865,1104038,1095862,1025696,1067580,900041,796250,733552,696536,673876,659739,652369,647347,382728,661404,829991,931307,992061,1028717,1050717,1063746,1071804,1076615,205139,377627,482109,544937,582660,605435,619123,627246,632270,635285,
SW,20777971,13065973,7711998,9305069,5494410,2167687,396540,590592,1115991,1465401,1466437,1466233,1465012,1466079,1466001,1279691,236819,347723,658160,864684,865283,865145,864342,865057,865094,1769212,1576964,1051606,701041,701041,701041,701041,701041,701041,701041,1041531,931830,621411,414234,414234,414234,414234,414234,414234,414234,
AFC,20949507,13173203,7776304,8869240,5235424,1455926,1875735,1559950,1369020,1255582,1187022,1145005,1121483,1106474,1097006,858325,1107572,921083,808232,741322,700822,675995,662086,653313,647554,291185,608095,798466,912576,981177,1022346,1046877,1061798,1070733,1075987,171665,358846,471293,538680,579208,603530,618023,626835,632130,635214,
AMBP,20592457,12950168,7642289,8649790,5103678,1013232,1964116,1612483,1401685,1274674,1198349,1152782,1125306,1108545,1098996,592250,1160645,952649,827937,752821,707606,680647,664411,654471,648852,202726,555004,766499,893536,969763,1015480,1042940,1059413,1069239,1075190,118530,326953,452092,527261,572373,599419,615664,625413,631224,634749,
PIC,15773080,9963610,5809470,4282014590,4287414970,996361,996361,996361,996361,996361,996361,996361,996361,996361,996361,580947,580947,580947,580947,580947,580947,580947,580947,580947,580947,428201459,428201459,428201459,428201459,428201459,428201459,428201459,428201459,428201459,428201459,428741497,428741497,428741497,428741497,428741497,428741497,428741497,428741497,428741497,428741497,
EWMA,25177207,21796853,3380354,15291312,1987870,3206749,3048319,2543076,2291447,2123797,2024622,1985875,1872487,1923906,776575,235339,413725,351058,301582,273508,256629,248047,246061,233552,820853,641349,1122743,1406809,1583736,1691748,1758322,1803832,1817563,1838831,1626379,47067,120398,166530,193540,209533,218952,224771,229029,229933,348117,
SW,24490502,21146061,3344441,15922936,2026919,3716857,724737,1013177,1870779,2499467,2538407,2481165,1536234,2261111,2504127,469307,120824,119481,229218,309415,305919,317305,838067,327321,307584,2992776,2691617,1818257,1202898,1202898,1202898,1202898,1202898,1202898,1202898,347413,347413,236537,156508,156508,156508,156508,156508,156508,156508,
AFC,24751989,21553131,3198858,14585871,2111103,2231243,3269487,2695028,2343479,2159142,2078768,1933935,945074,1847135,2049840,286124,410779,339017,295634,270604,252526,254840,773496,148476,167362,446248,1010895,1347721,1546872,1669326,1751214,1787758,1619222,1664804,1741811,57224,127935,170151,195247,210318,218759,225975,335479,298079,271936,
AMBP,22354390,19224258,3130132,531563644,66988912,1711833,3374963,2755896,2381145,2199474,2092717,1934376,924618,924618,924618,172877,433422,352476,303729,275873,261249,249402,787192,146956,146956,342446,948949,1310338,1524499,1659494,1746138,1783785,174082665,174082665,174082665,34655,114408,162021,190362,207464,218221,224457,337004,32750160,32750160,
PIC,42071270,37451210,4620060,4246280710,4288961200,3745121,3745121,3745121,3745121,3745121,3745121,3745121,3745121,3745121,3745121,462006,462006,462006,462006,462006,462006,462006,462006,462006,462006,424628071,424628071,424628071,424628071,424628071,424628071,424628071,424628071,424628071,424628071,428896120,428896120,428896120,428896120,428896120,428896120,428896120,428896120,428896120,428896120,
EWMA,25148606,21790768,3357838,15263695,1981022,3193042,3040589,2552770,2268260,2130341,2026724,1948141,1915695,1883726,831480,233390,413524,352082,299196,274109,257245,242195,250332,235663,800102,638608,1119004,1405757,1578257,1688673,1756283,1794654,1818862,1831834,1631763,46678,120047,166454,193002,209223,218827,223500,228866,230225,344200,
SW,24416050,21100024,3316026,15897953,2020010,3700010,721133,1024455,1859366,2478701,2530418,2489753,1550038,2264798,2481352,467056,119396,119124,227986,309473,308699,313629,817505,328746,304412,2986030,2685167,1815199,1201651,1201651,1201651,1201651,1201651,1201651,1201651,348152,348152,235192,155502,155502,155502,155502,155502,155502,155502,
AFC,24696783,21518360,3178423,14565516,2100454,2240068,3265483,2680496,2345926,2144388,2041164,1968827,965099,1829654,2037255,289038,410241,336904,295209,270381,251819,252499,753742,151131,167459,448013,1011507,1345304,1545428,1665220,1740408,1786091,1621893,1663445,1738207,57807,128293,170015,195053,210118,218458,225266,330961,294995,269488,
AMBP,22426793,19308917,3117876,531206289,66282600,1728453,3363365,2749684,2381244,2164173,2077978,1954606,963138,963138,963138,178427,431220,351149,303503,273626,254925,256483,767213,150665,150665,345770,949289,1309368,1523743,1651829,1737058,1780567,173969555,173969555,173969555,35765,114856,162114,190391,207038,216615,224588,333113,32399060,32399060,
PIC,42109300,37394000,4715300,4246355080,4288837390,3739400,3739400,3739400,3739400,3739400,3739400,3739400,3739400,3739400,3739400,471530,471530,471530,471530,471530,471530,471530,471530,471530,471530,424635508,424635508,424635508,424635508,424635508,424635508,424635508,424635508,424635508,424635508,428883739,428883739,428883739,428883739,428883739,428883739,428883739,428883739,428883739,428883739,
EWMA,15746772,10081398,5665374,6823569,3817051,1355513,1335876,1162892,1021522,937560,892051,865288,845624,836768,828304,658870,777127,674687,588207,536862,509294,493140,481028,475700,470459,271102,484056,619823,700162,747641,776523,794276,804545,810989,814452,131774,260844,343612,392531,421397,438976,449808,456052,459981,462076,
SW,15460607,9863829,5596778,7008173,3977366,1628017,305152,436319,839612,1109909,1105549,1099101,1112104,1113359,1114707,923161,176460,245801,475627,629808,626917,622609,631278,632113,633004,1338157,1190991,789829,527028,527028,527028,527028,527028,527028,527028,756926,676894,448474,299296,299296,299296,299296,299296,299296,299296,
AFC,15490624,9886057,5604567,6631079,3756581,988427,1435765,1173867,1048953,962783,889703,857003,858092,826639,844825,548871,816994,666052,596955,547997,504388,485638,488213,468331,481128,197685,445301,591014,682601,738637,768850,786480,800802,805969,813740,109774,251218,334184,386738,418989,436068,445982,454428,457208,461992,
AMBP,15345870,9790673,5555197,6534791,3706533,789307,1462537,1217652,1050626,950823,910189,879727,856457,840458,832897,444551,829146,691808,595949,538777,517290,500340,486875,477394,473067,157941,418860,578618,673019,728579,764901,787866,801584,809358,814065,88990,237021,327978,381572,413013,433868,447162,455104,459562,462263,
PIC,12369310,7912090,4457220,4284681560,4289172890,791209,791209,791209,791209,791209,791209,791209,791209,791209,791209,445722,445722,445722,445722,445722,445722,445722,445722,445722,445722,428468156,428468156,428468156,428468156,428468156,428468156,428468156,428468156,428468156,428468156,428917289,428917289,428917289,428917289,428917289,428917289,428917289,428917289,428917289,428917289,
EWMA,18051683,15697352,2354331,10610598,1571818,2084227,2062302,1813133,1572011,1521257,1358322,1358330,1322726,1307756,1297288,163913,360225,294081,265067,239447,211584,217907,206244,200115,195748,416845,745936,959375,1081902,1169773,1207482,1237651,1254666,1265284,1271684,32782,98270,137432,162959,178256,184921,191518,194463,195593,195624,
SW,17954324,15588143,2366181,10394953,1803925,2541973,461666,492450,1324000,1820643,1762497,1813726,1802984,1763205,1804999,395014,117313,111345,185525,263500,256368,261558,253103,262297,260158,2058709,1855277,1165363,759372,759372,759372,759372,759372,759372,759372,326184,303423,207891,138061,138061,138061,138061,138061,138061,138061,
AFC,17603205,15204308,2398897,10215531,1608917,1437401,2290766,1871658,1643828,1495546,1384365,1153686,1313158,1334145,1279755,216112,355164,290618,252851,234481,223761,227803,198930,199891,199286,287480,688137,924841,1068638,1154019,1200088,1190808,1215278,1239051,1247191,43222,105610,142611,164659,178623,187650,195680,196330,197042,197490,
AMBP,17587992,15182030,2405962,134819195,1587261,1135333,2290934,1962754,1659653,1447346,1429106,1363572,1323631,1311446,1258255,174733,363907,299724,249332,235757,221920,211713,204714,203221,240941,227146,639903,904473,1055509,1133876,1192922,1227052,1246367,1259382,125932565,35026,100802,140586,162335,177019,185999,191141,193855,195728,204770,
PIC,26995700,25327390,1668310,4262041670,4292798480,2532739,2532739,2532739,2532739,2532739,2532739,2532739,2532739,2532739,2532739,166831,166831,166831,166831,166831,166831,166831,166831,166831,166831,426204167,426204167,426204167,426204167,426204167,426204167,426204167,426204167,426204167,426204167,429279848,429279848,429279848,429279848,429279848,429279848,429279848,429279848,429279848,429279848,
EWMA,15062418,9324039,5738379,6311444,3869643,1249495,1260591,1065178,947584,858123,822630,801280,773794,771200,774164,680805,801207,672623,595199,536131,512866,498841,480678,478998,481031,249899,452037,574665,649248,691023,717344,734131,742063,747890,753144,136161,269170,349860,398927,426367,443666,454701,459896,463716,467179,
SW,14747295,9101689,5645606,6449889,4000233,1497688,272707,416556,759439,1029317,1033988,1021185,1024919,1024805,1021085,928564,170091,258251,470061,638712,641849,633310,635808,635718,633242,1243530,1097068,728984,482901,482901,482901,482901,482901,482901,482901,770778,680877,452302,299468,299468,299468,299468,299468,299468,299468,
AFC,14739847,9099015,5640832,6101050,3781036,906808,1329504,1078257,962440,882796,813866,797324,784808,760530,782682,557099,825872,668640,597491,548084,504290,494583,487050,471351,486372,181361,410989,544442,628041,678992,705966,724237,736351,741186,749485,111419,254309,337175,389238,421007,437663,449047,456647,459587,464944,
AMBP,14676214,9057134,5619080,6046036,3750558,736652,1349312,1127687,973190,876963,852855,799834,782254,788939,769448,455919,836741,700013,603771,543684,529955,496042,485219,490230,477506,147410,387790,535769,623253,673995,709767,727780,738674,748727,752871,91263,240358,332289,386585,418004,440394,451523,458262,464655,467225,
PIC,12009280,7416640,4592640,4285325650,4288996850,741664,741664,741664,741664,741664,741664,741664,741664,741664,741664,459264,459264,459264,459264,459264,459264,459264,459264,459264,459264,428532565,428532565,428532565,428532565,428532565,428532565,428532565,428532565,428532565,428532565,428899685,428899685,428899685,428899685,428899685,428899685,428899685,428899685,428899685,428899685,
EWMA,18056870,15702049,2354821,10612168,1572332,2088365,2074601,1819975,1553883,1497792,1368019,1351140,1334037,1329909,1284328,164474,361333,297590,259927,237027,213320,216869,207086,204821,192374,417673,749058,963241,1081369,1164653,1205326,1234488,1254397,1269499,1272464,32894,98581,138382,162691,177558,184710,191141,194330,196428,195617,
SW,17960819,15595590,2365229,10407560,1813368,2555727,460916,490310,1329253,1803777,1749341,1825013,1774032,1790103,1817118,396652,122747,109030,184806,259563,255883,261651,251366,262660,260871,2060117,1857339,1168984,760160,760160,760160,760160,760160,760160,760160,326315,305550,209476,138861,138861,138861,138861,138861,138861,138861,
AFC,17561589,15170035,2391554,10193802,1602140,1430983,2297141,1860395,1647345,1496987,1375415,1142852,1305015,1336647,1277255,214473,356219,287910,253913,234866,216273,227597,199595,196307,204401,286196,688385,922787,1067698,1153555,1197927,1186912,1210532,1235755,1244055,42894,105559,142029,164405,178497,186052,194361,195407,195587,197349,
AMBP,17603100,15202379,2400721,10151791,1585962,1135415,2298500,1949207,1635572,1489864,1410009,1378493,1318044,1321160,1266115,176250,361434,296833,253708,236136,220091,212220,203954,204891,235204,227163,641430,902985,1049502,1137574,1192061,1229347,1247086,1261900,1262743,35330,100550,139806,162586,177296,185855,191128,193693,195932,203786,
PIC,10315530,8564860,1750670,4283832960,4292691410,856486,856486,856486,856486,856486,856486,856486,856486,856486,856486,175067,175067,175067,175067,175067,175067,175067,175067,175067,175067,428383296,428383296,428383296,428383296,428383296,428383296,428383296,428383296,428383296,428383296,429269141,429269141,429269141,429269141,429269141,429269141,429269141,429269141,429269141,429269141,
EWMA,15180766,9416074,5764692,6374027,3887285,1258824,1274446,1074966,945618,879011,833711,804200,788232,781810,775256,681052,805786,675281,590512,546984,517323,497941,487479,483320,479014,251764,456300,580033,653150,698322,725399,741159,750573,756820,760507,136210,270125,351156,399027,428618,446359,456675,462835,466932,469348,
SW,14871443,9196125,5675318,6546738,4041290,1525653,268385,421229,787000,1035228,1017902,1028659,1034251,1036266,1041552,941664,166338,259877,485535,638915,627429,634549,638276,639612,643123,1255367,1107514,738422,492205,492205,492205,492205,492205,492205,492205,774053,683858,455960,303917,303917,303917,303917,303917,303917,303917,
AFC,14884230,9205765,5678465,6174837,3807629,908992,1341009,1114806,951566,888171,841730,814095,785932,783329,776135,554821,828775,688996,586789,548443,519869,502858,484941,483731,479242,181798,413640,553873,633411,684363,715836,735487,745576,753126,757727,110964,254526,341420,390493,422083,441640,453883,460094,464821,467705,
AMBP,14771913,9134422,5637491,6109452,3770656,768862,1383114,1115867,979498,901948,844165,786608,794359,784180,775821,474591,854199,688096,604417,557062,521150,484349,490432,484220,478975,153852,399704,542936,630248,684588,716503,730524,743291,751468,756338,94998,246838,335089,388954,422575,442290,450701,458647,463761,466803,
PIC,12255120,7581100,4674020,4285111850,4288891050,758110,758110,758110,758110,758110,758110,758110,758110,758110,758110,467402,467402,467402,467402,467402,467402,467402,467402,467402,467402,428511185,428511185,428511185,428511185,428511185,428511185,428511185,428511185,428511185,428511185,428889105,428889105,428889105,428889105,428889105,428889105,428889105,428889105,428889105,428889105,
EWMA,24625954,18547368,6078586,12664703,4118768,2918343,2858558,1308797,2060609,2149955,890629,1808398,2003775,792685,1755619,684645,873486,779038,546279,598827,611205,445270,539443,577223,423170,583668,1038646,1092676,1286262,1459000,1345325,1437939,1551106,1399421,1470660,136929,284240,383199,415815,452417,484174,476393,489003,506647,489951,
SW,24143998,18176543,5967455,12743014,4321225,3158366,996834,133007,1725298,2489839,1389092,2202041,2489620,1389602,2202844,930674,205839,339795,437249,687971,737516,601718,687741,737225,601727,2444004,2207617,1429402,951713,951713,951713,951713,951713,951713,951713,809818,725908,492103,327628,327628,327628,327628,327628,327628,327628,
AFC,24473904,18592228,5881676,12417906,3957932,2124577,2405413,2609317,2018690,967254,2160305,1747751,805481,2064170,1689270,589964,715449,771728,556893,715133,557001,427308,638002,510796,399402,424915,821014,1178674,1346677,1270793,1448695,1508506,1367901,1507154,1543577,117992,237483,344332,386844,452501,473401,464183,498946,501316,480934,
AMBP,21032656,15102623,5930033,582425712,150502172,352083,3086270,2769531,1247198,2032304,2137521,869429,869429,869429,869429,755058,779153,739032,696550,495258,568984,595021,433659,433659,433659,70496,673650,1092826,1123700,1305420,1471840,144171945,144171945,144171945,144171945,151091,276703,369168,434644,446766,471209,495971,49285540,49285540,49285540,
PIC,40821850,31531560,9290290,4253976250,4282889900,3153156,3153156,3153156,3153156,3153156,3153156,3153156,3153156,3153156,3153156,929029,929029,929029,929029,929029,929029,929029,929029,929029,929029,425397625,425397625,425397625,425397625,425397625,425397625,425397625,425397625,425397625,425397625,428288990,428288990,428288990,428288990,428288990,428288990,428288990,428288990,428288990,428288990,
EWMA,24618355,18541635,6076720,12662856,4118032,2914191,2857593,1313591,2057228,2159192,883622,1805312,2012980,784409,1753517,683235,873191,779686,545086,602062,610012,444196,541953,574897,422402,582838,1037789,1092949,1285804,1460481,1345109,1437149,1552315,1398733,1469689,136647,283955,383101,415498,452810,484250,476239,489381,506484,489667,
SW,24138859,18173598,5965261,12735050,4320615,3154893,1006288,123722,1721400,2498141,1386993,2199172,2498240,1385900,2198849,929443,208574,338481,435659,689638,736938,600537,689696,736025,600270,2443694,2209765,1428301,950470,950470,950470,950470,950470,950470,950470,809324,726128,492166,327571,327571,327571,327571,327571,327571,327571,
AFC,24341588,18348556,5993032,12707716,3965012,2476489,2246226,2642756,1858612,1824170,2009160,786855,1759909,1969731,774648,683611,676523,781775,553943,538601,593581,608904,443280,536500,576314,495297,845482,1204936,1335671,1433370,1548528,1396194,1468937,1569095,1410206,136722,244682,352100,392468,421694,456071,486637,477966,489672,507000,
AMBP,20813158,15087723,5725435,707409207,193004489,1579350,3105195,1554419,2150236,2206813,898342,898342,898342,898342,898342,374125,940725,800507,572469,614929,618204,451119,451119,451119,451119,315950,873799,1009923,1237985,1431750,140507960,140507960,140507960,140507960,140507960,74905,248069,358556,401338,444056,478885,47749670,47749670,47749670,47749670,
PIC,40772680,31493750,9278930,4254025400,4282904670,3149375,3149375,3149375,3149375,3149375,3149375,3149375,3149375,3149375,3149375,927893,927893,927893,927893,927893,927893,927893,927893,927893,927893,425402540,425402540,425402540,425402540,425402540,425402540,425402540,425402540,425402540,425402540,428290467,428290467,428290467,428290467,428290467,428290467,428290467,428290467,428290467,428290467,
EWMA,20559944,12395429,8164515,8407610,5525079,1754502,1647729,1395258,1238831,1144231,1089129,1054691,1033637,1022638,1014783,1078126,1107850,933891,826256,761094,723170,699502,685057,677465,672104,350900,610265,767263,861576,918107,952311,972787,984957,992493,996951,215625,394070,502034,566878,605721,629210,643268,651625,656793,659855,
SW,20129102,12111152,8017950,8600862,5694018,2007093,340841,555944,1038953,1361333,1361794,1361460,1360586,1361599,1361549,1328815,225605,368044,687840,901255,901548,901330,900724,901410,901379,1664764,1451417,967959,645246,645246,645246,645246,645246,645246,645246,1102169,960887,640821,427163,427163,427163,427163,427163,427163,427163,
AFC,20124765,12108877,8015888,8124479,5378135,1168551,1773173,1466317,1280566,1170542,1103947,1063621,1040030,1025548,1016582,772759,1174041,970820,847815,774971,730858,704141,688538,678934,673011,233710,541602,726545,837349,903987,943979,967907,982331,990974,996095,154551,358449,480923,554301,598435,624919,640763,650318,656041,659435,
AMBP,19830314,11931633,7898681,7950644,5263273,820478,1841837,1507567,1306423,1185391,1112191,1069420,1043278,1026862,1018186,542379,1219532,998156,864952,784780,736298,707987,690685,679825,674087,164175,499707,701279,822307,894923,938376,964584,980322,989630,995341,108555,330750,464231,544375,592456,621224,638576,648997,655162,658947,
PIC,13630130,8205590,5424540,4284300010,4287915380,820559,820559,820559,820559,820559,820559,820559,820559,820559,820559,542454,542454,542454,542454,542454,542454,542454,542454,542454,542454,428430001,428430001,428430001,428430001,428430001,428430001,428430001,428430001,428430001,428430001,428791538,428791538,428791538,428791538,428791538,428791538,428791538,428791538,428791538,428791538,
EWMA,24599988,18529998,6069990,12654801,4113127,2910681,2854140,1314938,2056918,2158706,882468,1804094,2010377,786683,1750993,682135,871393,778459,545659,601424,608786,444371,541184,574344,422235,582136,1036536,1092216,1285156,1459866,1344386,1436327,1551137,1398246,1468795,136427,283420,382427,415073,452343,483631,475779,488860,505956,489211,
SW,24129996,18167458,5962538,12735179,4318661,3153681,1003305,126764,1722813,2495926,1386584,2200741,2493388,1385888,2198368,929592,208579,337721,436685,689064,736017,601136,688054,735225,600465,2441087,2209448,1427917,950961,950961,950961,950961,950961,950961,950961,807652,725411,491964,327662,327662,327662,327662,327662,327662,327662,
AFC,24269175,18305405,5963770,12688569,3951352,2464474,2250968,2645050,1858090,1822095,2016026,758782,1762610,1979501,747809,679890,674772,783103,552969,538554,595654,591574,446292,540335,560627,492894,844508,1204616,1335310,1432667,1549338,1391227,1465503,1568302,1404204,135978,243736,351609,391881,421215,456102,483196,475816,488719,503100,
AMBP,20617604,14906371,5711233,706017068,191115262,1581189,3113666,1519307,2152483,2216711,864603,864603,864603,864603,864603,376730,942158,780260,575116,618699,596570,455425,455425,455425,455425,316317,875786,1004490,1234088,1430612,140231155,140231155,140231155,140231155,140231155,75426,248772,355069,399078,443002,473715,47280050,47280050,47280050,47280050,
PIC,40802830,31517120,9285710,4253995020,4282895860,3151712,3151712,3151712,3151712,3151712,3151712,3151712,3151712,3151712,3151712,928571,928571,928571,928571,928571,928571,928571,928571,928571,928571,425399502,425399502,425399502,425399502,425399502,425399502,425399502,425399502,425399502,425399502,428289586,428289586,428289586,428289586,428289586,428289586,428289586,428289586,428289586,428289586,
EWMA,15696517,10291605,5404912,6961767,3635536,1385049,1376790,1175018,1038820,956100,908525,877892,866250,849054,858107,612959,752857,639191,560796,513199,485877,468195,462066,451618,458154,277009,496965,632575,713824,762279,791528,808800,820290,826042,832455,122591,248644,326753,373561,401488,418365,428331,435078,438386,442339,
SW,15352049,10030448,5321601,7180690,3818603,1665152,302234,459327,863629,1128541,1109509,1115347,1125075,1122874,1138760,884003,163910,243373,458543,598691,586072,589963,596439,595015,605592,1364297,1215379,808904,541730,541730,541730,541730,541730,541730,541730,720931,646980,430429,288609,288609,288609,288609,288609,288609,288609,
AFC,15413474,10073192,5340282,6756599,3578257,982675,1475312,1220656,1048639,978297,911571,884621,867612,852612,851197,501531,788170,651300,556288,521299,483958,470299,461471,452994,452972,196535,452290,605963,694498,751257,783319,803579,816385,823630,829143,100306,237878,320562,367707,398425,415531,426484,433481,437383,440500,
AMBP,15278457,9980077,5298380,6665293,3537227,792154,1516018,1238743,1073004,982606,923731,868722,883586,849774,851739,414217,807323,658531,569771,522459,491013,458989,471783,450961,453333,158510,430011,591757,688006,746926,782287,799574,816376,823055,828791,82923,227803,313948,365112,396581,415467,424171,433693,437146,440383,
PIC,12246040,8031550,4214490,4284526260,4289488440,803155,803155,803155,803155,803155,803155,803155,803155,803155,803155,421449,421449,421449,421449,421449,421449,421449,421449,421449,421449,428452626,428452626,428452626,428452626,428452626,428452626,428452626,428452626,428452626,428452626,428948844,428948844,428948844,428948844,428948844,428948844,428948844,428948844,428948844,428948844,
EWMA,25146131,21790448,3355683,15260636,1980246,3200324,3029398,2550373,2275215,2122953,2024940,1956058,1913942,1877829,839416,234249,411864,352036,299863,273390,257163,243159,249951,235448,798560,640064,1117930,1404418,1578577,1687452,1754949,1795170,1818924,1830705,1632447,46849,119852,166288,193003,209080,218696,223588,228860,230177,343853,
SW,24456714,21128573,3328141,15912974,2022563,3717038,721098,1019324,1867114,2484772,2530713,2491057,1541511,2262159,2493787,468873,119101,118871,229265,309308,307631,315618,824996,328122,306356,2986447,2689790,1819153,1202512,1202512,1202512,1202512,1202512,1202512,1202512,348363,348363,235615,155746,155746,155746,155746,155746,155746,155746,
AFC,24689319,21512284,3177035,14561656,2099438,2226543,3263740,2694578,2337175,2143104,2055050,1960355,964938,1839853,2026948,286437,410225,338628,294175,270343,252851,252159,753911,152438,165868,445308,1008994,1346110,1544323,1664079,1742273,1785889,1621699,1665329,1737652,57287,127874,170024,194854,209951,218531,225256,330987,295278,269396,
AMBP,22426062,19309119,3116943,530934052,66253125,1727018,3366618,2748241,2381310,2176578,2066802,1950435,964039,964039,964039,178166,431604,350839,303536,274815,253901,256494,766558,150515,150515,345483,949710,1309416,1523794,1654350,1736840,1779559,173878300,173878300,173878300,35713,114891,162080,190371,207259,216587,224568,332966,32384345,32384345,
PIC,42117900,37404110,4713790,4246341940,4288839350,3740411,3740411,3740411,3740411,3740411,3740411,3740411,3740411,3740411,3740411,471379,471379,471379,471379,471379,471379,471379,471379,471379,471379,424634194,424634194,424634194,424634194,424634194,424634194,424634194,424634194,424634194,424634194,428883935,428883935,428883935,428883935,428883935,428883935,428883935,428883935,428883935,428883935,
EWMA,21402909,13248161,8154748,8990294,5519251,1891498,1761260,1487732,1321278,1221597,1161573,1125032,1104082,1091099,1083010,1076497,1109289,932483,824894,760469,721653,698018,684495,676099,670851,378299,654891,821459,921422,981457,1017480,1038990,1052008,1059826,1064462,215299,394097,501774,566398,605212,628500,642403,650821,655876,658871,
SW,20905599,12911273,7994326,9195080,5694954,2142300,392117,583545,1102445,1448249,1449053,1448576,1447775,1448535,1448678,1326644,244460,360829,682295,896536,897074,896733,896223,896698,896834,1748349,1558496,1039321,692702,692702,692702,692702,692702,692702,692702,1080963,965648,643978,429195,429195,429195,429195,429195,429195,429195,
AFC,21079289,13018887,8060402,8765537,5426974,1438685,1853579,1542142,1352659,1241249,1173293,1131616,1108447,1093636,1083581,890216,1147936,954846,837475,768566,726444,700606,686327,677145,670841,287737,600905,789152,901853,969732,1010444,1034678,1049431,1058272,1063333,178043,372021,488586,558363,600403,625611,640610,649753,655231,658353,
AMBP,20714932,12794159,7920773,8545483,5289974,1000723,1940556,1592805,1385153,1259450,1183417,1139095,1112104,1094991,1085865,616013,1202316,986741,858056,780076,732908,705431,688747,678078,672407,200224,548290,757193,882785,958118,1003177,1030360,1046708,1056364,1062264,123282,339088,468618,546505,593219,621156,638011,648158,654142,657795,
PIC,15886470,9839920,6046550,4282175380,4287106760,983992,983992,983992,983992,983992,983992,983992,983992,983992,983992,604655,604655,604655,604655,604655,604655,604655,604655,604655,604655,428217538,428217538,428217538,428217538,428217538,428217538,428217538,428217538,428217538,428217538,428710676,428710676,428710676,428710676,428710676,428710676,428710676,428710676,428710676,428710676,
EWMA,15000252,9286556,5713696,6286762,3853413,1237058,1266552,1064548,931499,858726,828065,783962,777357,772453,766336,672561,805274,672252,584513,536555,516508,487313,482995,479854,475871,247411,451239,573900,645419,688080,716077,729654,739194,745845,749943,134512,268664,349381,396407,424436,442850,451742,457992,462364,465065,
SW,14710491,9079568,5630923,6439646,3993460,1484363,270046,416488,765170,1027162,1023689,1005644,1025506,1037192,1024308,919704,168342,258167,473915,637306,634966,622987,636197,643975,635364,1238071,1090636,723632,483901,483901,483901,483901,483901,483901,483901,767134,676601,448738,300141,300141,300141,300141,300141,300141,300141,
AFC,14756712,9109261,5647451,6105499,3783862,900140,1326273,1084113,954647,884542,818740,801666,797618,769498,772024,552646,823716,672502,592278,549174,507552,497464,495577,477267,479275,180028,409277,544244,626324,677967,706121,725230,739707,745665,750936,110529,253166,337033,388082,420300,437750,449692,458869,462548,465893,
AMBP,14643299,9037294,5606005,6043322,3748821,737749,1358025,1119056,969599,881996,849372,805799,791789,764794,759115,456668,842520,694308,601432,546929,527671,500077,491586,474136,470678,147629,389708,535577,622381,674304,709317,728613,741248,745957,748588,91413,241634,332168,386020,418201,440095,452091,459990,462819,464390,
PIC,12288110,7584420,4703690,4285107530,4288852480,758442,758442,758442,758442,758442,758442,758442,758442,758442,758442,470369,470369,470369,470369,470369,470369,470369,470369,470369,470369,428510753,428510753,428510753,428510753,428510753,428510753,428510753,428510753,428510753,428510753,428885248,428885248,428885248,428885248,428885248,428885248,428885248,428885248,428885248,428885248,
EWMA,24864613,21864186,3000427,15100230,1909007,3197407,3012465,2533187,2298398,2093726,1998553,1918688,1917153,1110113,1784496,204590,411464,326571,288302,254555,249719,234062,230941,649279,150944,639481,1114077,1397899,1577998,1681143,1744625,1779437,1806980,1667606,1690984,40918,115027,157335,183528,197733,208130,213316,216841,303328,272851,
SW,24207988,21162244,3045744,15901525,1908852,3627359,708556,1023102,1883068,2481525,1809355,2246222,2451610,2441678,2489769,441606,103393,115373,216263,305034,650671,309014,307506,296290,300594,2998536,2682287,1786339,1204909,1204909,1204909,1204909,1204909,1204909,1204909,343391,330267,220124,145010,145010,145010,145010,145010,145010,145010,
AFC,24606362,21725898,2880464,14498193,1979979,2213195,3269152,2664491,2336940,1470366,1933012,2049040,1956092,1952445,1881165,268524,392266,320268,283046,617669,183287,197704,198737,212308,206655,442639,1007941,1339251,1538788,1525104,1606685,1695156,1747343,1788363,1806923,53704,121416,161186,185558,271980,254242,242935,234096,229739,225123,
AMBP,24221114,21434958,2786156,14187901,152062313,1646018,3352316,2736860,1712203,2081698,2132487,2007751,1990297,1897915,1877413,197295,403917,330593,652011,200390,200390,200390,200390,200390,200390,329283,933889,1294483,1378027,1518761,1641506,1714755,1769863,1795473,1811861,39539,112414,156049,255241,25249845,25249845,25249845,25249845,25249845,25249845,
PIC,20092500,15615260,4477240,4274667440,4289146870,1561526,1561526,1561526,1561526,1561526,1561526,1561526,1561526,1561526,1561526,447724,447724,447724,447724,447724,447724,447724,447724,447724,447724,427466744,427466744,427466744,427466744,427466744,427466744,427466744,427466744,427466744,427466744,428914687,428914687,428914687,428914687,428914687,428914687,428914687,428914687,428914687,428914687,
EWMA,21246890,13394862,7852028,9088758,5311393,1914184,1775621,1504500,1336564,1234780,1175201,1138524,1115868,1103816,1095804,1026178,1067198,900107,796192,733271,696405,673731,659650,652158,647138,382836,661393,830014,931324,992015,1028652,1050626,1063674,1071702,1076522,205235,377627,482123,544936,582603,605363,619036,627158,632158,635154,
SW,20776035,13064917,7711118,9303678,5493224,2167324,396650,590595,1115526,1465221,1466294,1466205,1464972,1466100,1466030,1279372,237063,347629,657739,864495,865210,865146,864344,865070,865050,1768850,1576837,1051523,700924,700924,700924,700924,700924,700924,700924,1041151,931710,621355,414144,414144,414144,414144,414144,414144,414144,
AFC,20945993,13171152,7774841,8868009,5234478,1455819,1875761,1559637,1368046,1255823,1187073,1144735,1121412,1106381,1096465,858214,1107457,920947,807556,741513,700856,675713,662040,653237,647308,291163,608082,798393,912323,981023,1022233,1046733,1061668,1070610,1075781,171642,358805,471233,538497,579100,603451,617903,626730,632031,635086,
AMBP,20588641,12947854,7640787,8648310,5102677,1013533,1963875,1611341,1401644,1274666,1197633,1152990,1125350,1108137,1098685,592424,1160468,951841,827997,752751,707165,680836,664385,654237,648683,202786,555003,766270,893344,969608,1015213,1042768,1059284,1069054,1074980,118564,326944,451923,527137,572259,599240,615559,625324,631106,634621,
PIC,15772420,9962980,5809440,4282015400,4287415010,996298,996298,996298,996298,996298,996298,996298,996298,996298,996298,580944,580944,580944,580944,580944,580944,580944,580944,580944,580944,428201540,428201540,428201540,428201540,428201540,428201540,428201540,428201540,428201540,428201540,428741501,428741501,428741501,428741501,428741501,428741501,428741501,428741501,428741501,428741501,
EWMA,18118321,15750612,2367709,10633715,1576340,2091244,2071473,1824178,1553100,1511031,1394011,1324427,1340413,1323138,1317597,164945,360851,299123,258478,239050,213168,216886,209138,202892,203178,418248,748893,963950,1081780,1167630,1212906,1235210,1256250,1269627,1279221,32989,98561,138673,162634,177917,184967,191350,194907,196504,197838,
SW,18012573,15652605,2359968,10301260,1841341,2566629,387411,511732,1344733,1834658,1768334,1829575,1815860,1780180,1813493,397743,141757,102476,180313,260980,251694,259233,248402,260145,257225,2071134,1839156,1155257,747959,747959,747959,747959,747959,747959,747959,324216,312528,213992,141515,141515,141515,141515,141515,141515,141515,
AFC,17621233,15223458,2397775,10218570,1606878,1445571,2293577,1875663,1633488,1495483,1367045,1148378,1331202,1336285,1296766,212179,356605,291794,254768,232657,219843,227363,201527,201956,199083,289114,690006,927137,1068407,1153822,1196466,1186849,1215719,1239832,1251218,42435,105269,142574,165012,178541,186801,194913,196235,197379,197719,
AMBP,17591279,15175114,2416165,134769631,1589355,1149088,2272416,1954638,1669135,1460467,1412420,1381151,1296959,1323624,1255216,174320,364468,299083,250629,235882,220320,213498,202675,204353,250937,229897,638400,901647,1055144,1136208,1191450,1229390,1242903,1259047,125885545,34944,100848,140495,162521,177193,185818,191354,193618,195765,206799,
PIC,27204190,25548490,1655700,4261754240,4292814870,2554849,2554849,2554849,2554849,2554849,2554849,2554849,2554849,2554849,2554849,165570,165570,165570,165570,165570,165570,165570,165570,165570,165570,426175424,426175424,426175424,426175424,426175424,426175424,426175424,426175424,426175424,426175424,429281487,429281487,429281487,429281487,429281487,429281487,429281487,429281487,429281487,429281487,
EWMA,24583567,18523603,6059964,12648910,4105673,2892819,2842902,1349765,2039647,2142677,917911,1790187,1997749,813958,1735988,680609,874091,770307,546274,601700,604741,446366,541850,570566,423460,578563,1031430,1095097,1284007,1455741,1348175,1436577,1548811,1401840,1468669,136121,283715,381033,414081,451604,482231,475058,488416,504846,488568,
SW,24098504,18147033,5951471,12742333,4310655,3138234,987322,161240,1708990,2476400,1414620,2185814,2479165,1411356,2183892,928355,209158,335512,437330,687931,731799,601151,688445,731239,600551,2440257,2205525,1428932,952517,952517,952517,952517,952517,952517,952517,805475,722841,491008,327333,327333,327333,327333,327333,327333,327333,
AFC,24294813,18334819,5959994,12697147,3948988,2475553,2265177,2632431,1859679,1809336,2001747,793905,1748159,1958576,790256,687596,670995,783273,545115,540031,595263,590444,447185,538271,561821,495110,849123,1205784,1336563,1431117,1545243,1394976,1465612,1564204,1409415,137519,244214,352025,390643,420520,455468,482463,475408,487980,502748,
AMBP,20783037,15071595,5711442,705258706,190973565,1566613,3094156,1560898,2137402,2200276,902450,902450,902450,902450,902450,377954,943476,774034,576352,617855,596631,456285,456285,456285,456285,313402,869552,1007821,1233737,1427044,140081430,140081430,140081430,140081430,140081430,75670,249231,354191,398623,442469,473301,47245020,47245020,47245020,47245020,
PIC,40671630,31385720,9285910,4254165840,4282895600,3138572,3138572,3138572,3138572,3138572,3138572,3138572,3138572,3138572,3138572,928591,928591,928591,928591,928591,928591,928591,928591,928591,928591,425416584,425416584,425416584,425416584,425416584,425416584,425416584,425416584,425416584,425416584,428289560,428289560,428289560,428289560,428289560,428289560,428289560,428289560,428289560,428289560,
EWMA,25157035,21795109,3361926,15267947,1982561,3198565,3033296,2549777,2278442,2121859,2027443,1967579,1903885,1885791,828472,233924,412634,352048,300340,273557,257471,243573,250255,235474,802650,639713,1118429,1404698,1579446,1687928,1755831,1798180,1819321,1832615,1631786,46784,119954,166372,193165,209243,218888,223825,229111,230383,344836,
SW,24459714,21130811,3328903,15914687,2022898,3713931,716355,1021708,1870421,2480162,2534661,2489179,1539366,2263445,2501583,468814,118641,118874,229835,308691,307881,315657,824321,328305,307884,2989342,2688218,1817331,1202828,1202828,1202828,1202828,1202828,1202828,1202828,348487,348487,235443,155783,155783,155783,155783,155783,155783,155783,
AFC,24703181,21521804,3181377,14564766,2101395,2222596,3268519,2692829,2335061,2146042,2067635,1948950,964588,1840704,2034880,285618,410868,338540,294164,270789,253337,252360,756869,151756,167076,444519,1009319,1346021,1543829,1664271,1744943,1785744,1621513,1665351,1739256,57123,127872,170005,194836,210026,218688,225422,331711,295720,269992,
AMBP,22423029,19304594,3118435,531045549,66424109,1723328,3373474,2740918,2383508,2181746,2069564,1948165,961297,961297,961297,176903,432817,350027,304011,275097,253342,257181,771131,148963,148963,344745,950490,1308575,1523561,1655198,1738071,1780089,173914940,173914940,173914940,35460,114931,161950,190362,207309,216515,224648,333944,32469495,32469495,
PIC,42003000,37365610,4637390,4246391990,4288938670,3736561,3736561,3736561,3736561,3736561,3736561,3736561,3736561,3736561,3736561,463739,463739,463739,463739,463739,463739,463739,463739,463739,463739,424639199,424639199,424639199,424639199,424639199,424639199,424639199,424639199,424639199,424639199,428893867,428893867,428893867,428893867,428893867,428893867,428893867,428893867,428893867,428893867,
EWMA,28895673,24836543,4059130,16391174,2757500,2750975,3025685,2439105,2277306,2747896,2516629,2394677,2297827,2215113,2171330,402461,643403,541446,451515,347308,346810,337736,330435,325622,332394,550195,1045293,1324055,1514705,1761343,1912400,2008855,2066649,2096341,2111338,80492,193074,262748,300501,309862,317251,321348,323165,323656,325403,
SW,26347035,22456929,3890106,18439365,2801650,4282533,782857,1182396,2211323,2902857,3352354,1643352,2149060,1798114,2152083,654476,121036,177762,333950,443264,600515,389204,233091,420664,516144,3495828,3115598,2082595,1392192,1392192,1392192,1392192,1392192,1392192,1392192,532259,475221,317758,210916,210916,210916,210916,210916,210916,210916,
AFC,24533074,20441593,4091481,13670679,2747784,1878466,3159949,2268954,2010874,2195876,1992647,1889084,1546098,1568542,1931103,482321,623661,368658,391184,463002,422953,386453,228347,317392,407510,375693,932544,1199826,1362035,1528803,1621571,1675073,1649278,1633131,1692725,96464,201903,235254,266440,305752,329192,340644,318185,318027,335923,
AMBP,23274555,19410280,3864275,502715637,104209029,1659528,3185912,1806996,1928414,2324432,1999142,1984388,1507156,1507156,1507156,369509,642718,643607,373612,426421,405726,381292,207130,207130,207130,331985,902770,1083615,1252574,1466945,1573384,1655584,164816260,164816260,164816260,73981,187728,278903,297844,323559,339992,348252,34119590,34119590,34119590,
PIC,42303490,35163420,7140070,4249254830,4285685190,3516342,3516342,3516342,3516342,3516342,3516342,3516342,3516342,3516342,3516342,714007,714007,714007,714007,714007,714007,714007,714007,714007,714007,424925483,424925483,424925483,424925483,424925483,424925483,424925483,424925483,424925483,424925483,428568519,428568519,428568519,428568519,428568519,428568519,428568519,428568519,428568519,428568519,
EWMA,21999937,14171486,7828451,9618365,5295298,2035809,1879419,1588706,1411949,1305237,1241491,1203488,1180374,1166707,1158306,1020699,1066740,896933,793542,731370,694018,671713,658197,649988,645251,407161,701612,879030,985613,1049537,1087927,1111039,1124906,1133266,1138274,204139,376659,480713,543278,580896,603520,617158,625365,630289,633281,
SW,21495178,13810099,7685079,9838857,5479220,2291190,422817,623148,1178835,1548771,1549533,1549163,1548440,1549169,1549033,1275440,239944,345348,655131,861365,861889,861639,861139,861648,861536,1867139,1668133,1112385,741600,741600,741600,741600,741600,741600,741600,1034570,930088,620244,413474,413474,413474,413474,413474,413474,413474,
AFC,21674661,13924239,7750422,9375024,5217964,1538278,1982984,1649106,1447127,1327284,1254785,1210440,1185540,1169602,1159093,854405,1104157,918314,805704,739021,698592,673830,660073,651204,645122,307655,642720,843997,964623,1037155,1080681,1106632,1122413,1131850,1137298,170881,357536,469691,536893,577318,601572,616023,624833,630107,633110,
AMBP,21290124,13679985,7610139,9135081,5080207,1057316,2079032,1705275,1482622,1347874,1266270,1218920,1189669,1171238,1161769,577991,1159314,950469,826154,750874,705179,678833,662455,652086,646784,211543,585040,809087,943794,1024610,1072942,1102137,1119643,1129962,1136323,115678,324405,449617,524924,570114,597127,613468,623265,629029,632580,
PIC,16078240,10408410,5669830,4281436350,4287596500,1040841,1040841,1040841,1040841,1040841,1040841,1040841,1040841,1040841,1040841,566983,566983,566983,566983,566983,566983,566983,566983,566983,566983,428143635,428143635,428143635,428143635,428143635,428143635,428143635,428143635,428143635,428143635,428759650,428759650,428759650,428759650,428759650,428759650,428759650,428759650,428759650,428759650,
EWMA,15199645,9427470,5772175,6376120,3888608,1253376,1270904,1075694,953667,885427,826998,803553,787519,787541,782791,677428,803431,675754,595879,551231,512807,497482,486999,487135,484029,250675,454720,578914,653864,700176,725540,741142,750417,757841,762831,135485,269074,350410,399503,429848,446439,456647,462717,467600,470885,
SW,14899016,9212676,5686340,6539053,4036100,1531785,267873,413132,790207,1042582,1011453,1030509,1036981,1035558,1052596,945761,165991,254449,487681,643829,623118,635770,640093,639138,650510,1258691,1109937,737597,490404,490404,490404,490404,490404,490404,490404,776275,685476,455400,302707,302707,302707,302707,302707,302707,302707,
AFC,14873405,9199282,5674123,6176491,3808722,915294,1341767,1118942,947998,887200,850286,808237,778677,773567,777314,559043,829280,691718,584417,547789,525571,498957,480113,477214,480021,183058,414799,555627,634101,684720,717833,735913,744465,750285,755690,111808,255302,342585,390951,422318,442968,454165,459354,462926,466345,
AMBP,14781134,9139978,5641156,6113102,3773056,765357,1376053,1123372,985560,900545,849671,787508,791884,783300,776728,472249,849488,693089,608452,556117,524815,484978,488768,483632,479568,153151,397731,542859,631399,685228,718116,731994,743972,751837,756815,94529,245520,335033,389716,422996,443359,451682,459099,464005,467117,
PIC,12191050,7542460,4648590,4285162080,4288924110,754246,754246,754246,754246,754246,754246,754246,754246,754246,754246,464859,464859,464859,464859,464859,464859,464859,464859,464859,464859,428516208,428516208,428516208,428516208,428516208,428516208,428516208,428516208,428516208,428516208,428892411,428892411,428892411,428892411,428892411,428892411,428892411,428892411,428892411,428892411,
EWMA,24859881,21861070,2998811,15098602,1908320,3197633,3012315,2533317,2294044,2096580,1996478,1921741,1915479,1111132,1782351,204479,411503,326581,287804,255007,249379,234380,230786,648135,150757,639526,1114083,1397929,1577152,1681037,1744125,1779648,1806814,1667677,1690611,40895,115016,157329,183424,197740,208067,213329,216820,303083,272617,
SW,24214160,21169533,3044627,15893568,1906244,3621936,710737,1021043,1881001,2483790,1814106,2252312,2449112,2442340,2493156,441409,103178,113966,217098,305583,648314,310312,307025,296553,301189,2997251,2681925,1784572,1204260,1204260,1204260,1204260,1204260,1204260,1204260,343405,330092,219518,144747,144747,144747,144747,144747,144747,144747,
AFC,24591054,21712095,2878959,14490434,1978583,2203983,3269313,2670346,2336414,1471158,1934423,2041289,1955448,1952477,1877244,267475,392353,320381,283614,616151,183905,196835,198926,212170,207149,440796,1006499,1339268,1538697,1525190,1607036,1693886,1746198,1787453,1805411,53495,121266,161089,185594,271705,254145,242683,233932,229580,225094,
AMBP,24226618,21433661,2792957,14187347,151506051,1653434,3349294,2734087,1714352,2086676,2121509,2007778,1994439,1887749,1884343,196879,403989,330144,647125,202470,202470,202470,202470,202470,202470,330766,934471,1294394,1378385,1520043,1640336,1713824,1769947,1793507,1811674,39455,112361,155917,254158,25157360,25157360,25157360,25157360,25157360,25157360,
PIC,20096040,15647820,4448220,4274625110,4289184590,1564782,1564782,1564782,1564782,1564782,1564782,1564782,1564782,1564782,1564782,444822,444822,444822,444822,444822,444822,444822,444822,444822,444822,427462511,427462511,427462511,427462511,427462511,427462511,427462511,427462511,427462511,427462511,428918459,428918459,428918459,428918459,428918459,428918459,428918459,428918459,428918459,428918459,
EWMA,21394215,13242035,8152180,8985778,5517243,1891483,1758268,1487523,1320960,1220546,1161459,1125278,1102705,1090825,1082988,1076659,1107465,932555,824808,759915,721728,698319,683719,676038,670974,378296,654290,820936,920940,980861,1016980,1038639,1051452,1059326,1064058,215331,393757,501516,566174,604922,628283,642290,650575,655667,658728,
SW,20903036,12909824,7993212,9195208,5694999,2142178,392331,583423,1102615,1447598,1448852,1448636,1447401,1448331,1448459,1326534,244652,360713,682410,896065,896925,896759,895960,896546,896648,1747834,1558533,1039311,692790,692790,692790,692790,692790,692790,692790,1080549,965678,643966,429258,429258,429258,429258,429258,429258,429258,
AFC,21075871,13016151,8059720,8763623,5426377,1438300,1853519,1541595,1352658,1240628,1172882,1131663,1107961,1093241,1083704,889880,1147910,954733,837623,768281,726328,700784,686125,676993,671063,287660,600831,788983,901718,969500,1010176,1034473,1049170,1057984,1063128,177976,371962,488516,558337,600325,625525,640576,649685,655146,658329,
AMBP,20725221,12800867,7924354,8549883,5292348,1000337,1941591,1594159,1385996,1260354,1184165,1139698,1112682,1095264,1086621,615832,1202983,987443,858459,780552,733286,705764,689016,678162,672857,200147,548435,757579,883262,958680,1003777,1030961,1047305,1056896,1062841,123246,339193,468843,546766,593523,621475,638332,648468,654406,658096,
PIC,15890330,9841500,6048830,4282173330,4287103800,984150,984150,984150,984150,984150,984150,984150,984150,984150,984150,604883,604883,604883,604883,604883,604883,604883,604883,604883,604883,428217333,428217333,428217333,428217333,428217333,428217333,428217333,428217333,428217333,428217333,428710380,428710380,428710380,428710380,428710380,428710380,428710380,428710380,428710380,428710380,
EWMA,25209044,19453663,5755381,13276600,3899254,2933285,2854579,1760880,1990899,2112971,1282129,1721146,1953580,1178698,1665496,652144,857322,675678,543339,599799,520435,447749,542855,489057,427003,586657,1040241,1184368,1345674,1499133,1455732,1508814,1597767,1513953,1544261,130428,275806,355780,393291,434592,451760,450957,469336,473280,464024,
SW,24666918,18998762,5668156,13435902,4104607,3183923,893125,450182,1671635,2452272,1772810,2176010,2453241,1771322,2174242,901684,236010,271383,430851,679253,646952,588075,679396,646832,587720,2566400,2325558,1509077,1004981,1004981,1004981,1004981,1004981,1004981,1004981,756787,688892,469692,312748,312748,312748,312748,312748,312748,312748,
AFC,25201766,19510592,5691174,13058533,3805429,2251032,2655231,2415808,2206518,1336142,1972980,1878908,1097335,1872449,1824189,618761,701905,702589,628667,528002,536483,509184,490384,491479,483720,450206,891211,1196130,1398207,1385794,1503231,1578366,1482160,1560217,1613011,123752,239382,332023,391351,418681,442241,455629,462580,468359,471431,
AMBP,22788346,17201827,5586519,606913432,140666096,649655,3048786,2743267,1658127,1958059,2078473,1266365,1266365,1266365,1266365,525071,795175,748807,615006,503716,571217,510560,438989,438989,438989,130011,713766,1119666,1227358,1373498,1514493,150208660,150208660,150208660,150208660,105094,243110,344249,398400,419463,449813,461962,46081335,46081335,46081335,
PIC,40838880,31828930,9009950,4253589670,4283254340,3182893,3182893,3182893,3182893,3182893,3182893,3182893,3182893,3182893,3182893,900995,900995,900995,900995,900995,900995,900995,900995,900995,900995,425358967,425358967,425358967,425358967,425358967,425358967,425358967,425358967,425358967,425358967,428325434,428325434,428325434,428325434,428325434,428325434,428325434,428325434,428325434,428325434,
EWMA,21161760,13315149,7846611,9035142,5308090,1901062,1768161,1494980,1328176,1227799,1167942,1131733,1109868,1097042,1088386,1025104,1068351,898887,795247,732887,695599,673189,659547,651597,646203,380212,657801,825236,925824,986219,1022563,1044397,1057491,1065401,1069998,205020,377686,481926,544590,582249,604919,618573,626767,631733,634627,
SW,20692988,12987562,7705426,9248833,5489837,2154327,393802,587389,1109065,1456820,1457605,1457310,1456589,1457293,1457362,1278408,236269,347739,657538,864011,864549,864338,863868,864339,864367,1759192,1567204,1045173,696752,696752,696752,696752,696752,696752,696752,1041239,930850,620805,413849,413849,413849,413849,413849,413849,413849,
AFC,20864078,13094126,7769952,8815905,5231032,1446757,1864539,1550690,1361032,1247979,1179665,1138643,1114552,1099633,1090636,857390,1106661,920369,807751,740649,700016,675699,661483,652639,647295,289351,604388,793648,907124,975295,1016169,1040663,1055440,1064278,1069549,171478,358514,470885,538258,578736,602992,617533,626323,631586,634727,
AMBP,20506561,12871411,7635150,8597157,5098920,1006845,1952399,1602863,1393183,1266868,1190628,1145947,1118531,1101688,1092459,591762,1159577,951900,827147,752086,706608,680139,663856,653760,648315,201449,551639,761883,888143,963888,1009236,1036578,1052968,1062712,1068661,118432,326661,451708,526795,571853,598804,615071,624828,630614,634154,
PIC,15708390,9901860,5806530,4282094860,4287418790,990186,990186,990186,990186,990186,990186,990186,990186,990186,990186,580653,580653,580653,580653,580653,580653,580653,580653,580653,580653,428209486,428209486,428209486,428209486,428209486,428209486,428209486,428209486,428209486,428209486,428741879,428741879,428741879,428741879,428741879,428741879,428741879,428741879,428741879,428741879,
