budget_function,total_used_budget_r,total_used_budget_w,total_calc_r,total_calc_w,used_budget_per_period_read[0],used_budget_per_period_read[1],used_budget_per_period_read[2],used_budget_per_period_read[3],used_budget_per_period_read[4],used_budget_per_period_read[5],used_budget_per_period_read[6],used_budget_per_period_read[7],used_budget_per_period_read[8],used_budget_per_period_read[9],used_budget_per_period_read[10],used_budget_per_period_read[11],used_budget_per_period_read[12],used_budget_per_period_read[13],used_budget_per_period_read[14],used_budget_per_period_write[0],used_budget_per_period_write[1],used_budget_per_period_write[2],used_budget_per_period_write[3],used_budget_per_period_write[4],used_budget_per_period_write[5],used_budget_per_period_write[6],used_budget_per_period_write[7],used_budget_per_period_write[8],used_budget_per_period_write[9],used_budget_per_period_write[10],used_budget_per_period_write[11],used_budget_per_period_write[12],used_budget_per_period_write[13],used_budget_per_period_write[14],calc_per_period_read[0],calc_per_period_read[1],calc_per_period_read[2],calc_per_period_read[3],calc_per_period_read[4],calc_per_period_read[5],calc_per_period_read[6],calc_per_period_read[7],calc_per_period_read[8],calc_per_period_read[9],calc_per_period_read[10],calc_per_period_read[11],calc_per_period_read[12],calc_per_period_read[13],calc_per_period_read[14],calc_per_period_write[0],calc_per_period_write[1],calc_per_period_write[2],calc_per_period_write[3],calc_per_period_write[4],calc_per_period_write[5],calc_per_period_write[6],calc_per_period_write[7],calc_per_period_write[8],calc_per_period_write[9],calc_per_period_write[10],calc_per_period_write[11],calc_per_period_write[12],calc_per_period_write[13],calc_per_period_write[14],
[DEBUG] Configured counter.
[DEBUG] Started counter.
[DEBUG] NOTHING 0
[DEBUG] OVERFLOW SIGNAL
[DEBUG] get budget OVERFLOW
[DEBUG] suspending task 0
[DEBUG] suspending task 1
[DEBUG] Stoped counter.
[DEBUG] calling HC_regulator_get_new_budget
[BAO] regulator_budget_depleted	 formula 0
[BAO] VM: BEFORE
[BAO]   depleated_op_type               = 4294967295
[BAO]   defined_pmu_read_val            = 250000
[BAO]   defined_pmu_write_val           = 250000
[BAO]   current_used_read_budget        = 0
[BAO]   current_used_write_budget       = 0
[BAO]   new_read_budget                 = 0
[BAO]   new_write_budget                = 0
[BAO]   total_used_read_budget          = 0
[BAO]   total_used_write_budget         = 0
[BAO]   total_calculated_new_read_budget = 0
[BAO]   total_calculated_new_write_budget= 0
[BAO] Counters: BEFORE
[BAO] C0: 581543
[BAO] C1: 12012
[BAO] C2: 0
[BAO] C3: 0
[BAO] C4: 0
[BAO] C5: 0
[BAO] EWMA: BEFORE
[BAO]   previous_predicted_read_budget  = 0
[BAO]   previous_predicted_write_budget = 0
[BAO]   new_read_budget                 = 0
[BAO]   new_write_budget                = 0
[BAO]   alpha                           = 2
[BAO]   scaling_factor                  = 10
[BAO] [BAO] OK current_read_usage != 0
[BAO] [BAO] OK current_write_usage != 0
[BAO] EWMA: AFTER
[BAO]   previous_predicted_read_budget  = 0
[BAO]   previous_predicted_write_budget = 0
[BAO]   new_read_budget                 = 116308
[BAO]   new_write_budget                = 2402
[BAO]   alpha                           = 2
[BAO]   scaling_factor                  = 10
[BAO] VM: AFTER
[BAO]   depleated_op_type               = 4294967295
[BAO]   defined_pmu_read_val            = 250000
[BAO]   defined_pmu_write_val           = 250000
[BAO]   current_used_read_budget        = 581543
[BAO]   current_used_write_budget       = 12012
[BAO]   new_read_budget                 = 116308
[BAO]   new_write_budget                = 2402
[BAO]   total_used_read_budget          = 581543
[BAO]   total_used_write_budget         = 12012
[BAO]   total_calculated_new_read_budget = 0
[BAO]   total_calculated_new_write_budget= 0
[BAO] Counters: AFTER
[BAO] C0: 0
[BAO] C1: 0
[BAO] C2: 0
[BAO] C3: 0
[BAO] C4: 0
[BAO] C5: 0
[DEBUG] done
[DEBUG] Configured counter.
[DEBUG] Started counter.
[D[DEBUG] OVERFLOW SIGNAL
EBUG] OVERFLOW S[DEBUG] get budget TIMEOUT: 
[DEBUG] (current_time_task_any - last_check_time_task_any) >= period_task_any
[DEBUG] (39 - 0) >= 30 | 39 >= 30
[DEBUG] suspending task 0
[DEBUG] suspending task 1
[DEBUG] Stoped counter.
[DEBUG] calling HC_regulator_get_new_budget
[BAO] regulator_budget_depleted	 formula 0
[BAO] VM: BEFORE
[BAO]   depleated_op_type               = 4294967295
[BAO]   defined_pmu_read_val            = 116308
[BAO]   defined_pmu_write_val           = 2402
[BAO]   current_used_read_budget        = 581543
[BAO]   current_used_write_budget       = 12012
[BAO]   new_read_budget                 = 116308
[BAO]   new_write_budget                = 2402
[BAO]   total_used_read_budget          = 581543
[BAO]   total_used_write_budget         = 12012
[BAO]   total_calculated_new_read_budget = 0
[BAO]   total_calculated_new_write_budget= 0
[BAO] Counters: BEFORE
[BAO] C0: 754895
[BAO] C1: 277087
[BAO] C2: 0
[BAO] C3: 0
[BAO] C4: 0
[BAO] C5: 0
[BAO] EWMA: BEFORE
[BAO]   previous_predicted_read_budget  = 0
[BAO]   previous_predicted_write_budget = 0
[BAO]   new_read_budget                 = 116308
[BAO]   new_write_budget                = 2402
[BAO]   alpha                           = 2
[BAO]   scaling_factor                  = 10
[BAO] [BAO] OK current_read_usage != 0
[BAO] [BAO] OK current_write_usage != 0
[BAO] EWMA: AFTER
[BAO]   previous_predicted_read_budget  = 116308
[BAO]   previous_predicted_write_budget = 2402
[BAO]   new_read_budget                 = 244025
[BAO]   new_write_budget                = 57339
[BAO]   alpha                           = 2
[BAO]   scaling_factor                  = 10
[BAO] VM: AFTER
[BAO]   depleated_op_type               = 4294967295
[BAO]   defined_pmu_read_val            = 116308
[BAO]   defined_pmu_write_val           = 2402
[BAO]   current_used_read_budget        = 754895
[BAO]   current_used_write_budget       = 277087
[BAO]   new_read_budget                 = 244025
[BAO]   new_write_budget                = 57339
[BAO]   total_used_read_budget          = 1336438
[BAO]   total_used_write_budget         = 289099
[BAO]   total_calculated_new_read_budget = 0
[BAO]   total_calculated_new_write_budget= 0
[BAO] Counters: AFTER
[BAO] C0: 0
[BAO] C1: 0
[BAO] C2: 0
[BAO] C3: 0
[BAO] C4: 0
[BAO] C5: 0
[DEBUG] done
[DEBUG] Configured counter.
[DEBUG] Started counter.
[DEBUG] NOTHING 2
[DEBUG] OVERFLOW SIGNAL
[DEBUG] get budget TIMEOUT: 
[DEBUG] (current_time_task_any - last_check_time_task_any) >= period_task_any
[DEBUG] (78 - 39) >= 30 | 39 >= 30
[DEBUG] suspending task 0
[DEBUG] suspending task 1
[DEBUG] Stoped counter.
[DEBUG] calling HC_regulator_get_new_budget
[BAO] regulator_budget_depleted	 formula 0
[BAO] VM: BEFORE
[BAO]   depleated_op_type               = 4294967295
[BAO]   defined_pmu_read_val            = 244025
[BAO]   defined_pmu_write_val           = 57339
[BAO]   current_used_read_budget        = 754895
[BAO]   current_used_write_budget       = 277087
[BAO]   new_read_budget                 = 244025
[BAO]   new_write_budget                = 57339
[BAO]   total_used_read_budget          = 1336438
[BAO]   total_used_write_budget         = 289099
[BAO]   total_calculated_new_read_budget = 0
[BAO]   total_calculated_new_write_budget= 0
[BAO] Counters: BEFORE
[BAO] C0: 1194445
[BAO] C1: 665749
[BAO] C2: 0
[BAO] C3: 0
[BAO] C4: 0
[BAO] C5: 0
[BAO] EWMA: BEFORE
[BAO]   previous_predicted_read_budget  = 116308
[BAO]   previous_predicted_write_budget = 2402
[BAO]   new_read_budget                 = 244025
[BAO]   new_write_budget                = 57339
[BAO]   alpha                           = 2
[BAO]   scaling_factor                  = 10
[BAO] [BAO] OK current_read_usage != 0
[BAO] [BAO] OK current_write_usage != 0
[BAO] EWMA: AFTER
[BAO]   previous_predicted_read_budget  = 244025
[BAO]   previous_predicted_write_budget = 57339
[BAO]   new_read_budget                 = 434109
[BAO]   new_write_budget                = 179021
[BAO]   alpha                           = 2
[BAO]   scaling_factor                  = 10
[BAO] VM: AFTER
[BAO]   depleated_op_type               = 4294967295
[BAO]   defined_pmu_read_val            = 244025
[BAO]   defined_pmu_write_val           = 57339
[BAO]   current_used_read_budget        = 1194445
[BAO]   current_used_write_budget       = 665749
[BAO]   new_read_budget                 = 434109
[BAO]   new_write_budget                = 179021
[BAO]   total_used_read_budget          = 2530883
[BAO]   total_used_write_budget         = 954848
[BAO]   total_calculated_new_read_budget = 0
[BAO]   total_calculated_new_write_budget= 0
[BAO] Counters: AFTER
[BAO] C0: 0
[BAO] C1: 0
[BAO] C2: 0
[BAO] C3: 0
[BAO] C4: 0
[BAO] C5: 0
[DEBUG] done
[DEBUG] Configured counter.
[DEBUG] Started counter.
[DEBUG] NOTHING 3
[DEBUG] OVERFLOW SIGNAL
[DEBUG] get budget TIMEOUT: 
[DEBUG] (current_time_task_any - last_check_time_task_any) >= period_task_any
[DEBUG] (117 - 78) >= 30 | 39 >= 30
[DEBUG] suspending task 0
[DEBUG] suspending task 1
[DEBUG] Stoped counter.
[DEBUG] calling HC_regulator_get_new_budget
[BAO] regulator_budget_depleted	 formula 0
[BAO] VM: BEFORE
[BAO]   depleated_op_type               = 4294967295
[BAO]   defined_pmu_read_val            = 434109
[BAO]   defined_pmu_write_val           = 179021
[BAO]   current_used_read_budget        = 1194445
[BAO]   current_used_write_budget       = 665749
[BAO]   new_read_budget                 = 434109
[BAO]   new_write_budget                = 179021
[BAO]   total_used_read_budget          = 2530883
[BAO]   total_used_write_budget         = 954848
[BAO]   total_calculated_new_read_budget = 0
[BAO]   total_calculated_new_write_budget= 0
[BAO] Counters: BEFORE
[BAO] C0: 707954
[BAO] C1: 170380
[BAO] C2: 0
[BAO] C3: 0
[BAO] C4: 0
[BAO] C5: 0
[BAO] EWMA: BEFORE
[BAO]   previous_predicted_read_budget  = 244025
[BAO]   previous_predicted_write_budget = 57339
[BAO]   new_read_budget                 = 434109
[BAO]   new_write_budget                = 179021
[BAO]   alpha                           = 2
[BAO]   scaling_factor                  = 10
[BAO] [BAO] OK current_read_usage != 0
[BAO] [BAO] OK current_write_usage != 0
[BAO] EWMA: AFTER
[BAO]   previous_predicted_read_budget  = 434109
[BAO]   previous_predicted_write_budget = 179021
[BAO]   new_read_budget                 = 488878
[BAO]   new_write_budget                = 177292
[BAO]   alpha                           = 2
[BAO]   scaling_factor                  = 10
[BAO] VM: AFTER
[BAO]   depleated_op_type               = 4294967295
[BAO]   defined_pmu_read_val            = 434109
[BAO]   defined_pmu_write_val           = 179021
[BAO]   current_used_read_budget        = 707954
[BAO]   current_used_write_budget       = 170380
[BAO]   new_read_budget                 = 488878
[BAO]   new_write_budget                = 177292
[BAO]   total_used_read_budget          = 3238837
[BAO]   total_used_write_budget         = 1125228
[BAO]   total_calculated_new_read_budget = 0
[BAO]   total_calculated_new_write_budget= 0
[BAO] Counters: AFTER
[BAO] C0: 0
[BAO] C1: 0
[BAO] C2: 0
[BAO] C3: 0
[BAO] C4: 0
[BAO] C5: 0
[DEBUG] done
[DEBUG] Configured counter.
[DEBUG] Started counter.
[DEBUG] get budget TIMEOUT: 
[DEBUG] (current_time_task_any - last_check_time_task_any) >= period_task_any
[DEBUG] (147 - 117) >= 30 | 30 >= 30
[DEBUG] suspendi[DEBUG] OVERFLOW SIGNAL
nSIGNAL
0
[DEBUG] suspending task 1
[DEBUG] Stoped counter.
[DEBUG] calling HC_regulator_get_new_budget
[BAO] regulator_budget_depleted	 formula 0
[BAO] VM: BEFORE
[BAO]   depleated_op_type               = 4294967295
[BAO]   defined_pmu_read_val            = 488878
[BAO]   defined_pmu_write_val           = 177292
[BAO]   current_used_read_budget        = 707954
[BAO]   current_used_write_budget       = 170380
[BAO]   new_read_budget                 = 488878
[BAO]   new_write_budget                = 177292
[BAO]   total_used_read_budget          = 3238837
[BAO]   total_used_write_budget         = 1125228
[BAO]   total_calculated_new_read_budget = 0
[BAO]   total_calculated_new_write_budget= 0
[BAO] Counters: BEFORE
[BAO] C0: 302075
[BAO] C1: 52966
[BAO] C2: 0
[BAO] C3: 0
[BAO] C4: 0
[BAO] C5: 0
[BAO] EWMA: BEFORE
[BAO]   previous_predicted_read_budget  = 434109
[BAO]   previous_predicted_write_budget = 179021
[BAO]   new_read_budget                 = 488878
[BAO]   new_write_budget                = 177292
[BAO]   alpha                           = 2
[BAO]   scaling_factor                  = 10
[BAO] [BAO] OK current_read_usage != 0
[BAO] [BAO] OK current_write_usage != 0
[BAO] EWMA: AFTER
[BAO]   previous_predicted_read_budget  = 488878
[BAO]   previous_predicted_write_budget = 177292
[BAO]   new_read_budget                 = 451517
[BAO]   new_write_budget                = 152426
[BAO]   alpha                           = 2
[BAO]   scaling_factor                  = 10
[BAO] VM: AFTER
[BAO]   depleated_op_type               = 4294967295
[BAO]   defined_pmu_read_val            = 488878
[BAO]   defined_pmu_write_val           = 177292
[BAO]   current_used_read_budget        = 302075
[BAO]   current_used_write_budget       = 52966
[BAO]   new_read_budget                 = 451517
[BAO]   new_write_budget                = 152426
[BAO]   total_used_read_budget          = 3540912
[BAO]   total_used_write_budget         = 1178194
[BAO]   total_calculated_new_read_budget = 0
[BAO]   total_calculated_new_write_budget= 0
[BAO] Counters: AFTER
[BAO] C0: 0
[BAO] C1: 0
[BAO] C2: 0
[BAO] C3: 0
[BAO] C4: 0
[BAO] C5: 0
[DEBUG] done
[DEBUG] Configured counter.
[DEBUG] Started counter.
[DEBUG] get budget TIMEOUT: 
[DEBUG] (current_time_task_any - last_check_time_task_any) >= period_task_any
[DEBUG] (178 - 147) [DEBUG] OVERFLOW SIGNAL
>AL
0 | 31 >= 30
[DEBUG] suspending task 0
[DEBUG] suspending task 1
[DEBUG] Stoped counter.
[DEBUG] calling HC_regulator_get_new_budget
[BAO] regulator_budget_depleted	 formula 0
[BAO] VM: BEFORE
[BAO]   depleated_op_type               = 4294967295
[BAO]   defined_pmu_read_val            = 451517
[BAO]   defined_pmu_write_val           = 152426
[BAO]   current_used_read_budget        = 302075
[BAO]   current_used_write_budget       = 52966
[BAO]   new_read_budget                 = 451517
[BAO]   new_write_budget                = 152426
[BAO]   total_used_read_budget          = 3540912
[BAO]   total_used_write_budget         = 1178194
[BAO]   total_calculated_new_read_budget = 0
[BAO]   total_calculated_new_write_budget= 0
[BAO] Counters: BEFORE
[BAO] C0: 368215
[BAO] C1: 85906
[BAO] C2: 0
[BAO] C3: 0
[BAO] C4: 0
[BAO] C5: 0
[BAO] EWMA: BEFORE
[BAO]   previous_predicted_read_budget  = 488878
[BAO]   previous_predicted_write_budget = 177292
[BAO]   new_read_budget                 = 451517
[BAO]   new_write_budget                = 152426
[BAO]   alpha                           = 2
[BAO]   scaling_factor                  = 10
[BAO] [BAO] OK current_read_usage != 0
[BAO] [BAO] OK current_write_usage != 0
[BAO] EWMA: AFTER
[BAO]   previous_predicted_read_budget  = 451517
[BAO]   previous_predicted_write_budget = 152426
[BAO]   new_read_budget                 = 434856
[BAO]   new_write_budget                = 139122
[BAO]   alpha                           = 2
[BAO]   scaling_factor                  = 10
[BAO] VM: AFTER
[BAO]   depleated_op_type               = 4294967295
[BAO]   defined_pmu_read_val            = 451517
[BAO]   defined_pmu_write_val           = 152426
[BAO]   current_used_read_budget        = 368215
[BAO]   current_used_write_budget       = 85906
[BAO]   new_read_budget                 = 434856
[BAO]   new_write_budget                = 139122
[BAO]   total_used_read_budget          = 3909127
[BAO]   total_used_write_budget         = 1264100
[BAO]   total_calculated_new_read_budget = 0
[BAO]   total_calculated_new_write_budget= 0
[BAO] Counters: AFTER
[BAO] C0: 0
[BAO] C1: 0
[BAO] C2: 0
[BAO] C3: 0
[BAO] C4: 0
[BAO] C5: 0
[DEBUG] done
[DEBUG] Configured counter.
[DEBUG] Started counter.
[DEBUG] get budget TIMEOUT: 
[DEBUG] (current_time_task_any - last_check_time_task_any) >= period_t[DEBUG] OVERFLOW SIGNAL
ask_any
[DEBUG] (209 - 178) >= 30 | 31 >= 30
[DEBUG] suspending task 0
[DEBUG] suspending task 1
[DEBUG] Stoped counter.
[DEBUG] calling HC_regulator_get_new_budget
[BAO] regulator_budget_depleted	 formula 0
[BAO] VM: BEFORE
[BAO]   depleated_op_type               = 4294967295
[BAO]   defined_pmu_read_val            = 434856
[BAO]   defined_pmu_write_val           = 139122
[BAO]   current_used_read_budget        = 368215
[BAO]   current_used_write_budget       = 85906
[BAO]   new_read_budget                 = 434856
[BAO]   new_write_budget                = 139122
[BAO]   total_used_read_budget          = 3909127
[BAO]   total_used_write_budget         = 1264100
[BAO]   total_calculated_new_read_budget = 0
[BAO]   total_calculated_new_write_budget= 0
[BAO] Counters: BEFORE
[BAO] C0: 386040
[BAO] C1: 99525
[BAO] C2: 0
[BAO] C3: 0
[BAO] C4: 0
[BAO] C5: 0
[BAO] EWMA: BEFORE
[BAO]   previous_predicted_read_budget  = 451517
[BAO]   previous_predicted_write_budget = 152426
[BAO]   new_read_budget                 = 434856
[BAO]   new_write_budget                = 139122
[BAO]   alpha                           = 2
[BAO]   scaling_factor                  = 10
[BAO] [BAO] OK current_read_usage != 0
[BAO] [BAO] OK current_write_usage != 0
[BAO] EWMA: AFTER
[BAO]   previous_predicted_read_budget  = 434856
[BAO]   previous_predicted_write_budget = 139122
[BAO]   new_read_budget                 = 425092
[BAO]   new_write_budget                = 131202
[BAO]   alpha                           = 2
[BAO]   scaling_factor                  = 10
[BAO] VM: AFTER
[BAO]   depleated_op_type               = 4294967295
[BAO]   defined_pmu_read_val            = 434856
[BAO]   defined_pmu_write_val           = 139122
[BAO]   current_used_read_budget        = 386040
[BAO]   current_used_write_budget       = 99525
[BAO]   new_read_budget                 = 425092
[BAO]   new_write_budget                = 131202
[BAO]   total_used_read_budget          = 4295167
[BAO]   total_used_write_budget         = 1363625
[BAO]   total_calculated_new_read_budget = 0
[BAO]   total_calculated_new_write_budget= 0
[BAO] Counters: AFTER
[BAO] C0: 0
[BAO] C1: 0
[BAO] C2: 0
[BAO] C3: 0
[BAO] C4: 0
[BAO] C5: 0
[DEBUG] done
[DEBUG] Configured counter.
[DEBUG] Started counter.
[DEBUG] get budget TIMEOUT: 
[DEBUG] (current_time_task_any - last_check_time_task_any) >= period_task_any
[DEBUG] (239 - 209) >[DEBUG] OVERFLOW SIGNAL
=L
0 | 30 >= 30
[DEBUG] suspending task 0
[DEBUG] suspending task 1
[DEBUG] Stoped counter.
[DEBUG] calling HC_regulator_get_new_budget
[BAO] regulator_budget_depleted	 formula 0
[BAO] VM: BEFORE
[BAO]   depleated_op_type               = 4294967295
[BAO]   defined_pmu_read_val            = 425092
[BAO]   defined_pmu_write_val           = 131202
[BAO]   current_used_read_budget        = 386040
[BAO]   current_used_write_budget       = 99525
[BAO]   new_read_budget                 = 425092
[BAO]   new_write_budget                = 131202
[BAO]   total_used_read_budget          = 4295167
[BAO]   total_used_write_budget         = 1363625
[BAO]   total_calculated_new_read_budget = 0
[BAO]   total_calculated_new_write_budget= 0
[BAO] Counters: BEFORE
[BAO] C0: 286239
[BAO] C1: 76171
[BAO] C2: 0
[BAO] C3: 0
[BAO] C4: 0
[BAO] C5: 0
[BAO] EWMA: BEFORE
[BAO]   previous_predicted_read_budget  = 434856
[BAO]   previous_predicted_write_budget = 139122
[BAO]   new_read_budget                 = 425092
[BAO]   new_write_budget                = 131202
[BAO]   alpha                           = 2
[BAO]   scaling_factor                  = 10
[BAO] [BAO] OK current_read_usage != 0
[BAO] [BAO] OK current_write_usage != 0
[BAO] EWMA: AFTER
[BAO]   previous_predicted_read_budget  = 425092
[BAO]   previous_predicted_write_budget = 131202
[BAO]   new_read_budget                 = 397321
[BAO]   new_write_budget                = 120195
[BAO]   alpha                           = 2
[BAO]   scaling_factor                  = 10
[BAO] VM: AFTER
[BAO]   depleated_op_type               = 4294967295
[BAO]   defined_pmu_read_val            = 425092
[BAO]   defined_pmu_write_val           = 131202
[BAO]   current_used_read_budget        = 286239
[BAO]   current_used_write_budget       = 76171
[BAO]   new_read_budget                 = 397321
[BAO]   new_write_budget                = 120195
[BAO]   total_used_read_budget          = 4581406
[BAO]   total_used_write_budget         = 1439796
[BAO]   total_calculated_new_read_budget = 0
[BAO]   total_calculated_new_write_budget= 0
[BAO] Counters: AFTER
[BAO] C0: 0
[BAO] C1: 0
[BAO] C2: 0
[BAO] C3: 0
[BAO] C4: 0
[BAO] C5: 0
[DEBUG] done
[DEBUG] Configured counter.
[DEBUG] Started counter.
[DEBUG] get budget TIMEOUT: 
[DEBUG] (current_time_task_any - last_check_time_task_any) >= period_task_any
[DEBUG] (270 - 239) >= 30 | 31 >= 30
[DEBUG] susp[DEBUG] OVERFLOW SIGNAL
eLOW SIGNAL
0
[DEBUG] suspending task 1
[DEBUG] Stoped counter.
[DEBUG] calling HC_regulator_get_new_budget
[BAO] regulator_budget_depleted	 formula 0
[BAO] VM: BEFORE
[BAO]   depleated_op_type               = 4294967295
[BAO]   defined_pmu_read_val            = 397321
[BAO]   defined_pmu_write_val           = 120195
[BAO]   current_used_read_budget        = 286239
[BAO]   current_used_write_budget       = 76171
[BAO]   new_read_budget                 = 397321
[BAO]   new_write_budget                = 120195
[BAO]   total_used_read_budget          = 4581406
[BAO]   total_used_write_budget         = 1439796
[BAO]   total_calculated_new_read_budget = 0
[BAO]   total_calculated_new_write_budget= 0
[BAO] Counters: BEFORE
[BAO] C0: 243684
[BAO] C1: 66978
[BAO] C2: 0
[BAO] C3: 0
[BAO] C4: 0
[BAO] C5: 0
[BAO] EWMA: BEFORE
[BAO]   previous_predicted_read_budget  = 425092
[BAO]   previous_predicted_write_budget = 131202
[BAO]   new_read_budget                 = 397321
[BAO]   new_write_budget                = 120195
[BAO]   alpha                           = 2
[BAO]   scaling_factor                  = 10
[BAO] [BAO] OK current_read_usage != 0
[BAO] [BAO] OK current_write_usage != 0
[BAO] EWMA: AFTER
[BAO]   previous_predicted_read_budget  = 397321
[BAO]   previous_predicted_write_budget = 120195
[BAO]   new_read_budget                 = 366593
[BAO]   new_write_budget                = 109551
[BAO]   alpha                           = 2
[BAO]   scaling_factor                  = 10
[BAO] VM: AFTER
[BAO]   depleated_op_type               = 4294967295
[BAO]   defined_pmu_read_val            = 397321
[BAO]   defined_pmu_write_val           = 120195
[BAO]   current_used_read_budget        = 243684
[BAO]   current_used_write_budget       = 66978
[BAO]   new_read_budget                 = 366593
[BAO]   new_write_budget                = 109551
[BAO]   total_used_read_budget          = 4825090
[BAO]   total_used_write_budget         = 1506774
[BAO]   total_calculated_new_read_budget = 0
[BAO]   total_calculated_new_write_budget= 0
[BAO] Counters: AFTER
[BAO] C0: 0
[BAO] C1: 0
[BAO] C2: 0
[BAO] C3: 0
[BAO] C4: 0
[BAO] C5: 0
[DEBUG] done
[DEBUG] Configured counter.
[DEBUG] Started counter.
[DEBUG] get budget TIMEOUT: 
[DEBUG] (current_time_task_any - last_check_time_task_any) >= period_task_any
[DEBUG] (301 - 270) >= 30 | 31 >= 30
[DEB[DEBUG] OVERFLOW SIGNAL
UG] OVERFLOW SIGNAL
0
[DEBUG] suspending task 1
[DEBUG] Stoped counter.
[DEBUG] calling HC_regulator_get_new_budget
[BAO] regulator_budget_depleted	 formula 0
[BAO] VM: BEFORE
[BAO]   depleated_op_type               = 4294967295
[BAO]   defined_pmu_read_val            = 366593
[BAO]   defined_pmu_write_val           = 109551
[BAO]   current_used_read_budget        = 243684
[BAO]   current_used_write_budget       = 66978
[BAO]   new_read_budget                 = 366593
[BAO]   new_write_budget                = 109551
[BAO]   total_used_read_budget          = 4825090
[BAO]   total_used_write_budget         = 1506774
[BAO]   total_calculated_new_read_budget = 0
[BAO]   total_calculated_new_write_budget= 0
[BAO] Counters: BEFORE
[BAO] C0: 373954
[BAO] C1: 106165
[BAO] C2: 0
[BAO] C3: 0
[BAO] C4: 0
[BAO] C5: 0
[BAO] EWMA: BEFORE
[BAO]   previous_predicted_read_budget  = 397321
[BAO]   previous_predicted_write_budget = 120195
[BAO]   new_read_budget                 = 366593
[BAO]   new_write_budget                = 109551
[BAO]   alpha                           = 2
[BAO]   scaling_factor                  = 10
[BAO] [BAO] OK current_read_usage != 0
[BAO] [BAO] OK current_write_usage != 0
[BAO] EWMA: AFTER
[BAO]   previous_predicted_read_budget  = 366593
[BAO]   previous_predicted_write_budget = 109551
[BAO]   new_read_budget                 = 368065
[BAO]   new_write_budget                = 108873
[BAO]   alpha                           = 2
[BAO]   scaling_factor                  = 10
[BAO] VM: AFTER
[BAO]   depleated_op_type               = 4294967295
[BAO]   defined_pmu_read_val            = 366593
[BAO]   defined_pmu_write_val           = 109551
[BAO]   current_used_read_budget        = 373954
[BAO]   current_used_write_budget       = 106165
[BAO]   new_read_budget                 = 368065
[BAO]   new_write_budget                = 108873
[BAO]   total_used_read_budget          = 5199044
[BAO]   total_used_write_budget         = 1612939
[BAO]   total_calculated_new_read_budget = 0
[BAO]   total_calculated_new_write_budget= 0
[BAO] Counters: AFTER
[BAO] C0: 0
[BAO] C1: 0
[BAO] C2: 0
[BAO] C3: 0
[BAO] C4: 0
[BAO] C5: 0
[DEBUG] done
[DEBUG] Configured counter.
[DEBUG] Started counter.
[DEBUG] get budget TIMEOUT: 
[DEBUG] (current_time_task_any - last_check_time_task_any) >= period_task_any
[DEBUG] (332 - 301) >= 30 | 31 >= 3[DEBUG] OVERFLOW SIGNAL
0
[DEBUG] suspending task 0
[DEBUG] suspending task 1
[DEBUG] Stoped counter.
[DEBUG] calling HC_regulator_get_new_budget
[BAO] regulator_budget_depleted	 formula 0
[BAO] VM: BEFORE
[BAO]   depleated_op_type               = 4294967295
[BAO]   defined_pmu_read_val            = 368065
[BAO]   defined_pmu_write_val           = 108873
[BAO]   current_used_read_budget        = 373954
[BAO]   current_used_write_budget       = 106165
[BAO]   new_read_budget                 = 368065
[BAO]   new_write_budget                = 108873
[BAO]   total_used_read_budget          = 5199044
[BAO]   total_used_write_budget         = 1612939
[BAO]   total_calculated_new_read_budget = 0
[BAO]   total_calculated_new_write_budget= 0
[BAO] Counters: BEFORE
[BAO] C0: 417330
[BAO] C1: 119687
[BAO] C2: 0
[BAO] C3: 0
[BAO] C4: 0
[BAO] C5: 0
[BAO] EWMA: BEFORE
[BAO]   previous_predicted_read_budget  = 366593
[BAO]   previous_predicted_write_budget = 109551
[BAO]   new_read_budget                 = 368065
[BAO]   new_write_budget                = 108873
[BAO]   alpha                           = 2
[BAO]   scaling_factor                  = 10
[BAO] [BAO] OK current_read_usage != 0
[BAO] [BAO] OK current_write_usage != 0
[BAO] EWMA: AFTER
[BAO]   previous_predicted_read_budget  = 368065
[BAO]   previous_predicted_write_budget = 108873
[BAO]   new_read_budget                 = 377918
[BAO]   new_write_budget                = 111035
[BAO]   alpha                           = 2
[BAO]   scaling_factor                  = 10
[BAO] VM: AFTER
[BAO]   depleated_op_type               = 4294967295
[BAO]   defined_pmu_read_val            = 368065
[BAO]   defined_pmu_write_val           = 108873
[BAO]   current_used_read_budget        = 417330
[BAO]   current_used_write_budget       = 119687
[BAO]   new_read_budget                 = 377918
[BAO]   new_write_budget                = 111035
[BAO]   total_used_read_budget          = 5616374
[BAO]   total_used_write_budget         = 1732626
[BAO]   total_calculated_new_read_budget = 0
[BAO]   total_calculated_new_write_budget= 0
[BAO] Counters: AFTER
[BAO] C0: 0
[BAO] C1: 0
[BAO] C2: 0
[BAO] C3: 0
[BAO] C4: 0
[BAO] C5: 0
[DEBUG] done
[DEBUG] Configured counter.
[DEBUG] Started counter.
[DEBUG] get budget TIMEOUT: 
[DEBUG] (current_time_task_any - last_check_time_task_any) >= period_task_any
[DEBUG] (363 [DEBUG] OVERFLOW SIGNAL
-OW SIGNAL
0 | 31 >= 30
[DEBUG] suspending task 0
[DEBUG] suspending task 1
[DEBUG] Stoped counter.
[DEBUG] calling HC_regulator_get_new_budget
[BAO] regulator_budget_depleted	 formula 0
[BAO] VM: BEFORE
[BAO]   depleated_op_type               = 4294967295
[BAO]   defined_pmu_read_val            = 377918
[BAO]   defined_pmu_write_val           = 111035
[BAO]   current_used_read_budget        = 417330
[BAO]   current_used_write_budget       = 119687
[BAO]   new_read_budget                 = 377918
[BAO]   new_write_budget                = 111035
[BAO]   total_used_read_budget          = 5616374
[BAO]   total_used_write_budget         = 1732626
[BAO]   total_calculated_new_read_budget = 0
[BAO]   total_calculated_new_write_budget= 0
[BAO] Counters: BEFORE
[BAO] C0: 425870
[BAO] C1: 122789
[BAO] C2: 0
[BAO] C3: 0
[BAO] C4: 0
[BAO] C5: 0
[BAO] EWMA: BEFORE
[BAO]   previous_predicted_read_budget  = 368065
[BAO]   previous_predicted_write_budget = 108873
[BAO]   new_read_budget                 = 377918
[BAO]   new_write_budget                = 111035
[BAO]   alpha                           = 2
[BAO]   scaling_factor                  = 10
[BAO] [BAO] OK current_read_usage != 0
[BAO] [BAO] OK current_write_usage != 0
[BAO] EWMA: AFTER
[BAO]   previous_predicted_read_budget  = 377918
[BAO]   previous_predicted_write_budget = 111035
[BAO]   new_read_budget                 = 387508
[BAO]   new_write_budget                = 113385
[BAO]   alpha                           = 2
[BAO]   scaling_factor                  = 10
[BAO] VM: AFTER
[BAO]   depleated_op_type               = 4294967295
[BAO]   defined_pmu_read_val            = 377918
[BAO]   defined_pmu_write_val           = 111035
[BAO]   current_used_read_budget        = 425870
[BAO]   current_used_write_budget       = 122789
[BAO]   new_read_budget                 = 387508
[BAO]   new_write_budget                = 113385
[BAO]   total_used_read_budget          = 6042244
[BAO]   total_used_write_budget         = 1855415
[BAO]   total_calculated_new_read_budget = 0
[BAO]   total_calculated_new_write_budget= 0
[BAO] Counters: AFTER
[BAO] C0: 0
[BAO] C1: 0
[BAO] C2: 0
[BAO] C3: 0
[BAO] C4: 0
[BAO] C5: 0
[DEBUG] done
[DEBUG] Configured counter.
[DEBUG] Started counter.
[DEBUG] get budget TIMEOUT: 
[DEBUG] (current_time_task_any - last_check_time_task_any) >= perio[DEBUG] OVERFLOW SIGNAL
d_task_any
[DEBUG] (394 - 363) >= 30 | 31 >= 30
[DEBUG] suspending task 0
[DEBUG] suspending task 1
[DEBUG] Stoped counter.
[DEBUG] calling HC_regulator_get_new_budget
[BAO] regulator_budget_depleted	 formula 0
[BAO] VM: BEFORE
[BAO]   depleated_op_type               = 4294967295
[BAO]   defined_pmu_read_val            = 387508
[BAO]   defined_pmu_write_val           = 113385
[BAO]   current_used_read_budget        = 425870
[BAO]   current_used_write_budget       = 122789
[BAO]   new_read_budget                 = 387508
[BAO]   new_write_budget                = 113385
[BAO]   total_used_read_budget          = 6042244
[BAO]   total_used_write_budget         = 1855415
[BAO]   total_calculated_new_read_budget = 0
[BAO]   total_calculated_new_write_budget= 0
[BAO] Counters: BEFORE
[BAO] C0: 426968
[BAO] C1: 123381
[BAO] C2: 0
[BAO] C3: 0
[BAO] C4: 0
[BAO] C5: 0
[BAO] EWMA: BEFORE
[BAO]   previous_predicted_read_budget  = 377918
[BAO]   previous_predicted_write_budget = 111035
[BAO]   new_read_budget                 = 387508
[BAO]   new_write_budget                = 113385
[BAO]   alpha                           = 2
[BAO]   scaling_factor                  = 10
[BAO] [BAO] OK current_read_usage != 0
[BAO] [BAO] OK current_write_usage != 0
[BAO] EWMA: AFTER
[BAO]   previous_predicted_read_budget  = 387508
[BAO]   previous_predicted_write_budget = 113385
[BAO]   new_read_budget                 = 395400
[BAO]   new_write_budget                = 115384
[BAO]   alpha                           = 2
[BAO]   scaling_factor                  = 10
[BAO] VM: AFTER
[BAO]   depleated_op_type               = 4294967295
[BAO]   defined_pmu_read_val            = 387508
[BAO]   defined_pmu_write_val           = 113385
[BAO]   current_used_read_budget        = 426968
[BAO]   current_used_write_budget       = 123381
[BAO]   new_read_budget                 = 395400
[BAO]   new_write_budget                = 115384
[BAO]   total_used_read_budget          = 6469212
[BAO]   total_used_write_budget         = 1978796
[BAO]   total_calculated_new_read_budget = 0
[BAO]   total_calculated_new_write_budget= 0
[BAO] Counters: AFTER
[BAO] C0: 0
[BAO] C1: 0
[BAO] C2: 0
[BAO] C3: 0
[BAO] C4: 0
[BAO] C5: 0
[DEBUG] done
[DEBUG] Configured counter.
[DEBUG] Started counter.
[DEBUG] get budget TIMEOUT: 
[DEBUG] (current_time_task_any - last_check_time_task_any) >= period_task_any
[DE[DEBUG] OVERFLOW SIGNAL
BUG] OVERFLOW SIGNAL
0 | 31 >= 30
[DEBUG] suspending task 0
[DEBUG] suspending task 1
[DEBUG] Stoped counter.
[DEBUG] calling HC_regulator_get_new_budget
[BAO] regulator_budget_depleted	 formula 0
[BAO] VM: BEFORE
[BAO]   depleated_op_type               = 4294967295
[BAO]   defined_pmu_read_val            = 395400
[BAO]   defined_pmu_write_val           = 115384
[BAO]   current_used_read_budget        = 426968
[BAO]   current_used_write_budget       = 123381
[BAO]   new_read_budget                 = 395400
[BAO]   new_write_budget                = 115384
[BAO]   total_used_read_budget          = 6469212
[BAO]   total_used_write_budget         = 1978796
[BAO]   total_calculated_new_read_budget = 0
[BAO]   total_calculated_new_write_budget= 0
[BAO] Counters: BEFORE
[BAO] C0: 351477
[BAO] C1: 102238
[BAO] C2: 0
[BAO] C3: 0
[BAO] C4: 0
[BAO] C5: 0
[BAO] EWMA: BEFORE
[BAO]   previous_predicted_read_budget  = 387508
[BAO]   previous_predicted_write_budget = 113385
[BAO]   new_read_budget                 = 395400
[BAO]   new_write_budget                = 115384
[BAO]   alpha                           = 2
[BAO]   scaling_factor                  = 10
[BAO] [BAO] OK current_read_usage != 0
[BAO] [BAO] OK current_write_usage != 0
[BAO] EWMA: AFTER
[BAO]   previous_predicted_read_budget  = 395400
[BAO]   previous_predicted_write_budget = 115384
[BAO]   new_read_budget                 = 386615
[BAO]   new_write_budget                = 112754
[BAO]   alpha                           = 2
[BAO]   scaling_factor                  = 10
[BAO] VM: AFTER
[BAO]   depleated_op_type               = 4294967295
[BAO]   defined_pmu_read_val            = 395400
[BAO]   defined_pmu_write_val           = 115384
[BAO]   current_used_read_budget        = 351477
[BAO]   current_used_write_budget       = 102238
[BAO]   new_read_budget                 = 386615
[BAO]   new_write_budget                = 112754
[BAO]   total_used_read_budget          = 6820689
[BAO]   total_used_write_budget         = 2081034
[BAO]   total_calculated_new_read_budget = 0
[BAO]   total_calculated_new_write_budget= 0
[BAO] Counters: AFTER
[BAO] C0: 0
[BAO] C1: 0
[BAO] C2: 0
[BAO] C3: 0
[BAO] C4: 0
[BAO] C5: 0
[DEBUG] done
[DEBUG] Configured counter.
[DEBUG] Started counter.
[DEBUG] get budget TIMEOUT: 
[DEBUG] (current_time_task_any - last_check_time_task_any) >= period_task_any
[DEBUG] (456 - 425) >= 30 | 31 >= 30
[DEBUG] OVERFLOW SIGNAL
[DEBUG] OVERFLOW SIGNAL
0
[DEBUG] suspending task 1
[DEBUG] Stoped counter.
[DEBUG] calling HC_regulator_get_new_budget
[BAO] regulator_budget_depleted	 formula 0
[BAO] VM: BEFORE
[BAO]   depleated_op_type               = 4294967295
[BAO]   defined_pmu_read_val            = 386615
[BAO]   defined_pmu_write_val           = 112754
[BAO]   current_used_read_budget        = 351477
[BAO]   current_used_write_budget       = 102238
[BAO]   new_read_budget                 = 386615
[BAO]   new_write_budget                = 112754
[BAO]   total_used_read_budget          = 6820689
[BAO]   total_used_write_budget         = 2081034
[BAO]   total_calculated_new_read_budget = 0
[BAO]   total_calculated_new_write_budget= 0
[BAO] Counters: BEFORE
[BAO] C0: 246444
[BAO] C1: 72476
[BAO] C2: 0
[BAO] C3: 0
[BAO] C4: 0
[BAO] C5: 0
[BAO] EWMA: BEFORE
[BAO]   previous_predicted_read_budget  = 395400
[BAO]   previous_predicted_write_budget = 115384
[BAO]   new_read_budget                 = 386615
[BAO]   new_write_budget                = 112754
[BAO]   alpha                           = 2
[BAO]   scaling_factor                  = 10
[BAO] [BAO] OK current_read_usage != 0
[BAO] [BAO] OK current_write_usage != 0
[BAO] EWMA: AFTER
[BAO]   previous_predicted_read_budget  = 386615
[BAO]   previous_predicted_write_budget = 112754
[BAO]   new_read_budget                 = 358580
[BAO]   new_write_budget                = 104698
[BAO]   alpha                           = 2
[BAO]   scaling_factor                  = 10
[BAO] VM: AFTER
[BAO]   depleated_op_type               = 4294967295
[BAO]   defined_pmu_read_val            = 386615
[BAO]   defined_pmu_write_val           = 112754
[BAO]   current_used_read_budget        = 246444
[BAO]   current_used_write_budget       = 72476
[BAO]   new_read_budget                 = 358580
[BAO]   new_write_budget                = 104698
[BAO]   total_used_read_budget          = 7067133
[BAO]   total_used_write_budget         = 2153510
[BAO]   total_calculated_new_read_budget = 0
[BAO]   total_calculated_new_write_budget= 0
[BAO] Counters: AFTER
[BAO] C0: 0
[BAO] C1: 0
[BAO] C2: 0
[BAO] C3: 0
[BAO] C4: 0
[BAO] C5: 0
[DEBUG] done
EWMA,7067133,2153510,5632785,1734679,581543,754895,1194445,707954,302075,368215,386040,286239,243684,373954,417330,425870,426968,351477,246444,12012,277087,665749,170380,52966,85906,99525,76171,66978,106165,119687,122789,123381,102238,72476,116308,244025,434109,488878,451517,434856,425092,397321,366593,368065,377918,387508,395400,386615,358580,2402,57339,179021,177292,152426,139122,131202,120195,109551,108873,111035,113385,115384,112754,104698,
[DEBUG] TASK: OVER 1 | UNDER 0
[DEBUG] Configured counter.
[DEBUG] Started counter.
[DEBUG] get budget TIMEOUT: 
[DEBUG] (current_time_task_any - last_check_time_task_any) >= period_task_any
[DEBUG] OVERFLOW SIGNAL
[DEBUG] OVERFLOW SIGNAL
0 | 72 >= 30
[DEBUG] suspending task 0
[DEBUG] suspending task 1
[DEBUG] Stoped counter.
[DEBUG] calling HC_regulator_get_new_budget
[BAO] regulator_budget_depleted	 formula 1
[BAO] VM: BEFORE
[BAO]   depleated_op_type               = 4294967295
[BAO]   defined_pmu_read_val            = 358580
[BAO]   defined_pmu_write_val           = 104698
[BAO]   current_used_read_budget        = 246444
[BAO]   current_used_write_budget       = 72476
[BAO]   new_read_budget                 = 358580
[BAO]   new_write_budget                = 104698
[BAO]   total_used_read_budget          = 7067133
[BAO]   total_used_write_budget         = 2153510
[BAO]   total_calculated_new_read_budget = 0
[BAO]   total_calculated_new_write_budget= 0
[BAO] Counters: BEFORE
[BAO] C0: 446619
[BAO] C1: 129755
[BAO] C2: 0
[BAO] C3: 0
[BAO] C4: 0
[BAO] C5: 0
[BAO] SW: BEFORE
[BAO]   current_read_array_size = 0
[BAO]   current_write_array_size = 0
[BAO]   read_index              = 0
[BAO]   write_index             = 0
[BAO] SW: AFTER
[BAO]   current_read_array_size = 1
[BAO]     read_usage[u]       = 0
[BAO]   current_write_array_size = 1
[BAO]     write_usage[u]      = 0
[BAO]   read_index              = 1
[BAO]   write_index             = 1
[BAO] VM: AFTER
[BAO]   depleated_op_type               = 4294967295
[BAO]   defined_pmu_read_val            = 358580
[BAO]   defined_pmu_write_val           = 104698
[BAO]   current_used_read_budget        = 446619
[BAO]   current_used_write_budget       = 129755
[BAO]   new_read_budget                 = 358580
[BAO]   new_write_budget                = 104698
[BAO]   total_used_read_budget          = 7067133
[BAO]   total_used_write_budget         = 2153510
[BAO]   total_calculated_new_read_budget = 0
[BAO]   total_calculated_new_write_budget= 0
[BAO] Counters: AFTER
[BAO] C0: 0
[BAO] C1: 0
[BAO] C2: 0
[BAO] C3: 0
[BAO] C4: 0
[BAO] C5: 0
[DEBUG] done
[DEBUG] Configured counter.
[DEBUG] Started counter.
[DEBUG] get budget TIMEOUT: 
[DEBUG] (current_time_task_any - last_check_time_task_any) >= period_task[DEBUG] OVERFLOW SIGNAL
_any
[DEBUG] (559 - 528) >= 30 | 31 >= 30
[DEBUG] suspending task 0
[DEBUG] suspending task 1
[DEBUG] Stoped counter.
[DEBUG] calling HC_regulator_get_new_budget
[BAO] regulator_budget_depleted	 formula 1
[BAO] VM: BEFORE
[BAO]   depleated_op_type               = 4294967295
[BAO]   defined_pmu_read_val            = 358580
[BAO]   defined_pmu_write_val           = 104698
[BAO]   current_used_read_budget        = 446619
[BAO]   current_used_write_budget       = 129755
[BAO]   new_read_budget                 = 358580
[BAO]   new_write_budget                = 104698
[BAO]   total_used_read_budget          = 7067133
[BAO]   total_used_write_budget         = 2153510
[BAO]   total_calculated_new_read_budget = 0
[BAO]   total_calculated_new_write_budget= 0
[BAO] Counters: BEFORE
[BAO] C0: 371597
[BAO] C1: 107956
[BAO] C2: 0
[BAO] C3: 0
[BAO] C4: 0
[BAO] C5: 0
[BAO] SW: BEFORE
[BAO]   current_read_array_size = 1
[BAO]     read_usage[u]       = 0
[BAO]   current_write_array_size = 1
[BAO]     write_usage[u]      = 0
[BAO]   read_index              = 1
[BAO]   write_index             = 1
[BAO] SW: AFTER
[BAO]   current_read_array_size = 2
[BAO]     read_usage[u]       = 0
[BAO]     read_usage[u]       = 1
[BAO]   current_write_array_size = 2
[BAO]     write_usage[u]      = 0
[BAO]     write_usage[u]      = 1
[BAO]   read_index              = 2
[BAO]   write_index             = 2
[BAO] VM: AFTER
[BAO]   depleated_op_type               = 4294967295
[BAO]   defined_pmu_read_val            = 358580
[BAO]   defined_pmu_write_val           = 104698
[BAO]   current_used_read_budget        = 371597
[BAO]   current_used_write_budget       = 107956
[BAO]   new_read_budget                 = 358580
[BAO]   new_write_budget                = 104698
[BAO]   total_used_read_budget          = 7067133
[BAO]   total_used_write_budget         = 2153510
[BAO]   total_calculated_new_read_budget = 0
[BAO]   total_calculated_new_write_budget= 0
[BAO] Counters: AFTER
[BAO] C0: 0
[BAO] C1: 0
[BAO] C2: 0
[BAO] C3: 0
[BAO] C4: 0
[BAO] C5: 0
[DEBUG] done
[DEBUG] Configured counter.
[DEBUG] Started counter.
[DEBUG] get budget TIMEOUT: 
[DEBUG] (current_time_task_any - last_check_time_task_any) >= period_task_any
[DE[DEBUG] OVERFLOW SIGNAL
BUG] OVERFLOW SIGNAL
0 | 31 >= 30
[DEBUG] suspending task 0
[DEBUG] suspending task 1
[DEBUG] Stoped counter.
[DEBUG] calling HC_regulator_get_new_budget
[BAO] regulator_budget_depleted	 formula 1
[BAO] VM: BEFORE
[BAO]   depleated_op_type               = 4294967295
[BAO]   defined_pmu_read_val            = 358580
[BAO]   defined_pmu_write_val           = 104698
[BAO]   current_used_read_budget        = 371597
[BAO]   current_used_write_budget       = 107956
[BAO]   new_read_budget                 = 358580
[BAO]   new_write_budget                = 104698
[BAO]   total_used_read_budget          = 7067133
[BAO]   total_used_write_budget         = 2153510
[BAO]   total_calculated_new_read_budget = 0
[BAO]   total_calculated_new_write_budget= 0
[BAO] Counters: BEFORE
[BAO] C0: 443041
[BAO] C1: 128468
[BAO] C2: 0
[BAO] C3: 0
[BAO] C4: 0
[BAO] C5: 0
[BAO] SW: BEFORE
[BAO]   current_read_array_size = 2
[BAO]     read_usage[u]       = 0
[BAO]     read_usage[u]       = 1
[BAO]   current_write_array_size = 2
[BAO]     write_usage[u]      = 0
[BAO]     write_usage[u]      = 1
[BAO]   read_index              = 2
[BAO]   write_index             = 2
[BAO] SW: AFTER
[BAO]   current_read_array_size = 3
[BAO]     read_usage[u]       = 0
[BAO]     read_usage[u]       = 1
[BAO]     read_usage[u]       = 2
[BAO]   current_write_array_size = 3
[BAO]     write_usage[u]      = 0
[BAO]     write_usage[u]      = 1
[BAO]     write_usage[u]      = 2
[BAO]   read_index              = 3
[BAO]   write_index             = 3
[BAO] VM: AFTER
[BAO]   depleated_op_type               = 4294967295
[BAO]   defined_pmu_read_val            = 358580
[BAO]   defined_pmu_write_val           = 104698
[BAO]   current_used_read_budget        = 443041
[BAO]   current_used_write_budget       = 128468
[BAO]   new_read_budget                 = 420419
[BAO]   new_write_budget                = 122060
[BAO]   total_used_read_budget          = 7487552
[BAO]   total_used_write_budget         = 2275570
[BAO]   total_calculated_new_read_budget = 0
[BAO]   total_calculated_new_write_budget= 0
[BAO] Counters: AFTER
[BAO] C0: 0
[BAO] C1: 0
[BAO] C2: 0
[BAO] C3: 0
[BAO] C4: 0
[BAO] C5: 0
[DEBUG] done
[DEBUG] Configured counter.
[DEBUG] Started counter.
[DEBUG] get budget TIMEOUT: 
[DEBUG] (current_time_task_any - last_check_time_task_any) >= period_task_any
[DEBUG] OVERFLOW SIGNAL
[DEBUG] (621 - 590) >= 30 | 31 >= 30
[DEBUG] suspending task 0
[DEBUG] suspending task 1
[DEBUG] Stoped counter.
[DEBUG] calling HC_regulator_get_new_budget
[BAO] regulator_budget_depleted	 formula 1
[BAO] VM: BEFORE
[BAO]   depleated_op_type               = 4294967295
[BAO]   defined_pmu_read_val            = 420419
[BAO]   defined_pmu_write_val           = 122060
[BAO]   current_used_read_budget        = 443041
[BAO]   current_used_write_budget       = 128468
[BAO]   new_read_budget                 = 420419
[BAO]   new_write_budget                = 122060
[BAO]   total_used_read_budget          = 7487552
[BAO]   total_used_write_budget         = 2275570
[BAO]   total_calculated_new_read_budget = 0
[BAO]   total_calculated_new_write_budget= 0
[BAO] Counters: BEFORE
[BAO] C0: 387963
[BAO] C1: 113060
[BAO] C2: 0
[BAO] C3: 0
[BAO] C4: 0
[BAO] C5: 0
[BAO] SW: BEFORE
[BAO]   current_read_array_size = 3
[BAO]     read_usage[u]       = 0
[BAO]     read_usage[u]       = 1
[BAO]     read_usage[u]       = 2
[BAO]   current_write_array_size = 3
[BAO]     write_usage[u]      = 0
[BAO]     write_usage[u]      = 1
[BAO]     write_usage[u]      = 2
[BAO]   read_index              = 3
[BAO]   write_index             = 3
[BAO] SW: AFTER
[BAO]   current_read_array_size = 4
[BAO]     read_usage[u]       = 0
[BAO]     read_usage[u]       = 1
[BAO]     read_usage[u]       = 2
[BAO]     read_usage[u]       = 3
[BAO]   current_write_array_size = 4
[BAO]     write_usage[u]      = 0
[BAO]     write_usage[u]      = 1
[BAO]     write_usage[u]      = 2
[BAO]     write_usage[u]      = 3
[BAO]   read_index              = 4
[BAO]   write_index             = 4
[BAO] VM: AFTER
[BAO]   depleated_op_type               = 4294967295
[BAO]   defined_pmu_read_val            = 420419
[BAO]   defined_pmu_write_val           = 122060
[BAO]   current_used_read_budget        = 387963
[BAO]   current_used_write_budget       = 113060
[BAO]   new_read_budget                 = 400867
[BAO]   new_write_budget                = 116495
[BAO]   total_used_read_budget          = 8308838
[BAO]   total_used_write_budget         = 2514125
[BAO]   total_calculated_new_read_budget = 0
[BAO]   total_calculated_new_write_budget= 0
[BAO] Counters: AFTER
[BAO] C0: 0
[BAO] C1: 0
[BAO] C2: 0
[BAO] C3: 0
[BAO] C4: 0
[BAO] C5: 0
[DEBUG] done
[DEBUG] Configured counter.
[DEBUG] Started counter.
[DEBUG] get budget TIMEOUT: 
[DEBUG] (current_time_task_any - last_check_time_task_any) >= period_task_any
[DEBUG] (652 - 621) >= 30 | 31 >= 30
[DEBUG] suspendi[DEBUG] OVERFLOW SIGNAL
nSIGNAL
0
[DEBUG] suspending task 1
[DEBUG] Stoped counter.
[DEBUG] calling HC_regulator_get_new_budget
[BAO] regulator_budget_depleted	 formula 1
[BAO] VM: BEFORE
[BAO]   depleated_op_type               = 4294967295
[BAO]   defined_pmu_read_val            = 400867
[BAO]   defined_pmu_write_val           = 116495
[BAO]   current_used_read_budget        = 387963
[BAO]   current_used_write_budget       = 113060
[BAO]   new_read_budget                 = 400867
[BAO]   new_write_budget                = 116495
[BAO]   total_used_read_budget          = 8308838
[BAO]   total_used_write_budget         = 2514125
[BAO]   total_calculated_new_read_budget = 0
[BAO]   total_calculated_new_write_budget= 0
[BAO] Counters: BEFORE
[BAO] C0: 322683
[BAO] C1: 94288
[BAO] C2: 0
[BAO] C3: 0
[BAO] C4: 0
[BAO] C5: 0
[BAO] SW: BEFORE
[BAO]   current_read_array_size = 4
[BAO]     read_usage[u]       = 0
[BAO]     read_usage[u]       = 1
[BAO]     read_usage[u]       = 2
[BAO]     read_usage[u]       = 3
[BAO]   current_write_array_size = 4
[BAO]     write_usage[u]      = 0
[BAO]     write_usage[u]      = 1
[BAO]     write_usage[u]      = 2
[BAO]     write_usage[u]      = 3
[BAO]   read_index              = 4
[BAO]   write_index             = 4
[BAO] SW: AFTER
[BAO]   current_read_array_size = 5
[BAO]     read_usage[u]       = 0
[BAO]     read_usage[u]       = 1
[BAO]     read_usage[u]       = 2
[BAO]     read_usage[u]       = 3
[BAO]     read_usage[u]       = 4
[BAO]   current_write_array_size = 5
[BAO]     write_usage[u]      = 0
[BAO]     write_usage[u]      = 1
[BAO]     write_usage[u]      = 2
[BAO]     write_usage[u]      = 3
[BAO]     write_usage[u]      = 4
[BAO]   read_index              = 5
[BAO]   write_index             = 5
[BAO] VM: AFTER
[BAO]   depleated_op_type               = 4294967295
[BAO]   defined_pmu_read_val            = 400867
[BAO]   defined_pmu_write_val           = 116495
[BAO]   current_used_read_budget        = 322683
[BAO]   current_used_write_budget       = 94288
[BAO]   new_read_budget                 = 384562
[BAO]   new_write_budget                = 111939
[BAO]   total_used_read_budget          = 9514686
[BAO]   total_used_write_budget         = 2864619
[BAO]   total_calculated_new_read_budget = 0
[BAO]   total_calculated_new_write_budget= 0
[BAO] Counters: AFTER
[BAO] C0: 0
[BAO] C1: 0
[BAO] C2: 0
[BAO] C3: 0
[BAO] C4: 0
[BAO] C5: 0
[DEBUG] done
[DEBUG] Configured counter.
[DEBUG] Started counter.
[DEBUG] get budget TIMEOUT: 
[DEBUG] (current_time_task_any - last_check_time_task_any) >= period_task_any
[DEBUG] (683 - 652) >= 30 | 31 >= 30
[DEBUG] sus[DEBUG] OVERFLOW SIGNAL
pFLOW SIGNAL
0
[DEBUG] suspending task 1
[DEBUG] Stoped counter.
[DEBUG] calling HC_regulator_get_new_budget
[BAO] regulator_budget_depleted	 formula 1
[BAO] VM: BEFORE
[BAO]   depleated_op_type               = 4294967295
[BAO]   defined_pmu_read_val            = 384562
[BAO]   defined_pmu_write_val           = 111939
[BAO]   current_used_read_budget        = 322683
[BAO]   current_used_write_budget       = 94288
[BAO]   new_read_budget                 = 384562
[BAO]   new_write_budget                = 111939
[BAO]   total_used_read_budget          = 9514686
[BAO]   total_used_write_budget         = 2864619
[BAO]   total_calculated_new_read_budget = 0
[BAO]   total_calculated_new_write_budget= 0
[BAO] Counters: BEFORE
[BAO] C0: 273334
[BAO] C1: 80086
[BAO] C2: 0
[BAO] C3: 0
[BAO] C4: 0
[BAO] C5: 0
[BAO] SW: BEFORE
[BAO]   current_read_array_size = 5
[BAO]     read_usage[u]       = 0
[BAO]     read_usage[u]       = 1
[BAO]     read_usage[u]       = 2
[BAO]     read_usage[u]       = 3
[BAO]     read_usage[u]       = 4
[BAO]   current_write_array_size = 5
[BAO]     write_usage[u]      = 0
[BAO]     write_usage[u]      = 1
[BAO]     write_usage[u]      = 2
[BAO]     write_usage[u]      = 3
[BAO]     write_usage[u]      = 4
[BAO]   read_index              = 5
[BAO]   write_index             = 5
[BAO] SW: AFTER
[BAO]   current_read_array_size = 6
[BAO]     read_usage[u]       = 0
[BAO]     read_usage[u]       = 1
[BAO]     read_usage[u]       = 2
[BAO]     read_usage[u]       = 3
[BAO]     read_usage[u]       = 4
[BAO]     read_usage[u]       = 5
[BAO]   current_write_array_size = 6
[BAO]     write_usage[u]      = 0
[BAO]     write_usage[u]      = 1
[BAO]     write_usage[u]      = 2
[BAO]     write_usage[u]      = 3
[BAO]     write_usage[u]      = 4
[BAO]     write_usage[u]      = 5
[BAO]   read_index              = 6
[BAO]   write_index             = 6
[BAO] VM: AFTER
[BAO]   depleated_op_type               = 4294967295
[BAO]   defined_pmu_read_val            = 384562
[BAO]   defined_pmu_write_val           = 111939
[BAO]   current_used_read_budget        = 273334
[BAO]   current_used_write_budget       = 80086
[BAO]   new_read_budget                 = 327993
[BAO]   new_write_budget                = 95811
[BAO]   total_used_read_budget          = 11048527
[BAO]   total_used_write_budget         = 3310924
[BAO]   total_calculated_new_read_budget = 0
[BAO]   total_calculated_new_write_budget= 0
[BAO] Counters: AFTER
[BAO] C0: 0
[BAO] C1: 0
[BAO] C2: 0
[BAO] C3: 0
[BAO] C4: 0
[BAO] C5: 0
[DEBUG] done
[DEBUG] Configured counter.
[DEBUG] Started counter.
[DEBUG] get budget TIMEOUT: 
[DEBUG] (current_time_task_any - last_check_time_task_any) >= period_task_any
[DEBUG] (713 - 683[DEBUG] OVERFLOW SIGNAL
)GNAL
0 | 30 >= 30
[DEBUG] suspending task 0
[DEBUG] suspending task 1
[DEBUG] Stoped counter.
[DEBUG] calling HC_regulator_get_new_budget
[BAO] regulator_budget_depleted	 formula 1
[BAO] VM: BEFORE
[BAO]   depleated_op_type               = 4294967295
[BAO]   defined_pmu_read_val            = 327993
[BAO]   defined_pmu_write_val           = 95811
[BAO]   current_used_read_budget        = 273334
[BAO]   current_used_write_budget       = 80086
[BAO]   new_read_budget                 = 327993
[BAO]   new_write_budget                = 95811
[BAO]   total_used_read_budget          = 11048527
[BAO]   total_used_write_budget         = 3310924
[BAO]   total_calculated_new_read_budget = 0
[BAO]   total_calculated_new_write_budget= 0
[BAO] Counters: BEFORE
[BAO] C0: 450754
[BAO] C1: 130856
[BAO] C2: 0
[BAO] C3: 0
[BAO] C4: 0
[BAO] C5: 0
[BAO] SW: BEFORE
[BAO]   current_read_array_size = 6
[BAO]     read_usage[u]       = 0
[BAO]     read_usage[u]       = 1
[BAO]     read_usage[u]       = 2
[BAO]     read_usage[u]       = 3
[BAO]     read_usage[u]       = 4
[BAO]     read_usage[u]       = 5
[BAO]   current_write_array_size = 6
[BAO]     write_usage[u]      = 0
[BAO]     write_usage[u]      = 1
[BAO]     write_usage[u]      = 2
[BAO]     write_usage[u]      = 3
[BAO]     write_usage[u]      = 4
[BAO]     write_usage[u]      = 5
[BAO]   read_index              = 6
[BAO]   write_index             = 6
[BAO] SW: AFTER
[BAO]   current_read_array_size = 7
[BAO]     read_usage[u]       = 0
[BAO]     read_usage[u]       = 1
[BAO]     read_usage[u]       = 2
[BAO]     read_usage[u]       = 3
[BAO]     read_usage[u]       = 4
[BAO]     read_usage[u]       = 5
[BAO]     read_usage[u]       = 6
[BAO]   current_write_array_size = 7
[BAO]     write_usage[u]      = 0
[BAO]     write_usage[u]      = 1
[BAO]     write_usage[u]      = 2
[BAO]     write_usage[u]      = 3
[BAO]     write_usage[u]      = 4
[BAO]     write_usage[u]      = 5
[BAO]     write_usage[u]      = 6
[BAO]   read_index              = 7
[BAO]   write_index             = 7
[BAO] VM: AFTER
[BAO]   depleated_op_type               = 4294967295
[BAO]   defined_pmu_read_val            = 327993
[BAO]   defined_pmu_write_val           = 95811
[BAO]   current_used_read_budget        = 450754
[BAO]   current_used_write_budget       = 130856
[BAO]   new_read_budget                 = 327993
[BAO]   new_write_budget                = 95811
[BAO]   total_used_read_budget          = 12931292
[BAO]   total_used_write_budget         = 3858972
[BAO]   total_calculated_new_read_budget = 0
[BAO]   total_calculated_new_write_budget= 0
[BAO] Counters: AFTER
[BAO] C0: 0
[BAO] C1: 0
[BAO] C2: 0
[BAO] C3: 0
[BAO] C4: 0
[BAO] C5: 0
[DEBUG] done
[DEBUG] Configured counter.
[DEBUG] Started counter.
[DEBUG] get budget TIMEOUT: 
[DEBUG] (current_time_task_any - last_check_time_task_any) >= period_task_any
[DEBUG] (744 - 713) >[DEBUG] OVERFLOW SIGNAL
=L
0 | 31 >= 30
[DEBUG] suspending task 0
[DEBUG] suspending task 1
[DEBUG] Stoped counter.
[DEBUG] calling HC_regulator_get_new_budget
[BAO] regulator_budget_depleted	 formula 1
[BAO] VM: BEFORE
[BAO]   depleated_op_type               = 4294967295
[BAO]   defined_pmu_read_val            = 327993
[BAO]   defined_pmu_write_val           = 95811
[BAO]   current_used_read_budget        = 450754
[BAO]   current_used_write_budget       = 130856
[BAO]   new_read_budget                 = 327993
[BAO]   new_write_budget                = 95811
[BAO]   total_used_read_budget          = 12931292
[BAO]   total_used_write_budget         = 3858972
[BAO]   total_calculated_new_read_budget = 0
[BAO]   total_calculated_new_write_budget= 0
[BAO] Counters: BEFORE
[BAO] C0: 380644
[BAO] C1: 110819
[BAO] C2: 0
[BAO] C3: 0
[BAO] C4: 0
[BAO] C5: 0
[BAO] SW: BEFORE
[BAO]   current_read_array_size = 7
[BAO]     read_usage[u]       = 0
[BAO]     read_usage[u]       = 1
[BAO]     read_usage[u]       = 2
[BAO]     read_usage[u]       = 3
[BAO]     read_usage[u]       = 4
[BAO]     read_usage[u]       = 5
[BAO]     read_usage[u]       = 6
[BAO]   current_write_array_size = 7
[BAO]     write_usage[u]      = 0
[BAO]     write_usage[u]      = 1
[BAO]     write_usage[u]      = 2
[BAO]     write_usage[u]      = 3
[BAO]     write_usage[u]      = 4
[BAO]     write_usage[u]      = 5
[BAO]     write_usage[u]      = 6
[BAO]   read_index              = 7
[BAO]   write_index             = 7
[BAO] SW: AFTER
[BAO]   current_read_array_size = 8
[BAO]     read_usage[u]       = 0
[BAO]     read_usage[u]       = 1
[BAO]     read_usage[u]       = 2
[BAO]     read_usage[u]       = 3
[BAO]     read_usage[u]       = 4
[BAO]     read_usage[u]       = 5
[BAO]     read_usage[u]       = 6
[BAO]     read_usage[u]       = 7
[BAO]   current_write_array_size = 8
[BAO]     write_usage[u]      = 0
[BAO]     write_usage[u]      = 1
[BAO]     write_usage[u]      = 2
[BAO]     write_usage[u]      = 3
[BAO]     write_usage[u]      = 4
[BAO]     write_usage[u]      = 5
[BAO]     write_usage[u]      = 6
[BAO]     write_usage[u]      = 7
[BAO]   read_index              = 8
[BAO]   write_index             = 8
[BAO] VM: AFTER
[BAO]   depleated_op_type               = 4294967295
[BAO]   defined_pmu_read_val            = 327993
[BAO]   defined_pmu_write_val           = 95811
[BAO]   current_used_read_budget        = 380644
[BAO]   current_used_write_budget       = 110819
[BAO]   new_read_budget                 = 327993
[BAO]   new_write_budget                = 95811
[BAO]   total_used_read_budget          = 15182301
[BAO]   total_used_write_budget         = 4514274
[BAO]   total_calculated_new_read_budget = 0
[BAO]   total_calculated_new_write_budget= 0
[BAO] Counters: AFTER
[BAO] C0: 0
[BAO] C1: 0
[BAO] C2: 0
[BAO] C3: 0
[BAO] C4: 0
[BAO] C5: 0
[DEBUG] done
[DEBUG] Configured counter.
[DEBUG] Started counter.
[DEBUG] get budget TIMEOUT: 
[DEBUG] (current_time_task_any - last_check_time_task_any) >= period_task_any
[DEBUG] (775 - 744) >= 30 | 3[DEBUG] OVERFLOW SIGNAL
1 >= 30
[DEBUG] suspending task 0
[DEBUG] suspending task 1
[DEBUG] Stoped counter.
[DEBUG] calling HC_regulator_get_new_budget
[BAO] regulator_budget_depleted	 formula 1
[BAO] VM: BEFORE
[BAO]   depleated_op_type               = 4294967295
[BAO]   defined_pmu_read_val            = 327993
[BAO]   defined_pmu_write_val           = 95811
[BAO]   current_used_read_budget        = 380644
[BAO]   current_used_write_budget       = 110819
[BAO]   new_read_budget                 = 327993
[BAO]   new_write_budget                = 95811
[BAO]   total_used_read_budget          = 15182301
[BAO]   total_used_write_budget         = 4514274
[BAO]   total_calculated_new_read_budget = 0
[BAO]   total_calculated_new_write_budget= 0
[BAO] Counters: BEFORE
[BAO] C0: 460002
[BAO] C1: 133449
[BAO] C2: 0
[BAO] C3: 0
[BAO] C4: 0
[BAO] C5: 0
[BAO] SW: BEFORE
[BAO]   current_read_array_size = 8
[BAO]     read_usage[u]       = 0
[BAO]     read_usage[u]       = 1
[BAO]     read_usage[u]       = 2
[BAO]     read_usage[u]       = 3
[BAO]     read_usage[u]       = 4
[BAO]     read_usage[u]       = 5
[BAO]     read_usage[u]       = 6
[BAO]     read_usage[u]       = 7
[BAO]   current_write_array_size = 8
[BAO]     write_usage[u]      = 0
[BAO]     write_usage[u]      = 1
[BAO]     write_usage[u]      = 2
[BAO]     write_usage[u]      = 3
[BAO]     write_usage[u]      = 4
[BAO]     write_usage[u]      = 5
[BAO]     write_usage[u]      = 6
[BAO]     write_usage[u]      = 7
[BAO]   read_index              = 8
[BAO]   write_index             = 8
[BAO] SW: AFTER
[BAO]   current_read_array_size = 9
[BAO]     read_usage[u]       = 0
[BAO]     read_usage[u]       = 1
[BAO]     read_usage[u]       = 2
[BAO]     read_usage[u]       = 3
[BAO]     read_usage[u]       = 4
[BAO]     read_usage[u]       = 5
[BAO]     read_usage[u]       = 6
[BAO]     read_usage[u]       = 7
[BAO]     read_usage[u]       = 8
[BAO]   current_write_array_size = 9
[BAO]     write_usage[u]      = 0
[BAO]     write_usage[u]      = 1
[BAO]     write_usage[u]      = 2
[BAO]     write_usage[u]      = 3
[BAO]     write_usage[u]      = 4
[BAO]     write_usage[u]      = 5
[BAO]     write_usage[u]      = 6
[BAO]     write_usage[u]      = 7
[BAO]     write_usage[u]      = 8
[BAO]   read_index              = 9
[BAO]   write_index             = 9
[BAO] VM: AFTER
[BAO]   depleated_op_type               = 4294967295
[BAO]   defined_pmu_read_val            = 327993
[BAO]   defined_pmu_write_val           = 95811
[BAO]   current_used_read_budget        = 460002
[BAO]   current_used_write_budget       = 133449
[BAO]   new_read_budget                 = 327993
[BAO]   new_write_budget                = 95811
[BAO]   total_used_read_budget          = 17863777
[BAO]   total_used_write_budget         = 5294617
[BAO]   total_calculated_new_read_budget = 0
[BAO]   total_calculated_new_write_budget= 0
[BAO] Counters: AFTER
[BAO] C0: 0
[BAO] C1: 0
[BAO] C2: 0
[BAO] C3: 0
[BAO] C4: 0
[BAO] C5: 0
[DEBUG] done
[DEBUG] Configured counter.
[DEBUG] Started counter.
[DEBUG] get budget TIMEOUT: 
[DEBUG] (current_time_task_any - last_check_time_[DEBUG] OVERFLOW SIGNAL
task_any) >= period_task_any
[DEBUG] (806 - 775) >= 30 | 31 >= 30
[DEBUG] suspending task 0
[DEBUG] suspending task 1
[DEBUG] Stoped counter.
[DEBUG] calling HC_regulator_get_new_budget
[BAO] regulator_budget_depleted	 formula 1
[BAO] VM: BEFORE
[BAO]   depleated_op_type               = 4294967295
[BAO]   defined_pmu_read_val            = 327993
[BAO]   defined_pmu_write_val           = 95811
[BAO]   current_used_read_budget        = 460002
[BAO]   current_used_write_budget       = 133449
[BAO]   new_read_budget                 = 327993
[BAO]   new_write_budget                = 95811
[BAO]   total_used_read_budget          = 17863777
[BAO]   total_used_write_budget         = 5294617
[BAO]   total_calculated_new_read_budget = 0
[BAO]   total_calculated_new_write_budget= 0
[BAO] Counters: BEFORE
[BAO] C0: 406524
[BAO] C1: 118209
[BAO] C2: 0
[BAO] C3: 0
[BAO] C4: 0
[BAO] C5: 0
[BAO] SW: BEFORE
[BAO]   current_read_array_size = 9
[BAO]     read_usage[u]       = 0
[BAO]     read_usage[u]       = 1
[BAO]     read_usage[u]       = 2
[BAO]     read_usage[u]       = 3
[BAO]     read_usage[u]       = 4
[BAO]     read_usage[u]       = 5
[BAO]     read_usage[u]       = 6
[BAO]     read_usage[u]       = 7
[BAO]     read_usage[u]       = 8
[BAO]   current_write_array_size = 9
[BAO]     write_usage[u]      = 0
[BAO]     write_usage[u]      = 1
[BAO]     write_usage[u]      = 2
[BAO]     write_usage[u]      = 3
[BAO]     write_usage[u]      = 4
[BAO]     write_usage[u]      = 5
[BAO]     write_usage[u]      = 6
[BAO]     write_usage[u]      = 7
[BAO]     write_usage[u]      = 8
[BAO]   read_index              = 9
[BAO]   write_index             = 9
[BAO] SW: AFTER
[BAO]   current_read_array_size = 10
[BAO]     read_usage[u]       = 0
[BAO]     read_usage[u]       = 1
[BAO]     read_usage[u]       = 2
[BAO]     read_usage[u]       = 3
[BAO]     read_usage[u]       = 4
[BAO]     read_usage[u]       = 5
[BAO]     read_usage[u]       = 6
[BAO]     read_usage[u]       = 7
[BAO]     read_usage[u]       = 8
[BAO]     read_usage[u]       = 9
[BAO]   current_write_array_size = 10
[BAO]     write_usage[u]      = 0
[BAO]     write_usage[u]      = 1
[BAO]     write_usage[u]      = 2
[BAO]     write_usage[u]      = 3
[BAO]     write_usage[u]      = 4
[BAO]     write_usage[u]      = 5
[BAO]     write_usage[u]      = 6
[BAO]     write_usage[u]      = 7
[BAO]     write_usage[u]      = 8
[BAO]     write_usage[u]      = 9
[BAO]   read_index              = 0
[BAO]   write_index             = 0
[BAO] VM: AFTER
[BAO]   depleated_op_type               = 4294967295
[BAO]   defined_pmu_read_val            = 327993
[BAO]   defined_pmu_write_val           = 95811
[BAO]   current_used_read_budget        = 406524
[BAO]   current_used_write_budget       = 118209
[BAO]   new_read_budget                 = 327993
[BAO]   new_write_budget                = 95811
[BAO]   total_used_read_budget          = 20960976
[BAO]   total_used_write_budget         = 6195786
[BAO]   total_calculated_new_read_budget = 0
[BAO]   total_calculated_new_write_budget= 0
[BAO] Counters: AFTER
[BAO] C0: 0
[BAO] C1: 0
[BAO] C2: 0
[BAO] C3: 0
[BAO] C4: 0
[BAO] C5: 0
[DEBUG] done
[DEBUG] Configured counter.
[DEBUG] Started counter.
[DEBUG] get budget TIMEOUT: 
[DEBUG] (current_time_task_any - last_check_t[DEBUG] OVERFLOW SIGNAL
ime_task_any) >= period_task_any
[DEBUG] (836 - 806) >= 30 | 30 >= 30
[DEBUG] suspending task 0
[DEBUG] suspending task 1
[DEBUG] Stoped counter.
[DEBUG] calling HC_regulator_get_new_budget
[BAO] regulator_budget_depleted	 formula 1
[BAO] VM: BEFORE
[BAO]   depleated_op_type               = 4294967295
[BAO]   defined_pmu_read_val            = 327993
[BAO]   defined_pmu_write_val           = 95811
[BAO]   current_used_read_budget        = 406524
[BAO]   current_used_write_budget       = 118209
[BAO]   new_read_budget                 = 327993
[BAO]   new_write_budget                = 95811
[BAO]   total_used_read_budget          = 20960976
[BAO]   total_used_write_budget         = 6195786
[BAO]   total_calculated_new_read_budget = 0
[BAO]   total_calculated_new_write_budget= 0
[BAO] Counters: BEFORE
[BAO] C0: 428628
[BAO] C1: 124586
[BAO] C2: 0
[BAO] C3: 0
[BAO] C4: 0
[BAO] C5: 0
[BAO] SW: BEFORE
[BAO]   current_read_array_size = 10
[BAO]     read_usage[u]       = 0
[BAO]     read_usage[u]       = 1
[BAO]     read_usage[u]       = 2
[BAO]     read_usage[u]       = 3
[BAO]     read_usage[u]       = 4
[BAO]     read_usage[u]       = 5
[BAO]     read_usage[u]       = 6
[BAO]     read_usage[u]       = 7
[BAO]     read_usage[u]       = 8
[BAO]     read_usage[u]       = 9
[BAO]   current_write_array_size = 10
[BAO]     write_usage[u]      = 0
[BAO]     write_usage[u]      = 1
[BAO]     write_usage[u]      = 2
[BAO]     write_usage[u]      = 3
[BAO]     write_usage[u]      = 4
[BAO]     write_usage[u]      = 5
[BAO]     write_usage[u]      = 6
[BAO]     write_usage[u]      = 7
[BAO]     write_usage[u]      = 8
[BAO]     write_usage[u]      = 9
[BAO]   read_index              = 0
[BAO]   write_index             = 0
[BAO] SW: AFTER
[BAO]   current_read_array_size = 10
[BAO]     read_usage[u]       = 0
[BAO]     read_usage[u]       = 1
[BAO]     read_usage[u]       = 2
[BAO]     read_usage[u]       = 3
[BAO]     read_usage[u]       = 4
[BAO]     read_usage[u]       = 5
[BAO]     read_usage[u]       = 6
[BAO]     read_usage[u]       = 7
[BAO]     read_usage[u]       = 8
[BAO]     read_usage[u]       = 9
[BAO]   current_write_array_size = 10
[BAO]     write_usage[u]      = 0
[BAO]     write_usage[u]      = 1
[BAO]     write_usage[u]      = 2
[BAO]     write_usage[u]      = 3
[BAO]     write_usage[u]      = 4
[BAO]     write_usage[u]      = 5
[BAO]     write_usage[u]      = 6
[BAO]     write_usage[u]      = 7
[BAO]     write_usage[u]      = 8
[BAO]     write_usage[u]      = 9
[BAO]   read_index              = 1
[BAO]   write_index             = 1
[BAO] VM: AFTER
[BAO]   depleated_op_type               = 4294967295
[BAO]   defined_pmu_read_val            = 327993
[BAO]   defined_pmu_write_val           = 95811
[BAO]   current_used_read_budget        = 428628
[BAO]   current_used_write_budget       = 124586
[BAO]   new_read_budget                 = 327993
[BAO]   new_write_budget                = 95811
[BAO]   total_used_read_budget          = 24069474
[BAO]   total_used_write_budget         = 7100310
[BAO]   total_calculated_new_read_budget = 0
[BAO]   total_calculated_new_write_budget= 0
[BAO] Counters: AFTER
[BAO] C0: 0
[BAO] C1: 0
[BAO] C2: 0
[BAO] C3: 0
[BAO] C4: 0
[BAO] C5: 0
[DEBUG] done
[DEBUG] Configured counter.
[DEBUG] Started counter.
[DEBUG] get budget TIMEOUT: 
[DEBUG] (current_time_task_any - last_check_time_task_any) >= period_task_any
[DEBUG] (867 [DEBUG] OVERFLOW SIGNAL
-OW SIGNAL
0 | 31 >= 30
[DEBUG] suspending task 0
[DEBUG] suspending task 1
[DEBUG] Stoped counter.
[DEBUG] calling HC_regulator_get_new_budget
[BAO] regulator_budget_depleted	 formula 1
[BAO] VM: BEFORE
[BAO]   depleated_op_type               = 4294967295
[BAO]   defined_pmu_read_val            = 327993
[BAO]   defined_pmu_write_val           = 95811
[BAO]   current_used_read_budget        = 428628
[BAO]   current_used_write_budget       = 124586
[BAO]   new_read_budget                 = 327993
[BAO]   new_write_budget                = 95811
[BAO]   total_used_read_budget          = 24069474
[BAO]   total_used_write_budget         = 7100310
[BAO]   total_calculated_new_read_budget = 0
[BAO]   total_calculated_new_write_budget= 0
[BAO] Counters: BEFORE
[BAO] C0: 309183
[BAO] C1: 90342
[BAO] C2: 0
[BAO] C3: 0
[BAO] C4: 0
[BAO] C5: 0
[BAO] SW: BEFORE
[BAO]   current_read_array_size = 10
[BAO]     read_usage[u]       = 0
[BAO]     read_usage[u]       = 1
[BAO]     read_usage[u]       = 2
[BAO]     read_usage[u]       = 3
[BAO]     read_usage[u]       = 4
[BAO]     read_usage[u]       = 5
[BAO]     read_usage[u]       = 6
[BAO]     read_usage[u]       = 7
[BAO]     read_usage[u]       = 8
[BAO]     read_usage[u]       = 9
[BAO]   current_write_array_size = 10
[BAO]     write_usage[u]      = 0
[BAO]     write_usage[u]      = 1
[BAO]     write_usage[u]      = 2
[BAO]     write_usage[u]      = 3
[BAO]     write_usage[u]      = 4
[BAO]     write_usage[u]      = 5
[BAO]     write_usage[u]      = 6
[BAO]     write_usage[u]      = 7
[BAO]     write_usage[u]      = 8
[BAO]     write_usage[u]      = 9
[BAO]   read_index              = 1
[BAO]   write_index             = 1
[BAO] SW: AFTER
[BAO]   current_read_array_size = 10
[BAO]     read_usage[u]       = 0
[BAO]     read_usage[u]       = 1
[BAO]     read_usage[u]       = 2
[BAO]     read_usage[u]       = 3
[BAO]     read_usage[u]       = 4
[BAO]     read_usage[u]       = 5
[BAO]     read_usage[u]       = 6
[BAO]     read_usage[u]       = 7
[BAO]     read_usage[u]       = 8
[BAO]     read_usage[u]       = 9
[BAO]   current_write_array_size = 10
[BAO]     write_usage[u]      = 0
[BAO]     write_usage[u]      = 1
[BAO]     write_usage[u]      = 2
[BAO]     write_usage[u]      = 3
[BAO]     write_usage[u]      = 4
[BAO]     write_usage[u]      = 5
[BAO]     write_usage[u]      = 6
[BAO]     write_usage[u]      = 7
[BAO]     write_usage[u]      = 8
[BAO]     write_usage[u]      = 9
[BAO]   read_index              = 2
[BAO]   write_index             = 2
[BAO] VM: AFTER
[BAO]   depleated_op_type               = 4294967295
[BAO]   defined_pmu_read_val            = 327993
[BAO]   defined_pmu_write_val           = 95811
[BAO]   current_used_read_budget        = 309183
[BAO]   current_used_write_budget       = 90342
[BAO]   new_read_budget                 = 327993
[BAO]   new_write_budget                = 95811
[BAO]   total_used_read_budget          = 27158550
[BAO]   total_used_write_budget         = 7999385
[BAO]   total_calculated_new_read_budget = 0
[BAO]   total_calculated_new_write_budget= 0
[BAO] Counters: AFTER
[BAO] C0: 0
[BAO] C1: 0
[BAO] C2: 0
[BAO] C3: 0
[BAO] C4: 0
[BAO] C5: 0
[DEBUG] done
[DEBUG] Configured counter.
[DEBUG] Started counter.
[DEBUG] get budget TIMEOUT: 
[DEBUG] (current_time_task_any - last_check_time_task_any) >= period_task_any
[DEBUG] (898 - 867) >= 3[DEBUG] OVERFLOW SIGNAL
0 | 31 >= 30
[DEBUG] suspending task 0
[DEBUG] suspending task 1
[DEBUG] Stoped counter.
[DEBUG] calling HC_regulator_get_new_budget
[BAO] regulator_budget_depleted	 formula 1
[BAO] VM: BEFORE
[BAO]   depleated_op_type               = 4294967295
[BAO]   defined_pmu_read_val            = 327993
[BAO]   defined_pmu_write_val           = 95811
[BAO]   current_used_read_budget        = 309183
[BAO]   current_used_write_budget       = 90342
[BAO]   new_read_budget                 = 327993
[BAO]   new_write_budget                = 95811
[BAO]   total_used_read_budget          = 27158550
[BAO]   total_used_write_budget         = 7999385
[BAO]   total_calculated_new_read_budget = 0
[BAO]   total_calculated_new_write_budget= 0
[BAO] Counters: BEFORE
[BAO] C0: 369336
[BAO] C1: 107522
[BAO] C2: 0
[BAO] C3: 0
[BAO] C4: 0
[BAO] C5: 0
[BAO] SW: BEFORE
[BAO]   current_read_array_size = 10
[BAO]     read_usage[u]       = 0
[BAO]     read_usage[u]       = 1
[BAO]     read_usage[u]       = 2
[BAO]     read_usage[u]       = 3
[BAO]     read_usage[u]       = 4
[BAO]     read_usage[u]       = 5
[BAO]     read_usage[u]       = 6
[BAO]     read_usage[u]       = 7
[BAO]     read_usage[u]       = 8
[BAO]     read_usage[u]       = 9
[BAO]   current_write_array_size = 10
[BAO]     write_usage[u]      = 0
[BAO]     write_usage[u]      = 1
[BAO]     write_usage[u]      = 2
[BAO]     write_usage[u]      = 3
[BAO]     write_usage[u]      = 4
[BAO]     write_usage[u]      = 5
[BAO]     write_usage[u]      = 6
[BAO]     write_usage[u]      = 7
[BAO]     write_usage[u]      = 8
[BAO]     write_usage[u]      = 9
[BAO]   read_index              = 2
[BAO]   write_index             = 2
[BAO] SW: AFTER
[BAO]   current_read_array_size = 10
[BAO]     read_usage[u]       = 0
[BAO]     read_usage[u]       = 1
[BAO]     read_usage[u]       = 2
[BAO]     read_usage[u]       = 3
[BAO]     read_usage[u]       = 4
[BAO]     read_usage[u]       = 5
[BAO]     read_usage[u]       = 6
[BAO]     read_usage[u]       = 7
[BAO]     read_usage[u]       = 8
[BAO]     read_usage[u]       = 9
[BAO]   current_write_array_size = 10
[BAO]     write_usage[u]      = 0
[BAO]     write_usage[u]      = 1
[BAO]     write_usage[u]      = 2
[BAO]     write_usage[u]      = 3
[BAO]     write_usage[u]      = 4
[BAO]     write_usage[u]      = 5
[BAO]     write_usage[u]      = 6
[BAO]     write_usage[u]      = 7
[BAO]     write_usage[u]      = 8
[BAO]     write_usage[u]      = 9
[BAO]   read_index              = 3
[BAO]   write_index             = 3
[BAO] VM: AFTER
[BAO]   depleated_op_type               = 4294967295
[BAO]   defined_pmu_read_val            = 327993
[BAO]   defined_pmu_write_val           = 95811
[BAO]   current_used_read_budget        = 369336
[BAO]   current_used_write_budget       = 107522
[BAO]   new_read_budget                 = 327993
[BAO]   new_write_budget                = 95811
[BAO]   total_used_read_budget          = 30232113
[BAO]   total_used_write_budget         = 8894004
[BAO]   total_calculated_new_read_budget = 0
[BAO]   total_calculated_new_write_budget= 0
[BAO] Counters: AFTER
[BAO] C0: 0
[BAO] C1: 0
[BAO] C2: 0
[BAO] C3: 0
[BAO] C4: 0
[BAO] C5: 0
[DEBUG] done
[DEBUG] Configured counter.
[DEBUG] Started counter.
[DEBUG] get budget TIMEOUT: 
[DEBUG] (current_time_task_any - last_check_time_task_any) >= period_task_any
[DEBUG] (929 - 898) >= 30 | [DEBUG] OVERFLOW SIGNAL
31 >= 30
[DEBUG] suspending task 0
[DEBUG] suspending task 1
[DEBUG] Stoped counter.
[DEBUG] calling HC_regulator_get_new_budget
[BAO] regulator_budget_depleted	 formula 1
[BAO] VM: BEFORE
[BAO]   depleated_op_type               = 4294967295
[BAO]   defined_pmu_read_val            = 327993
[BAO]   defined_pmu_write_val           = 95811
[BAO]   current_used_read_budget        = 369336
[BAO]   current_used_write_budget       = 107522
[BAO]   new_read_budget                 = 327993
[BAO]   new_write_budget                = 95811
[BAO]   total_used_read_budget          = 30232113
[BAO]   total_used_write_budget         = 8894004
[BAO]   total_calculated_new_read_budget = 0
[BAO]   total_calculated_new_write_budget= 0
[BAO] Counters: BEFORE
[BAO] C0: 476644
[BAO] C1: 138096
[BAO] C2: 0
[BAO] C3: 0
[BAO] C4: 0
[BAO] C5: 0
[BAO] SW: BEFORE
[BAO]   current_read_array_size = 10
[BAO]     read_usage[u]       = 0
[BAO]     read_usage[u]       = 1
[BAO]     read_usage[u]       = 2
[BAO]     read_usage[u]       = 3
[BAO]     read_usage[u]       = 4
[BAO]     read_usage[u]       = 5
[BAO]     read_usage[u]       = 6
[BAO]     read_usage[u]       = 7
[BAO]     read_usage[u]       = 8
[BAO]     read_usage[u]       = 9
[BAO]   current_write_array_size = 10
[BAO]     write_usage[u]      = 0
[BAO]     write_usage[u]      = 1
[BAO]     write_usage[u]      = 2
[BAO]     write_usage[u]      = 3
[BAO]     write_usage[u]      = 4
[BAO]     write_usage[u]      = 5
[BAO]     write_usage[u]      = 6
[BAO]     write_usage[u]      = 7
[BAO]     write_usage[u]      = 8
[BAO]     write_usage[u]      = 9
[BAO]   read_index              = 3
[BAO]   write_index             = 3
[BAO] SW: AFTER
[BAO]   current_read_array_size = 10
[BAO]     read_usage[u]       = 0
[BAO]     read_usage[u]       = 1
[BAO]     read_usage[u]       = 2
[BAO]     read_usage[u]       = 3
[BAO]     read_usage[u]       = 4
[BAO]     read_usage[u]       = 5
[BAO]     read_usage[u]       = 6
[BAO]     read_usage[u]       = 7
[BAO]     read_usage[u]       = 8
[BAO]     read_usage[u]       = 9
[BAO]   current_write_array_size = 10
[BAO]     write_usage[u]      = 0
[BAO]     write_usage[u]      = 1
[BAO]     write_usage[u]      = 2
[BAO]     write_usage[u]      = 3
[BAO]     write_usage[u]      = 4
[BAO]     write_usage[u]      = 5
[BAO]     write_usage[u]      = 6
[BAO]     write_usage[u]      = 7
[BAO]     write_usage[u]      = 8
[BAO]     write_usage[u]      = 9
[BAO]   read_index              = 4
[BAO]   write_index             = 4
[BAO] VM: AFTER
[BAO]   depleated_op_type               = 4294967295
[BAO]   defined_pmu_read_val            = 327993
[BAO]   defined_pmu_write_val           = 95811
[BAO]   current_used_read_budget        = 476644
[BAO]   current_used_write_budget       = 138096
[BAO]   new_read_budget                 = 348924
[BAO]   new_write_budget                = 101743
[BAO]   total_used_read_budget          = 33362737
[BAO]   total_used_write_budget         = 9804799
[BAO]   total_calculated_new_read_budget = 0
[BAO]   total_calculated_new_write_budget= 0
[BAO] Counters: AFTER
[BAO] C0: 0
[BAO] C1: 0
[BAO] C2: 0
[BAO] C3: 0
[BAO] C4: 0
[BAO] C5: 0
[DEBUG] done
[DEBUG] Configured counter.
[DEBUG] Started counter.
[DEBUG] get budget TIMEOUT: 
[DEBUG] (current_time_task_any - last_check_time_task_any) >= period_task_any
[DEBUG] ([DEBUG] OVERFLOW SIGNAL
9ERFLOW SIGNAL
0 | 31 >= 30
[DEBUG] suspending task 0
[DEBUG] suspending task 1
[DEBUG] Stoped counter.
[DEBUG] calling HC_regulator_get_new_budget
[BAO] regulator_budget_depleted	 formula 1
[BAO] VM: BEFORE
[BAO]   depleated_op_type               = 4294967295
[BAO]   defined_pmu_read_val            = 348924
[BAO]   defined_pmu_write_val           = 101743
[BAO]   current_used_read_budget        = 476644
[BAO]   current_used_write_budget       = 138096
[BAO]   new_read_budget                 = 348924
[BAO]   new_write_budget                = 101743
[BAO]   total_used_read_budget          = 33362737
[BAO]   total_used_write_budget         = 9804799
[BAO]   total_calculated_new_read_budget = 0
[BAO]   total_calculated_new_write_budget= 0
[BAO] Counters: BEFORE
[BAO] C0: 430293
[BAO] C1: 125102
[BAO] C2: 0
[BAO] C3: 0
[BAO] C4: 0
[BAO] C5: 0
[BAO] SW: BEFORE
[BAO]   current_read_array_size = 10
[BAO]     read_usage[u]       = 0
[BAO]     read_usage[u]       = 1
[BAO]     read_usage[u]       = 2
[BAO]     read_usage[u]       = 3
[BAO]     read_usage[u]       = 4
[BAO]     read_usage[u]       = 5
[BAO]     read_usage[u]       = 6
[BAO]     read_usage[u]       = 7
[BAO]     read_usage[u]       = 8
[BAO]     read_usage[u]       = 9
[BAO]   current_write_array_size = 10
[BAO]     write_usage[u]      = 0
[BAO]     write_usage[u]      = 1
[BAO]     write_usage[u]      = 2
[BAO]     write_usage[u]      = 3
[BAO]     write_usage[u]      = 4
[BAO]     write_usage[u]      = 5
[BAO]     write_usage[u]      = 6
[BAO]     write_usage[u]      = 7
[BAO]     write_usage[u]      = 8
[BAO]     write_usage[u]      = 9
[BAO]   read_index              = 4
[BAO]   write_index             = 4
[BAO] SW: AFTER
[BAO]   current_read_array_size = 10
[BAO]     read_usage[u]       = 0
[BAO]     read_usage[u]       = 1
[BAO]     read_usage[u]       = 2
[BAO]     read_usage[u]       = 3
[BAO]     read_usage[u]       = 4
[BAO]     read_usage[u]       = 5
[BAO]     read_usage[u]       = 6
[BAO]     read_usage[u]       = 7
[BAO]     read_usage[u]       = 8
[BAO]     read_usage[u]       = 9
[BAO]   current_write_array_size = 10
[BAO]     write_usage[u]      = 0
[BAO]     write_usage[u]      = 1
[BAO]     write_usage[u]      = 2
[BAO]     write_usage[u]      = 3
[BAO]     write_usage[u]      = 4
[BAO]     write_usage[u]      = 5
[BAO]     write_usage[u]      = 6
[BAO]     write_usage[u]      = 7
[BAO]     write_usage[u]      = 8
[BAO]     write_usage[u]      = 9
[BAO]   read_index              = 5
[BAO]   write_index             = 5
[BAO] VM: AFTER
[BAO]   depleated_op_type               = 4294967295
[BAO]   defined_pmu_read_val            = 348924
[BAO]   defined_pmu_write_val           = 101743
[BAO]   current_used_read_budget        = 430293
[BAO]   current_used_write_budget       = 125102
[BAO]   new_read_budget                 = 368244
[BAO]   new_write_budget                = 107254
[BAO]   total_used_read_budget          = 36569861
[BAO]   total_used_write_budget         = 10737424
[BAO]   total_calculated_new_read_budget = 0
[BAO]   total_calculated_new_write_budget= 0
[BAO] Counters: AFTER
[BAO] C0: 0
[BAO] C1: 0
[BAO] C2: 0
[BAO] C3: 0
[BAO] C4: 0
[BAO] C5: 0
[DEBUG] done
SW,5957245,1732594,5264120,1535375,446619,371597,443041,387963,322683,273334,450754,380644,460002,406524,428628,309183,369336,476644,430293,129755,107956,128468,113060,94288,80086,130856,110819,133449,118209,124586,90342,107522,138096,125102,358580,358580,420419,400867,384562,327993,327993,327993,327993,327993,327993,327993,327993,348924,368244,104698,104698,122060,116495,111939,95811,95811,95811,95811,95811,95811,95811,95811,101743,107254,
[DEBUG] TASK: OVER 0 | UNDER 0
[DEBUG] Configured counter.
[DEBUG] Started counter.
[DEBUG] get budget TIMEOUT: 
[DEBUG] (current_time_task_any - last_check_time_task_any) >= period_task_any
[DEBUG] (1032 - 960) >= 30 | 72 >= 30
[DEBUG] su[DEBUG] OVERFLOW SIGNAL
sRFLOW SIGNAL
0
[DEBUG] suspending task 1
[DEBUG] Stoped counter.
[DEBUG] calling HC_regulator_get_new_budget
[BAO] regulator_budget_depleted	 formula 2
[BAO] VM: BEFORE
[BAO]   depleated_op_type               = 4294967295
[BAO]   defined_pmu_read_val            = 368244
[BAO]   defined_pmu_write_val           = 107254
[BAO]   current_used_read_budget        = 430293
[BAO]   current_used_write_budget       = 125102
[BAO]   new_read_budget                 = 368244
[BAO]   new_write_budget                = 107254
[BAO]   total_used_read_budget          = 36569861
[BAO]   total_used_write_budget         = 10737424
[BAO]   total_calculated_new_read_budget = 0
[BAO]   total_calculated_new_write_budget= 0
[BAO] Counters: BEFORE
[BAO] C0: 270206
[BAO] C1: 79427
[BAO] C2: 0
[BAO] C3: 0
[BAO] C4: 0
[BAO] C5: 0
[BAO] LR: BEFORE
[BAO]   current_read_array_size  = 0
[BAO]   current_write_array_size = 0
[BAO]   total_read_exec          = 0
[BAO]   total_write_exec         = 0
[BAO] LR: AFTER
[BAO]   current_read_array_size  = 1
[BAO]     t_vector[u]    = 0
[BAO]     read_usage[u]  = 0
[BAO]   current_write_array_size = 0
[BAO]   total_read_exec          = 0
[BAO]   total_write_exec         = 0
[BAO] VM: AFTER
[BAO]   depleated_op_type               = 4294967295
[BAO]   defined_pmu_read_val            = 368244
[BAO]   defined_pmu_write_val           = 107254
[BAO]   current_used_read_budget        = 270206
[BAO]   current_used_write_budget       = 125102
[BAO]   new_read_budget                 = 368244
[BAO]   new_write_budget                = 107254
[BAO]   total_used_read_budget          = 36569861
[BAO]   total_used_write_budget         = 10737424
[BAO]   total_calculated_new_read_budget = 0
[BAO]   total_calculated_new_write_budget= 0
[BAO] Counters: AFTER
[BAO] C0: 0
[BAO] C1: 0
[BAO] C2: 0
[BAO] C3: 0
[BAO] C4: 0
[BAO] C5: 0
[DEBUG] done
[DEBUG] Configured counter.
[DEBUG] Started counter.
[DEBUG] get budget TIMEOUT: 
[DEBUG] (current_time_task_any - last_check_time_task_any) >= period_task_any
[DEBUG] (1064 - 1032) >= 30 | 32 [DEBUG] OVERFLOW SIGNAL
>= 30
[DEBUG] suspending task 0
[DEBUG] suspending task 1
[DEBUG] Stoped counter.
[DEBUG] calling HC_regulator_get_new_budget
[BAO] regulator_budget_depleted	 formula 2
[BAO] VM: BEFORE
[BAO]   depleated_op_type               = 4294967295
[BAO]   defined_pmu_read_val            = 368244
[BAO]   defined_pmu_write_val           = 107254
[BAO]   current_used_read_budget        = 270206
[BAO]   current_used_write_budget       = 125102
[BAO]   new_read_budget                 = 368244
[BAO]   new_write_budget                = 107254
[BAO]   total_used_read_budget          = 36569861
[BAO]   total_used_write_budget         = 10737424
[BAO]   total_calculated_new_read_budget = 0
[BAO]   total_calculated_new_write_budget= 0
[BAO] Counters: BEFORE
[BAO] C0: 433369
[BAO] C1: 125904
[BAO] C2: 0
[BAO] C3: 0
[BAO] C4: 0
[BAO] C5: 0
[BAO] LR: BEFORE
[BAO]   current_read_array_size  = 1
[BAO]     t_vector[u]    = 0
[BAO]     read_usage[u]  = 0
[BAO]   current_write_array_size = 0
[BAO]   total_read_exec          = 0
[BAO]   total_write_exec         = 0
[BAO] LR: AFTER
[BAO]   current_read_array_size  = 2
[BAO]     t_vector[u]    = 0
[BAO]     read_usage[u]  = 0
[BAO]     t_vector[u]    = 1
[BAO]     read_usage[u]  = 1
[BAO]   current_write_array_size = 0
[BAO]   total_read_exec          = 0
[BAO]   total_write_exec         = 0
[BAO] VM: AFTER
[BAO]   depleated_op_type               = 4294967295
[BAO]   defined_pmu_read_val            = 368244
[BAO]   defined_pmu_write_val           = 107254
[BAO]   current_used_read_budget        = 433369
[BAO]   current_used_write_budget       = 125102
[BAO]   new_read_budget                 = 368244
[BAO]   new_write_budget                = 107254
[BAO]   total_used_read_budget          = 36569861
[BAO]   total_used_write_budget         = 10737424
[BAO]   total_calculated_new_read_budget = 0
[BAO]   total_calculated_new_write_budget= 0
[BAO] Counters: AFTER
[BAO] C0: 0
[BAO] C1: 0
[BAO] C2: 0
[BAO] C3: 0
[BAO] C4: 0
[BAO] C5: 0
[DEBUG] done
[DEBUG] Configured counter.
[DEBUG] Started counter.
[DEBUG] get budget TIMEOUT: 
[DEBUG] (current_time_task_any - last_check_time_task_any) >= period_task_any
[DEBUG] (1095 - 1064) >= 30 | 31 >= 30
[DE[DEBUG] OVERFLOW SIGNAL
BUG] OVERFLOW SIGNAL
0
[DEBUG] suspending task 1
[DEBUG] Stoped counter.
[DEBUG] calling HC_regulator_get_new_budget
[BAO] regulator_budget_depleted	 formula 2
[BAO] VM: BEFORE
[BAO]   depleated_op_type               = 4294967295
[BAO]   defined_pmu_read_val            = 368244
[BAO]   defined_pmu_write_val           = 107254
[BAO]   current_used_read_budget        = 433369
[BAO]   current_used_write_budget       = 125102
[BAO]   new_read_budget                 = 368244
[BAO]   new_write_budget                = 107254
[BAO]   total_used_read_budget          = 36569861
[BAO]   total_used_write_budget         = 10737424
[BAO]   total_calculated_new_read_budget = 0
[BAO]   total_calculated_new_write_budget= 0
[BAO] Counters: BEFORE
[BAO] C0: 248588
[BAO] C1: 73135
[BAO] C2: 0
[BAO] C3: 0
[BAO] C4: 0
[BAO] C5: 0
[BAO] LR: BEFORE
[BAO]   current_read_array_size  = 2
[BAO]     t_vector[u]    = 0
[BAO]     read_usage[u]  = 0
[BAO]     t_vector[u]    = 1
[BAO]     read_usage[u]  = 1
[BAO]   current_write_array_size = 0
[BAO]   total_read_exec          = 0
[BAO]   total_write_exec         = 0
[BAO] LR: AFTER
[BAO]   current_read_array_size  = 3
[BAO]     t_vector[u]    = 0
[BAO]     read_usage[u]  = 0
[BAO]     t_vector[u]    = 1
[BAO]     read_usage[u]  = 1
[BAO]     t_vector[u]    = 2
[BAO]     read_usage[u]  = 2
[BAO]   current_write_array_size = 0
[BAO]   total_read_exec          = 0
[BAO]   total_write_exec         = 0
[BAO] VM: AFTER
[BAO]   depleated_op_type               = 4294967295
[BAO]   defined_pmu_read_val            = 368244
[BAO]   defined_pmu_write_val           = 107254
[BAO]   current_used_read_budget        = 248588
[BAO]   current_used_write_budget       = 125102
[BAO]   new_read_budget                 = 368244
[BAO]   new_write_budget                = 107254
[BAO]   total_used_read_budget          = 36569861
[BAO]   total_used_write_budget         = 10737424
[BAO]   total_calculated_new_read_budget = 0
[BAO]   total_calculated_new_write_budget= 0
[BAO] Counters: AFTER
[BAO] C0: 0
[BAO] C1: 0
[BAO] C2: 0
[BAO] C3: 0
[BAO] C4: 0
[BAO] C5: 0
[DEBUG] done
[DEBUG] Configured counter.
[DEBUG] Started counter.
[DEBUG] get budget TIMEOUT: 
[DEBUG] (current_time_task_any - last_check_time_task_any) >= period_task_any
[DEBUG] (1126 - 1095) >= 30 | 31 >= 30
[D[DEBUG] OVERFLOW SIGNAL
EBUG] OVERFLOW SIGNAL
0
[DEBUG] suspending task 1
[DEBUG] Stoped counter.
[DEBUG] calling HC_regulator_get_new_budget
[BAO] regulator_budget_depleted	 formula 2
[BAO] VM: BEFORE
[BAO]   depleated_op_type               = 4294967295
[BAO]   defined_pmu_read_val            = 368244
[BAO]   defined_pmu_write_val           = 107254
[BAO]   current_used_read_budget        = 248588
[BAO]   current_used_write_budget       = 125102
[BAO]   new_read_budget                 = 368244
[BAO]   new_write_budget                = 107254
[BAO]   total_used_read_budget          = 36569861
[BAO]   total_used_write_budget         = 10737424
[BAO]   total_calculated_new_read_budget = 0
[BAO]   total_calculated_new_write_budget= 0
[BAO] Counters: BEFORE
[BAO] C0: 250250
[BAO] C1: 73634
[BAO] C2: 0
[BAO] C3: 0
[BAO] C4: 0
[BAO] C5: 0
[BAO] LR: BEFORE
[BAO]   current_read_array_size  = 3
[BAO]     t_vector[u]    = 0
[BAO]     read_usage[u]  = 0
[BAO]     t_vector[u]    = 1
[BAO]     read_usage[u]  = 1
[BAO]     t_vector[u]    = 2
[BAO]     read_usage[u]  = 2
[BAO]   current_write_array_size = 0
[BAO]   total_read_exec          = 0
[BAO]   total_write_exec         = 0
[BAO] LR: AFTER
[BAO]   current_read_array_size  = 4
[BAO]     t_vector[u]    = 0
[BAO]     read_usage[u]  = 0
[BAO]     t_vector[u]    = 1
[BAO]     read_usage[u]  = 1
[BAO]     t_vector[u]    = 2
[BAO]     read_usage[u]  = 2
[BAO]     t_vector[u]    = 3
[BAO]     read_usage[u]  = 3
[BAO]   current_write_array_size = 0
[BAO]   total_read_exec          = 0
[BAO]   total_write_exec         = 0
[BAO] VM: AFTER
[BAO]   depleated_op_type               = 4294967295
[BAO]   defined_pmu_read_val            = 368244
[BAO]   defined_pmu_write_val           = 107254
[BAO]   current_used_read_budget        = 250250
[BAO]   current_used_write_budget       = 125102
[BAO]   new_read_budget                 = 368244
[BAO]   new_write_budget                = 107254
[BAO]   total_used_read_budget          = 36569861
[BAO]   total_used_write_budget         = 10737424
[BAO]   total_calculated_new_read_budget = 0
[BAO]   total_calculated_new_write_budget= 0
[BAO] Counters: AFTER
[BAO] C0: 0
[BAO] C1: 0
[BAO] C2: 0
[BAO] C3: 0
[BAO] C4: 0
[BAO] C5: 0
[DEBUG] done
[DEBUG] Configured counter.
[DEBUG] Started counter.
[DEBUG] get budget TIMEOUT: 
[DEBUG] (current_time_task_any - last_check_time_task_any) >= period_task_any
[DEBUG] (1157 - 1126) >= 30 | 31 >[DEBUG] OVERFLOW SIGNAL
= 30
[DEBUG] suspending task 0
[DEBUG] suspending task 1
[DEBUG] Stoped counter.
[DEBUG] calling HC_regulator_get_new_budget
[BAO] regulator_budget_depleted	 formula 2
[BAO] VM: BEFORE
[BAO]   depleated_op_type               = 4294967295
[BAO]   defined_pmu_read_val            = 368244
[BAO]   defined_pmu_write_val           = 107254
[BAO]   current_used_read_budget        = 250250
[BAO]   current_used_write_budget       = 125102
[BAO]   new_read_budget                 = 368244
[BAO]   new_write_budget                = 107254
[BAO]   total_used_read_budget          = 36569861
[BAO]   total_used_write_budget         = 10737424
[BAO]   total_calculated_new_read_budget = 0
[BAO]   total_calculated_new_write_budget= 0
[BAO] Counters: BEFORE
[BAO] C0: 441914
[BAO] C1: 128272
[BAO] C2: 0
[BAO] C3: 0
[BAO] C4: 0
[BAO] C5: 0
[BAO] LR: BEFORE
[BAO]   current_read_array_size  = 4
[BAO]     t_vector[u]    = 0
[BAO]     read_usage[u]  = 0
[BAO]     t_vector[u]    = 1
[BAO]     read_usage[u]  = 1
[BAO]     t_vector[u]    = 2
[BAO]     read_usage[u]  = 2
[BAO]     t_vector[u]    = 3
[BAO]     read_usage[u]  = 3
[BAO]   current_write_array_size = 0
[BAO]   total_read_exec          = 0
[BAO]   total_write_exec         = 0
[BAO] LR: AFTER
[BAO]   current_read_array_size  = 5
[BAO]     t_vector[u]    = 0
[BAO]     read_usage[u]  = 0
[BAO]     t_vector[u]    = 1
[BAO]     read_usage[u]  = 1
[BAO]     t_vector[u]    = 2
[BAO]     read_usage[u]  = 2
[BAO]     t_vector[u]    = 3
[BAO]     read_usage[u]  = 3
[BAO]     t_vector[u]    = 4
[BAO]     read_usage[u]  = 4
[BAO]   current_write_array_size = 0
[BAO]   total_read_exec          = 0
[BAO]   total_write_exec         = 0
[BAO] VM: AFTER
[BAO]   depleated_op_type               = 4294967295
[BAO]   defined_pmu_read_val            = 368244
[BAO]   defined_pmu_write_val           = 107254
[BAO]   current_used_read_budget        = 441914
[BAO]   current_used_write_budget       = 125102
[BAO]   new_read_budget                 = 368244
[BAO]   new_write_budget                = 107254
[BAO]   total_used_read_budget          = 36569861
[BAO]   total_used_write_budget         = 10737424
[BAO]   total_calculated_new_read_budget = 0
[BAO]   total_calculated_new_write_budget= 0
[BAO] Counters: AFTER
[BAO] C0: 0
[BAO] C1: 0
[BAO] C2: 0
[BAO] C3: 0
[BAO] C4: 0
[BAO] C5: 0
[DEBUG] done
[DEBUG] Configured counter.
[DEBUG] Started counter.
[DEBUG] get budget TIMEOUT: 
[DEBUG] (current_time_task_any - last_check_time_task_any) >= period_task_any
[DEBUG] (1188 - 1157) >= 30 | 31 >= 30
[DEBUG] susp[DEBUG] OVERFLOW SIGNAL
eLOW SIGNAL
0
[DEBUG] suspending task 1
[DEBUG] Stoped counter.
[DEBUG] calling HC_regulator_get_new_budget
[BAO] regulator_budget_depleted	 formula 2
[BAO] VM: BEFORE
[BAO]   depleated_op_type               = 4294967295
[BAO]   defined_pmu_read_val            = 368244
[BAO]   defined_pmu_write_val           = 107254
[BAO]   current_used_read_budget        = 441914
[BAO]   current_used_write_budget       = 125102
[BAO]   new_read_budget                 = 368244
[BAO]   new_write_budget                = 107254
[BAO]   total_used_read_budget          = 36569861
[BAO]   total_used_write_budget         = 10737424
[BAO]   total_calculated_new_read_budget = 0
[BAO]   total_calculated_new_write_budget= 0
[BAO] Counters: BEFORE
[BAO] C0: 250391
[BAO] C1: 73559
[BAO] C2: 0
[BAO] C3: 0
[BAO] C4: 0
[BAO] C5: 0
[BAO] LR: BEFORE
[BAO]   current_read_array_size  = 5
[BAO]     t_vector[u]    = 0
[BAO]     read_usage[u]  = 0
[BAO]     t_vector[u]    = 1
[BAO]     read_usage[u]  = 1
[BAO]     t_vector[u]    = 2
[BAO]     read_usage[u]  = 2
[BAO]     t_vector[u]    = 3
[BAO]     read_usage[u]  = 3
[BAO]     t_vector[u]    = 4
[BAO]     read_usage[u]  = 4
[BAO]   current_write_array_size = 0
[BAO]   total_read_exec          = 0
[BAO]   total_write_exec         = 0
[BAO] LR: AFTER
[BAO]   current_read_array_size  = 6
[BAO]     t_vector[u]    = 0
[BAO]     read_usage[u]  = 0
[BAO]     t_vector[u]    = 1
[BAO]     read_usage[u]  = 1
[BAO]     t_vector[u]    = 2
[BAO]     read_usage[u]  = 2
[BAO]     t_vector[u]    = 3
[BAO]     read_usage[u]  = 3
[BAO]     t_vector[u]    = 4
[BAO]     read_usage[u]  = 4
[BAO]     t_vector[u]    = 5
[BAO]     read_usage[u]  = 5
[BAO]   current_write_array_size = 0
[BAO]   total_read_exec          = 0
[BAO]   total_write_exec         = 0
[BAO] VM: AFTER
[BAO]   depleated_op_type               = 4294967295
[BAO]   defined_pmu_read_val            = 368244
[BAO]   defined_pmu_write_val           = 107254
[BAO]   current_used_read_budget        = 250391
[BAO]   current_used_write_budget       = 125102
[BAO]   new_read_budget                 = 368244
[BAO]   new_write_budget                = 107254
[BAO]   total_used_read_budget          = 36569861
[BAO]   total_used_write_budget         = 10737424
[BAO]   total_calculated_new_read_budget = 0
[BAO]   total_calculated_new_write_budget= 0
[BAO] Counters: AFTER
[BAO] C0: 0
[BAO] C1: 0
[BAO] C2: 0
[BAO] C3: 0
[BAO] C4: 0
[BAO] C5: 0
[DEBUG] done
[DEBUG] Configured counter.
[DEBUG] Started counter.
[DEBUG] get budget TIMEOUT: 
[DEBUG] (current_time_task_any - last_check_time_task_any) >= period_task_any
[DEBUG] (1219 - 1188) >= 30 | 31 >= 30
[DEBUG] sus[DEBUG] OVERFLOW SIGNAL
pFLOW SIGNAL
0
[DEBUG] suspending task 1
[DEBUG] Stoped counter.
[DEBUG] calling HC_regulator_get_new_budget
[BAO] regulator_budget_depleted	 formula 2
[BAO] VM: BEFORE
[BAO]   depleated_op_type               = 4294967295
[BAO]   defined_pmu_read_val            = 368244
[BAO]   defined_pmu_write_val           = 107254
[BAO]   current_used_read_budget        = 250391
[BAO]   current_used_write_budget       = 125102
[BAO]   new_read_budget                 = 368244
[BAO]   new_write_budget                = 107254
[BAO]   total_used_read_budget          = 36569861
[BAO]   total_used_write_budget         = 10737424
[BAO]   total_calculated_new_read_budget = 0
[BAO]   total_calculated_new_write_budget= 0
[BAO] Counters: BEFORE
[BAO] C0: 281541
[BAO] C1: 82705
[BAO] C2: 0
[BAO] C3: 0
[BAO] C4: 0
[BAO] C5: 0
[BAO] LR: BEFORE
[BAO]   current_read_array_size  = 6
[BAO]     t_vector[u]    = 0
[BAO]     read_usage[u]  = 0
[BAO]     t_vector[u]    = 1
[BAO]     read_usage[u]  = 1
[BAO]     t_vector[u]    = 2
[BAO]     read_usage[u]  = 2
[BAO]     t_vector[u]    = 3
[BAO]     read_usage[u]  = 3
[BAO]     t_vector[u]    = 4
[BAO]     read_usage[u]  = 4
[BAO]     t_vector[u]    = 5
[BAO]     read_usage[u]  = 5
[BAO]   current_write_array_size = 0
[BAO]   total_read_exec          = 0
[BAO]   total_write_exec         = 0
[BAO] LR: AFTER
[BAO]   current_read_array_size  = 7
[BAO]     t_vector[u]    = 0
[BAO]     read_usage[u]  = 0
[BAO]     t_vector[u]    = 1
[BAO]     read_usage[u]  = 1
[BAO]     t_vector[u]    = 2
[BAO]     read_usage[u]  = 2
[BAO]     t_vector[u]    = 3
[BAO]     read_usage[u]  = 3
[BAO]     t_vector[u]    = 4
[BAO]     read_usage[u]  = 4
[BAO]     t_vector[u]    = 5
[BAO]     read_usage[u]  = 5
[BAO]     t_vector[u]    = 6
[BAO]     read_usage[u]  = 6
[BAO]   current_write_array_size = 0
[BAO]   total_read_exec          = 0
[BAO]   total_write_exec         = 0
[BAO] VM: AFTER
[BAO]   depleated_op_type               = 4294967295
[BAO]   defined_pmu_read_val            = 368244
[BAO]   defined_pmu_write_val           = 107254
[BAO]   current_used_read_budget        = 281541
[BAO]   current_used_write_budget       = 125102
[BAO]   new_read_budget                 = 368244
[BAO]   new_write_budget                = 107254
[BAO]   total_used_read_budget          = 36569861
[BAO]   total_used_write_budget         = 10737424
[BAO]   total_calculated_new_read_budget = 0
[BAO]   total_calculated_new_write_budget= 0
[BAO] Counters: AFTER
[BAO] C0: 0
[BAO] C1: 0
[BAO] C2: 0
[BAO] C3: 0
[BAO] C4: 0
[BAO] C5: 0
[DEBUG] done
[DEBUG] Configured counter.
[DEBUG] Started counter.
[DEBUG] get budget TIMEOUT: 
[DEBUG] (current_time_task_any - last_check_time_task_any) >= period_task_any
[DEBUG] (1250 [DEBUG] OVERFLOW SIGNAL
-W SIGNAL
 30 | 31 >= 30
[DEBUG] suspending task 0
[DEBUG] suspending task 1
[DEBUG] Stoped counter.
[DEBUG] calling HC_regulator_get_new_budget
[BAO] regulator_budget_depleted	 formula 2
[BAO] VM: BEFORE
[BAO]   depleated_op_type               = 4294967295
[BAO]   defined_pmu_read_val            = 368244
[BAO]   defined_pmu_write_val           = 107254
[BAO]   current_used_read_budget        = 281541
[BAO]   current_used_write_budget       = 125102
[BAO]   new_read_budget                 = 368244
[BAO]   new_write_budget                = 107254
[BAO]   total_used_read_budget          = 36569861
[BAO]   total_used_write_budget         = 10737424
[BAO]   total_calculated_new_read_budget = 0
[BAO]   total_calculated_new_write_budget= 0
[BAO] Counters: BEFORE
[BAO] C0: 407415
[BAO] C1: 118561
[BAO] C2: 0
[BAO] C3: 0
[BAO] C4: 0
[BAO] C5: 0
[BAO] LR: BEFORE
[BAO]   current_read_array_size  = 7
[BAO]     t_vector[u]    = 0
[BAO]     read_usage[u]  = 0
[BAO]     t_vector[u]    = 1
[BAO]     read_usage[u]  = 1
[BAO]     t_vector[u]    = 2
[BAO]     read_usage[u]  = 2
[BAO]     t_vector[u]    = 3
[BAO]     read_usage[u]  = 3
[BAO]     t_vector[u]    = 4
[BAO]     read_usage[u]  = 4
[BAO]     t_vector[u]    = 5
[BAO]     read_usage[u]  = 5
[BAO]     t_vector[u]    = 6
[BAO]     read_usage[u]  = 6
[BAO]   current_write_array_size = 0
[BAO]   total_read_exec          = 0
[BAO]   total_write_exec         = 0
[BAO] LR: AFTER
[BAO]   current_read_array_size  = 8
[BAO]     t_vector[u]    = 0
[BAO]     read_usage[u]  = 0
[BAO]     t_vector[u]    = 1
[BAO]     read_usage[u]  = 1
[BAO]     t_vector[u]    = 2
[BAO]     read_usage[u]  = 2
[BAO]     t_vector[u]    = 3
[BAO]     read_usage[u]  = 3
[BAO]     t_vector[u]    = 4
[BAO]     read_usage[u]  = 4
[BAO]     t_vector[u]    = 5
[BAO]     read_usage[u]  = 5
[BAO]     t_vector[u]    = 6
[BAO]     read_usage[u]  = 6
[BAO]     t_vector[u]    = 7
[BAO]     read_usage[u]  = 7
[BAO]   current_write_array_size = 0
[BAO]   total_read_exec          = 0
[BAO]   total_write_exec         = 0
[BAO] VM: AFTER
[BAO]   depleated_op_type               = 4294967295
[BAO]   defined_pmu_read_val            = 368244
[BAO]   defined_pmu_write_val           = 107254
[BAO]   current_used_read_budget        = 407415
[BAO]   current_used_write_budget       = 125102
[BAO]   new_read_budget                 = 368244
[BAO]   new_write_budget                = 107254
[BAO]   total_used_read_budget          = 36569861
[BAO]   total_used_write_budget         = 10737424
[BAO]   total_calculated_new_read_budget = 0
[BAO]   total_calculated_new_write_budget= 0
[BAO] Counters: AFTER
[BAO] C0: 0
[BAO] C1: 0
[BAO] C2: 0
[BAO] C3: 0
[BAO] C4: 0
[BAO] C5: 0
[DEBUG] done
[DEBUG] Configured counter.
[DEBUG] Started counter.
[DEBUG] get budget TIMEOUT: 
[DEBUG] (current_time_task_any - last_check_time_task_any) >= period_task_any
[DEBUG] (1281 - 1250) >= 30 | 31 >= 30
[[DEBUG] OVERFLOW SIGNAL
DEBUG] OVERFLOW SIGNAL
0
[DEBUG] suspending task 1
[DEBUG] Stoped counter.
[DEBUG] calling HC_regulator_get_new_budget
[BAO] regulator_budget_depleted	 formula 2
[BAO] VM: BEFORE
[BAO]   depleated_op_type               = 4294967295
[BAO]   defined_pmu_read_val            = 368244
[BAO]   defined_pmu_write_val           = 107254
[BAO]   current_used_read_budget        = 407415
[BAO]   current_used_write_budget       = 125102
[BAO]   new_read_budget                 = 368244
[BAO]   new_write_budget                = 107254
[BAO]   total_used_read_budget          = 36569861
[BAO]   total_used_write_budget         = 10737424
[BAO]   total_calculated_new_read_budget = 0
[BAO]   total_calculated_new_write_budget= 0
[BAO] Counters: BEFORE
[BAO] C0: 409549
[BAO] C1: 119173
[BAO] C2: 0
[BAO] C3: 0
[BAO] C4: 0
[BAO] C5: 0
[BAO] LR: BEFORE
[BAO]   current_read_array_size  = 8
[BAO]     t_vector[u]    = 0
[BAO]     read_usage[u]  = 0
[BAO]     t_vector[u]    = 1
[BAO]     read_usage[u]  = 1
[BAO]     t_vector[u]    = 2
[BAO]     read_usage[u]  = 2
[BAO]     t_vector[u]    = 3
[BAO]     read_usage[u]  = 3
[BAO]     t_vector[u]    = 4
[BAO]     read_usage[u]  = 4
[BAO]     t_vector[u]    = 5
[BAO]     read_usage[u]  = 5
[BAO]     t_vector[u]    = 6
[BAO]     read_usage[u]  = 6
[BAO]     t_vector[u]    = 7
[BAO]     read_usage[u]  = 7
[BAO]   current_write_array_size = 0
[BAO]   total_read_exec          = 0
[BAO]   total_write_exec         = 0
[BAO] LR: AFTER
[BAO]   current_read_array_size  = 9
[BAO]     t_vector[u]    = 0
[BAO]     read_usage[u]  = 0
[BAO]     t_vector[u]    = 1
[BAO]     read_usage[u]  = 1
[BAO]     t_vector[u]    = 2
[BAO]     read_usage[u]  = 2
[BAO]     t_vector[u]    = 3
[BAO]     read_usage[u]  = 3
[BAO]     t_vector[u]    = 4
[BAO]     read_usage[u]  = 4
[BAO]     t_vector[u]    = 5
[BAO]     read_usage[u]  = 5
[BAO]     t_vector[u]    = 6
[BAO]     read_usage[u]  = 6
[BAO]     t_vector[u]    = 7
[BAO]     read_usage[u]  = 7
[BAO]     t_vector[u]    = 8
[BAO]     read_usage[u]  = 8
[BAO]   current_write_array_size = 0
[BAO]   total_read_exec          = 0
[BAO]   total_write_exec         = 0
[BAO] VM: AFTER
[BAO]   depleated_op_type               = 4294967295
[BAO]   defined_pmu_read_val            = 368244
[BAO]   defined_pmu_write_val           = 107254
[BAO]   current_used_read_budget        = 409549
[BAO]   current_used_write_budget       = 125102
[BAO]   new_read_budget                 = 368244
[BAO]   new_write_budget                = 107254
[BAO]   total_used_read_budget          = 36569861
[BAO]   total_used_write_budget         = 10737424
[BAO]   total_calculated_new_read_budget = 0
[BAO]   total_calculated_new_write_budget= 0
[BAO] Counters: AFTER
[BAO] C0: 0
[BAO] C1: 0
[BAO] C2: 0
[BAO] C3: 0
[BAO] C4: 0
[BAO] C5: 0
[DEBUG] done
[DEBUG] Configured counter.
[DEBUG] Started counter.
[DEBUG] get budget TIMEOUT: 
[DEBUG] (current_time_task_any - last_check_time_task_any) >= period_task_any
[DEBUG] (1312 - 1281) >= 30 | 31 >= 3[DEBUG] OVERFLOW SIGNAL
0
[DEBUG] suspending task 0
[DEBUG] suspending task 1
[DEBUG] Stoped counter.
[DEBUG] calling HC_regulator_get_new_budget
[BAO] regulator_budget_depleted	 formula 2
[BAO] VM: BEFORE
[BAO]   depleated_op_type               = 4294967295
[BAO]   defined_pmu_read_val            = 368244
[BAO]   defined_pmu_write_val           = 107254
[BAO]   current_used_read_budget        = 409549
[BAO]   current_used_write_budget       = 125102
[BAO]   new_read_budget                 = 368244
[BAO]   new_write_budget                = 107254
[BAO]   total_used_read_budget          = 36569861
[BAO]   total_used_write_budget         = 10737424
[BAO]   total_calculated_new_read_budget = 0
[BAO]   total_calculated_new_write_budget= 0
[BAO] Counters: BEFORE
[BAO] C0: 442707
[BAO] C1: 128525
[BAO] C2: 0
[BAO] C3: 0
[BAO] C4: 0
[BAO] C5: 0
[BAO] LR: BEFORE
[BAO]   current_read_array_size  = 9
[BAO]     t_vector[u]    = 0
[BAO]     read_usage[u]  = 0
[BAO]     t_vector[u]    = 1
[BAO]     read_usage[u]  = 1
[BAO]     t_vector[u]    = 2
[BAO]     read_usage[u]  = 2
[BAO]     t_vector[u]    = 3
[BAO]     read_usage[u]  = 3
[BAO]     t_vector[u]    = 4
[BAO]     read_usage[u]  = 4
[BAO]     t_vector[u]    = 5
[BAO]     read_usage[u]  = 5
[BAO]     t_vector[u]    = 6
[BAO]     read_usage[u]  = 6
[BAO]     t_vector[u]    = 7
[BAO]     read_usage[u]  = 7
[BAO]     t_vector[u]    = 8
[BAO]     read_usage[u]  = 8
[BAO]   current_write_array_size = 0
[BAO]   total_read_exec          = 0
[BAO]   total_write_exec         = 0
[BAO] LR: AFTER
[BAO]   current_read_array_size  = 9
[BAO]     t_vector[u]    = 0
[BAO]     read_usage[u]  = 0
[BAO]     t_vector[u]    = 1
[BAO]     read_usage[u]  = 1
[BAO]     t_vector[u]    = 2
[BAO]     read_usage[u]  = 2
[BAO]     t_vector[u]    = 3
[BAO]     read_usage[u]  = 3
[BAO]     t_vector[u]    = 4
[BAO]     read_usage[u]  = 4
[BAO]     t_vector[u]    = 5
[BAO]     read_usage[u]  = 5
[BAO]     t_vector[u]    = 6
[BAO]     read_usage[u]  = 6
[BAO]     t_vector[u]    = 7
[BAO]     read_usage[u]  = 7
[BAO]     t_vector[u]    = 8
[BAO]     read_usage[u]  = 8
[BAO]   current_write_array_size = 0
[BAO]   total_read_exec          = 0
[BAO]   total_write_exec         = 0
[BAO] VM: AFTER
[BAO]   depleated_op_type               = 4294967295
[BAO]   defined_pmu_read_val            = 368244
[BAO]   defined_pmu_write_val           = 107254
[BAO]   current_used_read_budget        = 409549
[BAO]   current_used_write_budget       = 125102
[BAO]   new_read_budget                 = 368244
[BAO]   new_write_budget                = 107254
[BAO]   total_used_read_budget          = 36569861
[BAO]   total_used_write_budget         = 10737424
[BAO]   total_calculated_new_read_budget = 0
[BAO]   total_calculated_new_write_budget= 0
[BAO] Counters: AFTER
[BAO] C0: 0
[BAO] C1: 0
[BAO] C2: 0
[BAO] C3: 0
[BAO] C4: 0
[BAO] C5: 0
[DEBUG] done
[DEBUG] Configured counter.
[DEBUG] Started counter.
[DEBUG] get budget TIMEOUT: 
[DEBUG] (current_time_task_any - last_check_time_task_any) >= period_task_a[DEBUG] OVERFLOW SIGNAL
ny
[DEBUG] (1343 - 1312) >= 30 | 31 >= 30
[DEBUG] suspending task 0
[DEBUG] suspending task 1
[DEBUG] Stoped counter.
[DEBUG] calling HC_regulator_get_new_budget
[BAO] regulator_budget_depleted	 formula 2
[BAO] VM: BEFORE
[BAO]   depleated_op_type               = 4294967295
[BAO]   defined_pmu_read_val            = 368244
[BAO]   defined_pmu_write_val           = 107254
[BAO]   current_used_read_budget        = 409549
[BAO]   current_used_write_budget       = 125102
[BAO]   new_read_budget                 = 368244
[BAO]   new_write_budget                = 107254
[BAO]   total_used_read_budget          = 36569861
[BAO]   total_used_write_budget         = 10737424
[BAO]   total_calculated_new_read_budget = 0
[BAO]   total_calculated_new_write_budget= 0
[BAO] Counters: BEFORE
[BAO] C0: 414510
[BAO] C1: 120582
[BAO] C2: 0
[BAO] C3: 0
[BAO] C4: 0
[BAO] C5: 0
[BAO] LR: BEFORE
[BAO]   current_read_array_size  = 9
[BAO]     t_vector[u]    = 0
[BAO]     read_usage[u]  = 0
[BAO]     t_vector[u]    = 1
[BAO]     read_usage[u]  = 1
[BAO]     t_vector[u]    = 2
[BAO]     read_usage[u]  = 2
[BAO]     t_vector[u]    = 3
[BAO]     read_usage[u]  = 3
[BAO]     t_vector[u]    = 4
[BAO]     read_usage[u]  = 4
[BAO]     t_vector[u]    = 5
[BAO]     read_usage[u]  = 5
[BAO]     t_vector[u]    = 6
[BAO]     read_usage[u]  = 6
[BAO]     t_vector[u]    = 7
[BAO]     read_usage[u]  = 7
[BAO]     t_vector[u]    = 8
[BAO]     read_usage[u]  = 8
[BAO]   current_write_array_size = 0
[BAO]   total_read_exec          = 0
[BAO]   total_write_exec         = 0
[BAO] LR: AFTER
[BAO]   current_read_array_size  = 9
[BAO]     t_vector[u]    = 0
[BAO]     read_usage[u]  = 0
[BAO]     t_vector[u]    = 1
[BAO]     read_usage[u]  = 1
[BAO]     t_vector[u]    = 2
[BAO]     read_usage[u]  = 2
[BAO]     t_vector[u]    = 3
[BAO]     read_usage[u]  = 3
[BAO]     t_vector[u]    = 4
[BAO]     read_usage[u]  = 4
[BAO]     t_vector[u]    = 5
[BAO]     read_usage[u]  = 5
[BAO]     t_vector[u]    = 6
[BAO]     read_usage[u]  = 6
[BAO]     t_vector[u]    = 7
[BAO]     read_usage[u]  = 7
[BAO]     t_vector[u]    = 8
[BAO]     read_usage[u]  = 8
[BAO]   current_write_array_size = 0
[BAO]   total_read_exec          = 0
[BAO]   total_write_exec         = 0
[BAO] VM: AFTER
[BAO]   depleated_op_type               = 4294967295
[BAO]   defined_pmu_read_val            = 368244
[BAO]   defined_pmu_write_val           = 107254
[BAO]   current_used_read_budget        = 409549
[BAO]   current_used_write_budget       = 125102
[BAO]   new_read_budget                 = 368244
[BAO]   new_write_budget                = 107254
[BAO]   total_used_read_budget          = 36569861
[BAO]   total_used_write_budget         = 10737424
[BAO]   total_calculated_new_read_budget = 0
[BAO]   total_calculated_new_write_budget= 0
[BAO] Counters: AFTER
[BAO] C0: 0
[BAO] C1: 0
[BAO] C2: 0
[BAO] C3: 0
[BAO] C4: 0
[BAO] C5: 0
[DEBUG] done
[DEBUG] Configured counter.
[DEBUG] Started counter.
[DEBUG] get budget TIMEOUT: 
[DEBUG] (current_time_task_any - last_check_time_task_any) >= period_task_any
[DEBUG] (1374[DEBUG] OVERFLOW SIGNAL
 OW SIGNAL
 30 | 31 >= 30
[DEBUG] suspending task 0
[DEBUG] suspending task 1
[DEBUG] Stoped counter.
[DEBUG] calling HC_regulator_get_new_budget
[BAO] regulator_budget_depleted	 formula 2
[BAO] VM: BEFORE
[BAO]   depleated_op_type               = 4294967295
[BAO]   defined_pmu_read_val            = 368244
[BAO]   defined_pmu_write_val           = 107254
[BAO]   current_used_read_budget        = 409549
[BAO]   current_used_write_budget       = 125102
[BAO]   new_read_budget                 = 368244
[BAO]   new_write_budget                = 107254
[BAO]   total_used_read_budget          = 36569861
[BAO]   total_used_write_budget         = 10737424
[BAO]   total_calculated_new_read_budget = 0
[BAO]   total_calculated_new_write_budget= 0
[BAO] Counters: BEFORE
[BAO] C0: 324810
[BAO] C1: 95094
[BAO] C2: 0
[BAO] C3: 0
[BAO] C4: 0
[BAO] C5: 0
[BAO] LR: BEFORE
[BAO]   current_read_array_size  = 9
[BAO]     t_vector[u]    = 0
[BAO]     read_usage[u]  = 0
[BAO]     t_vector[u]    = 1
[BAO]     read_usage[u]  = 1
[BAO]     t_vector[u]    = 2
[BAO]     read_usage[u]  = 2
[BAO]     t_vector[u]    = 3
[BAO]     read_usage[u]  = 3
[BAO]     t_vector[u]    = 4
[BAO]     read_usage[u]  = 4
[BAO]     t_vector[u]    = 5
[BAO]     read_usage[u]  = 5
[BAO]     t_vector[u]    = 6
[BAO]     read_usage[u]  = 6
[BAO]     t_vector[u]    = 7
[BAO]     read_usage[u]  = 7
[BAO]     t_vector[u]    = 8
[BAO]     read_usage[u]  = 8
[BAO]   current_write_array_size = 0
[BAO]   total_read_exec          = 0
[BAO]   total_write_exec         = 0
[BAO] LR: AFTER
[BAO]   current_read_array_size  = 9
[BAO]     t_vector[u]    = 0
[BAO]     read_usage[u]  = 0
[BAO]     t_vector[u]    = 1
[BAO]     read_usage[u]  = 1
[BAO]     t_vector[u]    = 2
[BAO]     read_usage[u]  = 2
[BAO]     t_vector[u]    = 3
[BAO]     read_usage[u]  = 3
[BAO]     t_vector[u]    = 4
[BAO]     read_usage[u]  = 4
[BAO]     t_vector[u]    = 5
[BAO]     read_usage[u]  = 5
[BAO]     t_vector[u]    = 6
[BAO]     read_usage[u]  = 6
[BAO]     t_vector[u]    = 7
[BAO]     read_usage[u]  = 7
[BAO]     t_vector[u]    = 8
[BAO]     read_usage[u]  = 8
[BAO]   current_write_array_size = 0
[BAO]   total_read_exec          = 0
[BAO]   total_write_exec         = 0
[BAO] VM: AFTER
[BAO]   depleated_op_type               = 4294967295
[BAO]   defined_pmu_read_val            = 368244
[BAO]   defined_pmu_write_val           = 107254
[BAO]   current_used_read_budget        = 409549
[BAO]   current_used_write_budget       = 125102
[BAO]   new_read_budget                 = 368244
[BAO]   new_write_budget                = 107254
[BAO]   total_used_read_budget          = 36569861
[BAO]   total_used_write_budget         = 10737424
[BAO]   total_calculated_new_read_budget = 0
[BAO]   total_calculated_new_write_budget= 0
[BAO] Counters: AFTER
[BAO] C0: 0
[BAO] C1: 0
[BAO] C2: 0
[BAO] C3: 0
[BAO] C4: 0
[BAO] C5: 0
[DEBUG] done
[DEBUG] Configured counter.
[DEBUG] Started counter.
[DEBUG] get budget TIMEOUT: 
[DEBUG] (current_time_task_any - last_check_time_task_any) >= period_task_any
[DEBUG] (1405 - 1374) >= 30 | 31 >= 30
[DEBUG] s[DEBUG] OVERFLOW SIGNAL
uERFLOW SIGNAL
0
[DEBUG] suspending task 1
[DEBUG] Stoped counter.
[DEBUG] calling HC_regulator_get_new_budget
[BAO] regulator_budget_depleted	 formula 2
[BAO] VM: BEFORE
[BAO]   depleated_op_type               = 4294967295
[BAO]   defined_pmu_read_val            = 368244
[BAO]   defined_pmu_write_val           = 107254
[BAO]   current_used_read_budget        = 409549
[BAO]   current_used_write_budget       = 125102
[BAO]   new_read_budget                 = 368244
[BAO]   new_write_budget                = 107254
[BAO]   total_used_read_budget          = 36569861
[BAO]   total_used_write_budget         = 10737424
[BAO]   total_calculated_new_read_budget = 0
[BAO]   total_calculated_new_write_budget= 0
[BAO] Counters: BEFORE
[BAO] C0: 326768
[BAO] C1: 95365
[BAO] C2: 0
[BAO] C3: 0
[BAO] C4: 0
[BAO] C5: 0
[BAO] LR: BEFORE
[BAO]   current_read_array_size  = 9
[BAO]     t_vector[u]    = 0
[BAO]     read_usage[u]  = 0
[BAO]     t_vector[u]    = 1
[BAO]     read_usage[u]  = 1
[BAO]     t_vector[u]    = 2
[BAO]     read_usage[u]  = 2
[BAO]     t_vector[u]    = 3
[BAO]     read_usage[u]  = 3
[BAO]     t_vector[u]    = 4
[BAO]     read_usage[u]  = 4
[BAO]     t_vector[u]    = 5
[BAO]     read_usage[u]  = 5
[BAO]     t_vector[u]    = 6
[BAO]     read_usage[u]  = 6
[BAO]     t_vector[u]    = 7
[BAO]     read_usage[u]  = 7
[BAO]     t_vector[u]    = 8
[BAO]     read_usage[u]  = 8
[BAO]   current_write_array_size = 0
[BAO]   total_read_exec          = 0
[BAO]   total_write_exec         = 0
[BAO] LR: AFTER
[BAO]   current_read_array_size  = 9
[BAO]     t_vector[u]    = 0
[BAO]     read_usage[u]  = 0
[BAO]     t_vector[u]    = 1
[BAO]     read_usage[u]  = 1
[BAO]     t_vector[u]    = 2
[BAO]     read_usage[u]  = 2
[BAO]     t_vector[u]    = 3
[BAO]     read_usage[u]  = 3
[BAO]     t_vector[u]    = 4
[BAO]     read_usage[u]  = 4
[BAO]     t_vector[u]    = 5
[BAO]     read_usage[u]  = 5
[BAO]     t_vector[u]    = 6
[BAO]     read_usage[u]  = 6
[BAO]     t_vector[u]    = 7
[BAO]     read_usage[u]  = 7
[BAO]     t_vector[u]    = 8
[BAO]     read_usage[u]  = 8
[BAO]   current_write_array_size = 0
[BAO]   total_read_exec          = 0
[BAO]   total_write_exec         = 0
[BAO] VM: AFTER
[BAO]   depleated_op_type               = 4294967295
[BAO]   defined_pmu_read_val            = 368244
[BAO]   defined_pmu_write_val           = 107254
[BAO]   current_used_read_budget        = 409549
[BAO]   current_used_write_budget       = 125102
[BAO]   new_read_budget                 = 368244
[BAO]   new_write_budget                = 107254
[BAO]   total_used_read_budget          = 36569861
[BAO]   total_used_write_budget         = 10737424
[BAO]   total_calculated_new_read_budget = 0
[BAO]   total_calculated_new_write_budget= 0
[BAO] Counters: AFTER
[BAO] C0: 0
[BAO] C1: 0
[BAO] C2: 0
[BAO] C3: 0
[BAO] C4: 0
[BAO] C5: 0
[DEBUG] done
[DEBUG] Configured counter.
[DEBUG] Started counter.
[DEBUG] get budget TIMEOUT: 
[DEBUG] (current_time_task_any - last_check_time_task_any) >= period_task_any
[DEBUG] (1436 - 1405) >=[DEBUG] OVERFLOW SIGNAL
 30 | 31 >= 30
[DEBUG] suspending task 0
[DEBUG] suspending task 1
[DEBUG] Stoped counter.
[DEBUG] calling HC_regulator_get_new_budget
[BAO] regulator_budget_depleted	 formula 2
[BAO] VM: BEFORE
[BAO]   depleated_op_type               = 4294967295
[BAO]   defined_pmu_read_val            = 368244
[BAO]   defined_pmu_write_val           = 107254
[BAO]   current_used_read_budget        = 409549
[BAO]   current_used_write_budget       = 125102
[BAO]   new_read_budget                 = 368244
[BAO]   new_write_budget                = 107254
[BAO]   total_used_read_budget          = 36569861
[BAO]   total_used_write_budget         = 10737424
[BAO]   total_calculated_new_read_budget = 0
[BAO]   total_calculated_new_write_budget= 0
[BAO] Counters: BEFORE
[BAO] C0: 428508
[BAO] C1: 124434
[BAO] C2: 0
[BAO] C3: 0
[BAO] C4: 0
[BAO] C5: 0
[BAO] LR: BEFORE
[BAO]   current_read_array_size  = 9
[BAO]     t_vector[u]    = 0
[BAO]     read_usage[u]  = 0
[BAO]     t_vector[u]    = 1
[BAO]     read_usage[u]  = 1
[BAO]     t_vector[u]    = 2
[BAO]     read_usage[u]  = 2
[BAO]     t_vector[u]    = 3
[BAO]     read_usage[u]  = 3
[BAO]     t_vector[u]    = 4
[BAO]     read_usage[u]  = 4
[BAO]     t_vector[u]    = 5
[BAO]     read_usage[u]  = 5
[BAO]     t_vector[u]    = 6
[BAO]     read_usage[u]  = 6
[BAO]     t_vector[u]    = 7
[BAO]     read_usage[u]  = 7
[BAO]     t_vector[u]    = 8
[BAO]     read_usage[u]  = 8
[BAO]   current_write_array_size = 0
[BAO]   total_read_exec          = 0
[BAO]   total_write_exec         = 0
[BAO] LR: AFTER
[BAO]   current_read_array_size  = 9
[BAO]     t_vector[u]    = 0
[BAO]     read_usage[u]  = 0
[BAO]     t_vector[u]    = 1
[BAO]     read_usage[u]  = 1
[BAO]     t_vector[u]    = 2
[BAO]     read_usage[u]  = 2
[BAO]     t_vector[u]    = 3
[BAO]     read_usage[u]  = 3
[BAO]     t_vector[u]    = 4
[BAO]     read_usage[u]  = 4
[BAO]     t_vector[u]    = 5
[BAO]     read_usage[u]  = 5
[BAO]     t_vector[u]    = 6
[BAO]     read_usage[u]  = 6
[BAO]     t_vector[u]    = 7
[BAO]     read_usage[u]  = 7
[BAO]     t_vector[u]    = 8
[BAO]     read_usage[u]  = 8
[BAO]   current_write_array_size = 0
[BAO]   total_read_exec          = 0
[BAO]   total_write_exec         = 0
[BAO] VM: AFTER
[BAO]   depleated_op_type               = 4294967295
[BAO]   defined_pmu_read_val            = 368244
[BAO]   defined_pmu_write_val           = 107254
[BAO]   current_used_read_budget        = 409549
[BAO]   current_used_write_budget       = 125102
[BAO]   new_read_budget                 = 368244
[BAO]   new_write_budget                = 107254
[BAO]   total_used_read_budget          = 36569861
[BAO]   total_used_write_budget         = 10737424
[BAO]   total_calculated_new_read_budget = 0
[BAO]   total_calculated_new_write_budget= 0
[BAO] Counters: AFTER
[BAO] C0: 0
[BAO] C1: 0
[BAO] C2: 0
[BAO] C3: 0
[BAO] C4: 0
[BAO] C5: 0
[DEBUG] done
[DEBUG] Configured counter.
[DEBUG] Started counter.
[DEBUG] get budget TIMEOUT: 
[DEBUG] (current_time_task_any - last_check_time_task_any) >= [DEBUG] OVERFLOW SIGNAL
period_task_any
[DEBUG] (1467 - 1436) >= 30 | 31 >= 30
[DEBUG] suspending task 0
[DEBUG] suspending task 1
[DEBUG] Stoped counter.
[DEBUG] calling HC_regulator_get_new_budget
[BAO] regulator_budget_depleted	 formula 2
[BAO] VM: BEFORE
[BAO]   depleated_op_type               = 4294967295
[BAO]   defined_pmu_read_val            = 368244
[BAO]   defined_pmu_write_val           = 107254
[BAO]   current_used_read_budget        = 409549
[BAO]   current_used_write_budget       = 125102
[BAO]   new_read_budget                 = 368244
[BAO]   new_write_budget                = 107254
[BAO]   total_used_read_budget          = 36569861
[BAO]   total_used_write_budget         = 10737424
[BAO]   total_calculated_new_read_budget = 0
[BAO]   total_calculated_new_write_budget= 0
[BAO] Counters: BEFORE
[BAO] C0: 417783
[BAO] C1: 121474
[BAO] C2: 0
[BAO] C3: 0
[BAO] C4: 0
[BAO] C5: 0
[BAO] LR: BEFORE
[BAO]   current_read_array_size  = 9
[BAO]     t_vector[u]    = 0
[BAO]     read_usage[u]  = 0
[BAO]     t_vector[u]    = 1
[BAO]     read_usage[u]  = 1
[BAO]     t_vector[u]    = 2
[BAO]     read_usage[u]  = 2
[BAO]     t_vector[u]    = 3
[BAO]     read_usage[u]  = 3
[BAO]     t_vector[u]    = 4
[BAO]     read_usage[u]  = 4
[BAO]     t_vector[u]    = 5
[BAO]     read_usage[u]  = 5
[BAO]     t_vector[u]    = 6
[BAO]     read_usage[u]  = 6
[BAO]     t_vector[u]    = 7
[BAO]     read_usage[u]  = 7
[BAO]     t_vector[u]    = 8
[BAO]     read_usage[u]  = 8
[BAO]   current_write_array_size = 0
[BAO]   total_read_exec          = 0
[BAO]   total_write_exec         = 0
[BAO] LR: AFTER
[BAO]   current_read_array_size  = 9
[BAO]     t_vector[u]    = 0
[BAO]     read_usage[u]  = 0
[BAO]     t_vector[u]    = 1
[BAO]     read_usage[u]  = 1
[BAO]     t_vector[u]    = 2
[BAO]     read_usage[u]  = 2
[BAO]     t_vector[u]    = 3
[BAO]     read_usage[u]  = 3
[BAO]     t_vector[u]    = 4
[BAO]     read_usage[u]  = 4
[BAO]     t_vector[u]    = 5
[BAO]     read_usage[u]  = 5
[BAO]     t_vector[u]    = 6
[BAO]     read_usage[u]  = 6
[BAO]     t_vector[u]    = 7
[BAO]     read_usage[u]  = 7
[BAO]     t_vector[u]    = 8
[BAO]     read_usage[u]  = 8
[BAO]   current_write_array_size = 0
[BAO]   total_read_exec          = 0
[BAO]   total_write_exec         = 0
[BAO] VM: AFTER
[BAO]   depleated_op_type               = 4294967295
[BAO]   defined_pmu_read_val            = 368244
[BAO]   defined_pmu_write_val           = 107254
[BAO]   current_used_read_budget        = 409549
[BAO]   current_used_write_budget       = 125102
[BAO]   new_read_budget                 = 368244
[BAO]   new_write_budget                = 107254
[BAO]   total_used_read_budget          = 36569861
[BAO]   total_used_write_budget         = 10737424
[BAO]   total_calculated_new_read_budget = 0
[BAO]   total_calculated_new_write_budget= 0
[BAO] Counters: AFTER
[BAO] C0: 0
[BAO] C1: 0
[BAO] C2: 0
[BAO] C3: 0
[BAO] C4: 0
[BAO] C5: 0
[DEBUG] done
LR,5450517,1876530,5523660,1608810,270206,433369,248588,250250,441914,250391,281541,407415,409549,409549,409549,409549,409549,409549,409549,125102,125102,125102,125102,125102,125102,125102,125102,125102,125102,125102,125102,125102,125102,125102,368244,368244,368244,368244,368244,368244,368244,368244,368244,368244,368244,368244,368244,368244,368244,107254,107254,107254,107254,107254,107254,107254,107254,107254,107254,107254,107254,107254,107254,107254,
[DEBUG] TASK: OVER 0 | UNDER 0
[DEBUG] Configured counter.
[DEBUG] Started counter.
[DEBUG] get budget TIMEOUT: 
[DEBUG] (current_time_task_any - last_check_time_task_any) >= period_task_any
[DEBUG] (1540 - 1467) >= 30 |[DEBUG] OVERFLOW SIGNAL
 73 >= 30
[DEBUG] suspending task 0
[DEBUG] suspending task 1
[DEBUG] Stoped counter.
[DEBUG] calling HC_regulator_get_new_budget
[BAO] regulator_budget_depleted	 formula 3
[BAO] VM: BEFORE
[BAO]   depleated_op_type               = 4294967295
[BAO]   defined_pmu_read_val            = 368244
[BAO]   defined_pmu_write_val           = 107254
[BAO]   current_used_read_budget        = 409549
[BAO]   current_used_write_budget       = 125102
[BAO]   new_read_budget                 = 368244
[BAO]   new_write_budget                = 107254
[BAO]   total_used_read_budget          = 36569861
[BAO]   total_used_write_budget         = 10737424
[BAO]   total_calculated_new_read_budget = 0
[BAO]   total_calculated_new_write_budget= 0
[BAO] Counters: BEFORE
[BAO] C0: 436381
[BAO] C1: 126850
[BAO] C2: 0
[BAO] C3: 0
[BAO] C4: 0
[BAO] C5: 0
[BAO] AMBP: BEFORE
[BAO]   budget_read_limit                  = 100
[BAO]   budget_write_limit                 = 100
[BAO]   qnt_budget_read_limit_reached      = 0
[BAO]   qnt_budget_write_limit_reached     = 0
[BAO]   penalty_by_reaching_budget_read_limit  = 0
[BAO]   penalty_by_reaching_budget_write_limit = 0
[BAO]   alpha                              = 2
[BAO]   scaling_factor                     = 10
[BAO] AMBP: AFTER
[BAO]   budget_read_limit                  = 87356
[BAO]   budget_write_limit                 = 25450
[BAO]   qnt_budget_read_limit_reached      = 1
[BAO]   qnt_budget_write_limit_reached     = 1
[BAO]   penalty_by_reaching_budget_read_limit  = 0
[BAO]   penalty_by_reaching_budget_write_limit = 0
[BAO]   alpha                              = 2
[BAO]   scaling_factor                     = 10
[BAO] VM: AFTER
[BAO]   depleated_op_type               = 4294967295
[BAO]   defined_pmu_read_val            = 368244
[BAO]   defined_pmu_write_val           = 107254
[BAO]   current_used_read_budget        = 436381
[BAO]   current_used_write_budget       = 126850
[BAO]   new_read_budget                 = 87356
[BAO]   new_write_budget                = 25450
[BAO]   total_used_read_budget          = 37006242
[BAO]   total_used_write_budget         = 10864274
[BAO]   total_calculated_new_read_budget = 0
[BAO]   total_calculated_new_write_budget= 0
[BAO] Counters: AFTER
[BAO] C0: 0
[BAO] C1: 0
[BAO] C2: 0
[BAO] C3: 0
[BAO] C4: 0
[BAO] C5: 0
[DEBUG] done
[DEBUG] Configured counter.
[DEBUG] Started counter.
[DEBUG] get budget T[DEBUG] OVERFLOW SIGNAL
IAL
UT: 
[DEBUG] (current_time_task_any - last_check_time_task_any) >= period_task_any
[DEBUG] (1572 - 1540) >= 30 | 32 >= 30
[DEBUG] suspending task 0
[DEBUG] suspending task 1
[DEBUG] Stoped counter.
[DEBUG] calling HC_regulator_get_new_budget
[BAO] regulator_budget_depleted	 formula 3
[BAO] VM: BEFORE
[BAO]   depleated_op_type               = 4294967295
[BAO]   defined_pmu_read_val            = 87356
[BAO]   defined_pmu_write_val           = 25450
[BAO]   current_used_read_budget        = 436381
[BAO]   current_used_write_budget       = 126850
[BAO]   new_read_budget                 = 87356
[BAO]   new_write_budget                = 25450
[BAO]   total_used_read_budget          = 37006242
[BAO]   total_used_write_budget         = 10864274
[BAO]   total_calculated_new_read_budget = 0
[BAO]   total_calculated_new_write_budget= 0
[BAO] Counters: BEFORE
[BAO] C0: 552019
[BAO] C1: 161374
[BAO] C2: 0
[BAO] C3: 0
[BAO] C4: 0
[BAO] C5: 0
[BAO] AMBP: BEFORE
[BAO]   budget_read_limit                  = 87356
[BAO]   budget_write_limit                 = 25450
[BAO]   qnt_budget_read_limit_reached      = 1
[BAO]   qnt_budget_write_limit_reached     = 1
[BAO]   penalty_by_reaching_budget_read_limit  = 0
[BAO]   penalty_by_reaching_budget_write_limit = 0
[BAO]   alpha                              = 2
[BAO]   scaling_factor                     = 10
[BAO] AMBP: AFTER
[BAO]   budget_read_limit                  = 180288
[BAO]   budget_write_limit                 = 52634
[BAO]   qnt_budget_read_limit_reached      = 2
[BAO]   qnt_budget_write_limit_reached     = 2
[BAO]   penalty_by_reaching_budget_read_limit  = 0
[BAO]   penalty_by_reaching_budget_write_limit = 0
[BAO]   alpha                              = 2
[BAO]   scaling_factor                     = 10
[BAO] VM: AFTER
[BAO]   depleated_op_type               = 4294967295
[BAO]   defined_pmu_read_val            = 87356
[BAO]   defined_pmu_write_val           = 25450
[BAO]   current_used_read_budget        = 552019
[BAO]   current_used_write_budget       = 161374
[BAO]   new_read_budget                 = 180288
[BAO]   new_write_budget                = 52634
[BAO]   total_used_read_budget          = 37558261
[BAO]   total_used_write_budget         = 11025648
[BAO]   total_calculated_new_read_budget = 0
[BAO]   total_calculated_new_write_budget= 0
[BAO] Counters: AFTER
[BAO] C0: 0
[BAO] C1: 0
[BAO] C2: 0
[BAO] C3: 0
[BAO] C4: 0
[BAO] C5: 0
[DEBUG] done
[DEBUG] Configured counter.
[DEBUG] Started counter.
[DEBUG] get budget TIMEOUT: 
[DEBUG] (current_time_task_any - last_check_t[DEBUG] OVERFLOW SIGNAL
ime_task_any) >= period_task_any
[DEBUG] (1603 - 1572) >= 30 | 31 >= 30
[DEBUG] suspending task 0
[DEBUG] suspending task 1
[DEBUG] Stoped counter.
[DEBUG] calling HC_regulator_get_new_budget
[BAO] regulator_budget_depleted	 formula 3
[BAO] VM: BEFORE
[BAO]   depleated_op_type               = 4294967295
[BAO]   defined_pmu_read_val            = 180288
[BAO]   defined_pmu_write_val           = 52634
[BAO]   current_used_read_budget        = 552019
[BAO]   current_used_write_budget       = 161374
[BAO]   new_read_budget                 = 180288
[BAO]   new_write_budget                = 52634
[BAO]   total_used_read_budget          = 37558261
[BAO]   total_used_write_budget         = 11025648
[BAO]   total_calculated_new_read_budget = 0
[BAO]   total_calculated_new_write_budget= 0
[BAO] Counters: BEFORE
[BAO] C0: 592317
[BAO] C1: 172359
[BAO] C2: 0
[BAO] C3: 0
[BAO] C4: 0
[BAO] C5: 0
[BAO] AMBP: BEFORE
[BAO]   budget_read_limit                  = 180288
[BAO]   budget_write_limit                 = 52634
[BAO]   qnt_budget_read_limit_reached      = 2
[BAO]   qnt_budget_write_limit_reached     = 2
[BAO]   penalty_by_reaching_budget_read_limit  = 0
[BAO]   penalty_by_reaching_budget_write_limit = 0
[BAO]   alpha                              = 2
[BAO]   scaling_factor                     = 10
[BAO] AMBP: AFTER
[BAO]   budget_read_limit                  = 262693
[BAO]   budget_write_limit                 = 76579
[BAO]   qnt_budget_read_limit_reached      = 3
[BAO]   qnt_budget_write_limit_reached     = 3
[BAO]   penalty_by_reaching_budget_read_limit  = 0
[BAO]   penalty_by_reaching_budget_write_limit = 0
[BAO]   alpha                              = 2
[BAO]   scaling_factor                     = 10
[BAO] VM: AFTER
[BAO]   depleated_op_type               = 4294967295
[BAO]   defined_pmu_read_val            = 180288
[BAO]   defined_pmu_write_val           = 52634
[BAO]   current_used_read_budget        = 592317
[BAO]   current_used_write_budget       = 172359
[BAO]   new_read_budget                 = 262693
[BAO]   new_write_budget                = 76579
[BAO]   total_used_read_budget          = 38150578
[BAO]   total_used_write_budget         = 11198007
[BAO]   total_calculated_new_read_budget = 0
[BAO]   total_calculated_new_write_budget= 0
[BAO] Counters: AFTER
[BAO] C0: 0
[BAO] C1: 0
[BAO] C2: 0
[BAO] C3: 0
[BAO] C4: 0
[BAO] C5: 0
[DEBUG] done
[DEBUG] Configured counter.
[DEBUG] Started counter.
[DEBUG] get budget TIMEOUT: 
[DEBUG] (current_time_task_any - last_check_time_task_any) >= period_task_any
[DEBUG] ([DEBUG] OVERFLOW SIGNAL
1ERFLOW SIGNAL
 30 | 31 >= 30
[DEBUG] suspending task 0
[DEBUG] suspending task 1
[DEBUG] Stoped counter.
[DEBUG] calling HC_regulator_get_new_budget
[BAO] regulator_budget_depleted	 formula 3
[BAO] VM: BEFORE
[BAO]   depleated_op_type               = 4294967295
[BAO]   defined_pmu_read_val            = 262693
[BAO]   defined_pmu_write_val           = 76579
[BAO]   current_used_read_budget        = 592317
[BAO]   current_used_write_budget       = 172359
[BAO]   new_read_budget                 = 262693
[BAO]   new_write_budget                = 76579
[BAO]   total_used_read_budget          = 38150578
[BAO]   total_used_write_budget         = 11198007
[BAO]   total_calculated_new_read_budget = 0
[BAO]   total_calculated_new_write_budget= 0
[BAO] Counters: BEFORE
[BAO] C0: 393770
[BAO] C1: 115298
[BAO] C2: 0
[BAO] C3: 0
[BAO] C4: 0
[BAO] C5: 0
[BAO] AMBP: BEFORE
[BAO]   budget_read_limit                  = 262693
[BAO]   budget_write_limit                 = 76579
[BAO]   qnt_budget_read_limit_reached      = 3
[BAO]   qnt_budget_write_limit_reached     = 3
[BAO]   penalty_by_reaching_budget_read_limit  = 0
[BAO]   penalty_by_reaching_budget_write_limit = 0
[BAO]   alpha                              = 2
[BAO]   scaling_factor                     = 10
[BAO] AMBP: AFTER
[BAO]   budget_read_limit                  = 288908
[BAO]   budget_write_limit                 = 84322
[BAO]   qnt_budget_read_limit_reached      = 4
[BAO]   qnt_budget_write_limit_reached     = 4
[BAO]   penalty_by_reaching_budget_read_limit  = 0
[BAO]   penalty_by_reaching_budget_write_limit = 0
[BAO]   alpha                              = 2
[BAO]   scaling_factor                     = 10
[BAO] VM: AFTER
[BAO]   depleated_op_type               = 4294967295
[BAO]   defined_pmu_read_val            = 262693
[BAO]   defined_pmu_write_val           = 76579
[BAO]   current_used_read_budget        = 393770
[BAO]   current_used_write_budget       = 115298
[BAO]   new_read_budget                 = 288908
[BAO]   new_write_budget                = 84322
[BAO]   total_used_read_budget          = 38544348
[BAO]   total_used_write_budget         = 11313305
[BAO]   total_calculated_new_read_budget = 0
[BAO]   total_calculated_new_write_budget= 0
[BAO] Counters: AFTER
[BAO] C0: 0
[BAO] C1: 0
[BAO] C2: 0
[BAO] C3: 0
[BAO] C4: 0
[BAO] C5: 0
[DEBUG] done
[DEBUG] Configured counter.
[DEBUG] Started counter.
[DEBUG] get budget TIMEOUT: 
[DEBUG] (current_time_task_any - last_check_[DEBUG] OVERFLOW SIGNAL
time_task_any) >= period_task_any
[DEBUG] (1665 - 1634) >= 30 | 31 >= 30
[DEBUG] suspending task 0
[DEBUG] suspending task 1
[DEBUG] Stoped counter.
[DEBUG] calling HC_regulator_get_new_budget
[BAO] regulator_budget_depleted	 formula 3
[BAO] VM: BEFORE
[BAO]   depleated_op_type               = 4294967295
[BAO]   defined_pmu_read_val            = 288908
[BAO]   defined_pmu_write_val           = 84322
[BAO]   current_used_read_budget        = 393770
[BAO]   current_used_write_budget       = 115298
[BAO]   new_read_budget                 = 288908
[BAO]   new_write_budget                = 84322
[BAO]   total_used_read_budget          = 38544348
[BAO]   total_used_write_budget         = 11313305
[BAO]   total_calculated_new_read_budget = 0
[BAO]   total_calculated_new_write_budget= 0
[BAO] Counters: BEFORE
[BAO] C0: 494765
[BAO] C1: 143884
[BAO] C2: 0
[BAO] C3: 0
[BAO] C4: 0
[BAO] C5: 0
[BAO] AMBP: BEFORE
[BAO]   budget_read_limit                  = 288908
[BAO]   budget_write_limit                 = 84322
[BAO]   qnt_budget_read_limit_reached      = 4
[BAO]   qnt_budget_write_limit_reached     = 4
[BAO]   penalty_by_reaching_budget_read_limit  = 0
[BAO]   penalty_by_reaching_budget_write_limit = 0
[BAO]   alpha                              = 2
[BAO]   scaling_factor                     = 10
[BAO] AMBP: AFTER
[BAO]   budget_read_limit                  = 330079
[BAO]   budget_write_limit                 = 96234
[BAO]   qnt_budget_read_limit_reached      = 5
[BAO]   qnt_budget_write_limit_reached     = 5
[BAO]   penalty_by_reaching_budget_read_limit  = 0
[BAO]   penalty_by_reaching_budget_write_limit = 0
[BAO]   alpha                              = 2
[BAO]   scaling_factor                     = 10
[BAO] VM: AFTER
[BAO]   depleated_op_type               = 4294967295
[BAO]   defined_pmu_read_val            = 288908
[BAO]   defined_pmu_write_val           = 84322
[BAO]   current_used_read_budget        = 494765
[BAO]   current_used_write_budget       = 143884
[BAO]   new_read_budget                 = 330079
[BAO]   new_write_budget                = 96234
[BAO]   total_used_read_budget          = 39039113
[BAO]   total_used_write_budget         = 11457189
[BAO]   total_calculated_new_read_budget = 0
[BAO]   total_calculated_new_write_budget= 0
[BAO] Counters: AFTER
[BAO] C0: 0
[BAO] C1: 0
[BAO] C2: 0
[BAO] C3: 0
[BAO] C4: 0
[BAO] C5: 0
[DEBUG] done
[DEBUG] Configured counter.
[DEBUG] Started counter.
[DEBUG] get budget TIMEOUT: 
[DEBUG] (current_time_task_any - last_check_time_task_any) >= period_task_any
[DEBUG] (1696 - 1665) >= [DEBUG] OVERFLOW SIGNAL
30 | 31 >= 30
[DEBUG] suspending task 0
[DEBUG] suspending task 1
[DEBUG] Stoped counter.
[DEBUG] calling HC_regulator_get_new_budget
[BAO] regulator_budget_depleted	 formula 3
[BAO] VM: BEFORE
[BAO]   depleated_op_type               = 4294967295
[BAO]   defined_pmu_read_val            = 330079
[BAO]   defined_pmu_write_val           = 96234
[BAO]   current_used_read_budget        = 494765
[BAO]   current_used_write_budget       = 143884
[BAO]   new_read_budget                 = 330079
[BAO]   new_write_budget                = 96234
[BAO]   total_used_read_budget          = 39039113
[BAO]   total_used_write_budget         = 11457189
[BAO]   total_calculated_new_read_budget = 0
[BAO]   total_calculated_new_write_budget= 0
[BAO] Counters: BEFORE
[BAO] C0: 461695
[BAO] C1: 133978
[BAO] C2: 0
[BAO] C3: 0
[BAO] C4: 0
[BAO] C5: 0
[BAO] AMBP: BEFORE
[BAO]   budget_read_limit                  = 330079
[BAO]   budget_write_limit                 = 96234
[BAO]   qnt_budget_read_limit_reached      = 5
[BAO]   qnt_budget_write_limit_reached     = 5
[BAO]   penalty_by_reaching_budget_read_limit  = 0
[BAO]   penalty_by_reaching_budget_write_limit = 0
[BAO]   alpha                              = 2
[BAO]   scaling_factor                     = 10
[BAO] AMBP: AFTER
[BAO]   budget_read_limit                  = 356402
[BAO]   budget_write_limit                 = 103782
[BAO]   qnt_budget_read_limit_reached      = 6
[BAO]   qnt_budget_write_limit_reached     = 6
[BAO]   penalty_by_reaching_budget_read_limit  = 0
[BAO]   penalty_by_reaching_budget_write_limit = 0
[BAO]   alpha                              = 2
[BAO]   scaling_factor                     = 10
[BAO] VM: AFTER
[BAO]   depleated_op_type               = 4294967295
[BAO]   defined_pmu_read_val            = 330079
[BAO]   defined_pmu_write_val           = 96234
[BAO]   current_used_read_budget        = 461695
[BAO]   current_used_write_budget       = 133978
[BAO]   new_read_budget                 = 356402
[BAO]   new_write_budget                = 103782
[BAO]   total_used_read_budget          = 39500808
[BAO]   total_used_write_budget         = 11591167
[BAO]   total_calculated_new_read_budget = 0
[BAO]   total_calculated_new_write_budget= 0
[BAO] Counters: AFTER
[BAO] C0: 0
[BAO] C1: 0
[BAO] C2: 0
[BAO] C3: 0
[BAO] C4: 0
[BAO] C5: 0
[DEBUG] done
[DEBUG] Configured counter.
[DEBUG] Started counter.
[DEBUG] get budget TIMEOUT: 
[DEBUG] (current_time_task_any - last_check_time_task_any) >= perio[DEBUG] OVERFLOW SIGNAL
d_task_any
[DEBUG] (1727 - 1696) >= 30 | 31 >= 30
[DEBUG] suspending task 0
[DEBUG] suspending task 1
[DEBUG] Stoped counter.
[DEBUG] calling HC_regulator_get_new_budget
[BAO] regulator_budget_depleted	 formula 3
[BAO] VM: BEFORE
[BAO]   depleated_op_type               = 4294967295
[BAO]   defined_pmu_read_val            = 356402
[BAO]   defined_pmu_write_val           = 103782
[BAO]   current_used_read_budget        = 461695
[BAO]   current_used_write_budget       = 133978
[BAO]   new_read_budget                 = 356402
[BAO]   new_write_budget                = 103782
[BAO]   total_used_read_budget          = 39500808
[BAO]   total_used_write_budget         = 11591167
[BAO]   total_calculated_new_read_budget = 0
[BAO]   total_calculated_new_write_budget= 0
[BAO] Counters: BEFORE
[BAO] C0: 356609
[BAO] C1: 104116
[BAO] C2: 0
[BAO] C3: 0
[BAO] C4: 0
[BAO] C5: 0
[BAO] AMBP: BEFORE
[BAO]   budget_read_limit                  = 356402
[BAO]   budget_write_limit                 = 103782
[BAO]   qnt_budget_read_limit_reached      = 6
[BAO]   qnt_budget_write_limit_reached     = 6
[BAO]   penalty_by_reaching_budget_read_limit  = 0
[BAO]   penalty_by_reaching_budget_write_limit = 0
[BAO]   alpha                              = 2
[BAO]   scaling_factor                     = 10
[BAO] AMBP: AFTER
[BAO]   budget_read_limit                  = 356443
[BAO]   budget_write_limit                 = 103848
[BAO]   qnt_budget_read_limit_reached      = 7
[BAO]   qnt_budget_write_limit_reached     = 7
[BAO]   penalty_by_reaching_budget_read_limit  = 0
[BAO]   penalty_by_reaching_budget_write_limit = 0
[BAO]   alpha                              = 2
[BAO]   scaling_factor                     = 10
[BAO] VM: AFTER
[BAO]   depleated_op_type               = 4294967295
[BAO]   defined_pmu_read_val            = 356402
[BAO]   defined_pmu_write_val           = 103782
[BAO]   current_used_read_budget        = 356609
[BAO]   current_used_write_budget       = 104116
[BAO]   new_read_budget                 = 356443
[BAO]   new_write_budget                = 103848
[BAO]   total_used_read_budget          = 39857417
[BAO]   total_used_write_budget         = 11695283
[BAO]   total_calculated_new_read_budget = 0
[BAO]   total_calculated_new_write_budget= 0
[BAO] Counters: AFTER
[BAO] C0: 0
[BAO] C1: 0
[BAO] C2: 0
[BAO] C3: 0
[BAO] C4: 0
[BAO] C5: 0
[DEBUG] done
[DEBUG] Configured counter.
[DEBUG] Started counter.
[DEBUG] get budget TIMEOUT: 
[DEBUG] (current_time_task_any - last_check_time_task_any) >= period_task_any
[DEBUG] (1758 - 17[DEBUG] OVERFLOW SIGNAL
2GNAL
 30 | 31 >= 30
[DEBUG] suspending task 0
[DEBUG] suspending task 1
[DEBUG] Stoped counter.
[DEBUG] calling HC_regulator_get_new_budget
[BAO] regulator_budget_depleted	 formula 3
[BAO] VM: BEFORE
[BAO]   depleated_op_type               = 4294967295
[BAO]   defined_pmu_read_val            = 356443
[BAO]   defined_pmu_write_val           = 103848
[BAO]   current_used_read_budget        = 356609
[BAO]   current_used_write_budget       = 104116
[BAO]   new_read_budget                 = 356443
[BAO]   new_write_budget                = 103848
[BAO]   total_used_read_budget          = 39857417
[BAO]   total_used_write_budget         = 11695283
[BAO]   total_calculated_new_read_budget = 0
[BAO]   total_calculated_new_write_budget= 0
[BAO] Counters: BEFORE
[BAO] C0: 431611
[BAO] C1: 125512
[BAO] C2: 0
[BAO] C3: 0
[BAO] C4: 0
[BAO] C5: 0
[BAO] AMBP: BEFORE
[BAO]   budget_read_limit                  = 356443
[BAO]   budget_write_limit                 = 103848
[BAO]   qnt_budget_read_limit_reached      = 7
[BAO]   qnt_budget_write_limit_reached     = 7
[BAO]   penalty_by_reaching_budget_read_limit  = 0
[BAO]   penalty_by_reaching_budget_write_limit = 0
[BAO]   alpha                              = 2
[BAO]   scaling_factor                     = 10
[BAO] AMBP: AFTER
[BAO]   budget_read_limit                  = 371476
[BAO]   budget_write_limit                 = 108180
[BAO]   qnt_budget_read_limit_reached      = 8
[BAO]   qnt_budget_write_limit_reached     = 8
[BAO]   penalty_by_reaching_budget_read_limit  = 0
[BAO]   penalty_by_reaching_budget_write_limit = 0
[BAO]   alpha                              = 2
[BAO]   scaling_factor                     = 10
[BAO] VM: AFTER
[BAO]   depleated_op_type               = 4294967295
[BAO]   defined_pmu_read_val            = 356443
[BAO]   defined_pmu_write_val           = 103848
[BAO]   current_used_read_budget        = 431611
[BAO]   current_used_write_budget       = 125512
[BAO]   new_read_budget                 = 371476
[BAO]   new_write_budget                = 108180
[BAO]   total_used_read_budget          = 40289028
[BAO]   total_used_write_budget         = 11820795
[BAO]   total_calculated_new_read_budget = 0
[BAO]   total_calculated_new_write_budget= 0
[BAO] Counters: AFTER
[BAO] C0: 0
[BAO] C1: 0
[BAO] C2: 0
[BAO] C3: 0
[BAO] C4: 0
[BAO] C5: 0
[DEBUG] done
[DEBUG] Configured counter.
[DEBUG] Started counter.
[DEBUG] get budget TIMEOUT: 
[DEBUG] (current_time_task_any - last_check_time_task_any) >= period_task_any
[DEBUG] (1789 - 1758) >= 30 | 31 >= 30
[DEBUG] suspend[DEBUG] OVERFLOW SIGNAL
i SIGNAL
0
[DEBUG] suspending task 1
[DEBUG] Stoped counter.
[DEBUG] calling HC_regulator_get_new_budget
[BAO] regulator_budget_depleted	 formula 3
[BAO] VM: BEFORE
[BAO]   depleated_op_type               = 4294967295
[BAO]   defined_pmu_read_val            = 371476
[BAO]   defined_pmu_write_val           = 108180
[BAO]   current_used_read_budget        = 431611
[BAO]   current_used_write_budget       = 125512
[BAO]   new_read_budget                 = 371476
[BAO]   new_write_budget                = 108180
[BAO]   total_used_read_budget          = 40289028
[BAO]   total_used_write_budget         = 11820795
[BAO]   total_calculated_new_read_budget = 0
[BAO]   total_calculated_new_write_budget= 0
[BAO] Counters: BEFORE
[BAO] C0: 238728
[BAO] C1: 70274
[BAO] C2: 0
[BAO] C3: 0
[BAO] C4: 0
[BAO] C5: 0
[BAO] AMBP: BEFORE
[BAO]   budget_read_limit                  = 371476
[BAO]   budget_write_limit                 = 108180
[BAO]   qnt_budget_read_limit_reached      = 8
[BAO]   qnt_budget_write_limit_reached     = 8
[BAO]   penalty_by_reaching_budget_read_limit  = 0
[BAO]   penalty_by_reaching_budget_write_limit = 0
[BAO]   alpha                              = 2
[BAO]   scaling_factor                     = 10
[BAO] AMBP: AFTER
[BAO]   budget_read_limit                  = 371476
[BAO]   budget_write_limit                 = 108180
[BAO]   qnt_budget_read_limit_reached      = 0
[BAO]   qnt_budget_write_limit_reached     = 0
[BAO]   penalty_by_reaching_budget_read_limit  = 0
[BAO]   penalty_by_reaching_budget_write_limit = 0
[BAO]   alpha                              = 2
[BAO]   scaling_factor                     = 10
[BAO] VM: AFTER
[BAO]   depleated_op_type               = 4294967295
[BAO]   defined_pmu_read_val            = 371476
[BAO]   defined_pmu_write_val           = 108180
[BAO]   current_used_read_budget        = 238728
[BAO]   current_used_write_budget       = 70274
[BAO]   new_read_budget                 = 371476
[BAO]   new_write_budget                = 10628470
[BAO]   total_used_read_budget          = 40527756
[BAO]   total_used_write_budget         = 11891069
[BAO]   total_calculated_new_read_budget = 0
[BAO]   total_calculated_new_write_budget= 0
[BAO] Counters: AFTER
[BAO] C0: 0
[BAO] C1: 0
[BAO] C2: 0
[BAO] C3: 0
[BAO] C4: 0
[BAO] C5: 0
[DEBUG] done
[DEBUG] Configured counter.
[DEBUG] Started counter.
[DEBUG] get budget TIMEOUT: 
[DEBUG] (current_time_task_any - last_check_time_task_any) >= period_[DEBUG] OVERFLOW SIGNAL
task_any
[DEBUG] (1820 - 1789) >= 30 | 31 >= 30
[DEBUG] suspending task 0
[DEBUG] suspending task 1
[DEBUG] Stoped counter.
[DEBUG] calling HC_regulator_get_new_budget
[BAO] regulator_budget_depleted	 formula 3
[BAO] VM: BEFORE
[BAO]   depleated_op_type               = 4294967295
[BAO]   defined_pmu_read_val            = 371476
[BAO]   defined_pmu_write_val           = 10628470
[BAO]   current_used_read_budget        = 238728
[BAO]   current_used_write_budget       = 70274
[BAO]   new_read_budget                 = 371476
[BAO]   new_write_budget                = 10628470
[BAO]   total_used_read_budget          = 40527756
[BAO]   total_used_write_budget         = 11891069
[BAO]   total_calculated_new_read_budget = 0
[BAO]   total_calculated_new_write_budget= 0
[BAO] Counters: BEFORE
[BAO] C0: 410288
[BAO] C1: 4284566231
[BAO] C2: 0
[BAO] C3: 0
[BAO] C4: 0
[BAO] C5: 0
[BAO] AMBP: BEFORE
[BAO]   budget_read_limit                  = 371476
[BAO]   budget_write_limit                 = 108180
[BAO]   qnt_budget_read_limit_reached      = 0
[BAO]   qnt_budget_write_limit_reached     = 0
[BAO]   penalty_by_reaching_budget_read_limit  = 0
[BAO]   penalty_by_reaching_budget_write_limit = 0
[BAO]   alpha                              = 2
[BAO]   scaling_factor                     = 10
[BAO] AMBP: AFTER
[BAO]   budget_read_limit                  = 379238
[BAO]   budget_write_limit                 = 108180
[BAO]   qnt_budget_read_limit_reached      = 1
[BAO]   qnt_budget_write_limit_reached     = 0
[BAO]   penalty_by_reaching_budget_read_limit  = 0
[BAO]   penalty_by_reaching_budget_write_limit = 0
[BAO]   alpha                              = 2
[BAO]   scaling_factor                     = 10
[BAO] VM: AFTER
[BAO]   depleated_op_type               = 4294967295
[BAO]   defined_pmu_read_val            = 371476
[BAO]   defined_pmu_write_val           = 10628470
[BAO]   current_used_read_budget        = 410288
[BAO]   current_used_write_budget       = 70274
[BAO]   new_read_budget                 = 379238
[BAO]   new_write_budget                = 10628470
[BAO]   total_used_read_budget          = 40938044
[BAO]   total_used_write_budget         = 11891069
[BAO]   total_calculated_new_read_budget = 0
[BAO]   total_calculated_new_write_budget= 0
[BAO] Counters: AFTER
[BAO] C0: 0
[BAO] C1: 0
[BAO] C2: 0
[BAO] C3: 0
[BAO] C4: 0
[BAO] C5: 0
[DEBUG] done
[DEBUG] Configured counter.
[DEBUG] Started counter.
[DEBUG] get budget TIMEOUT: 
[DEBUG] (current_time_task_any - last_check_time_task_any) >= period_task_any
[DEBUG] (1851 - 1820) >= 30 | 31 >= 30
[DEBU[DEBUG] OVERFLOW SIGNAL
G] OVERFLOW SIGNAL
0
[DEBUG] suspending task 1
[DEBUG] Stoped counter.
[DEBUG] calling HC_regulator_get_new_budget
[BAO] regulator_budget_depleted	 formula 3
[BAO] VM: BEFORE
[BAO]   depleated_op_type               = 4294967295
[BAO]   defined_pmu_read_val            = 379238
[BAO]   defined_pmu_write_val           = 10628470
[BAO]   current_used_read_budget        = 410288
[BAO]   current_used_write_budget       = 70274
[BAO]   new_read_budget                 = 379238
[BAO]   new_write_budget                = 10628470
[BAO]   total_used_read_budget          = 40938044
[BAO]   total_used_write_budget         = 11891069
[BAO]   total_calculated_new_read_budget = 0
[BAO]   total_calculated_new_write_budget= 0
[BAO] Counters: BEFORE
[BAO] C0: 423658
[BAO] C1: 4284572416
[BAO] C2: 0
[BAO] C3: 0
[BAO] C4: 0
[BAO] C5: 0
[BAO] AMBP: BEFORE
[BAO]   budget_read_limit                  = 379238
[BAO]   budget_write_limit                 = 108180
[BAO]   qnt_budget_read_limit_reached      = 1
[BAO]   qnt_budget_write_limit_reached     = 0
[BAO]   penalty_by_reaching_budget_read_limit  = 0
[BAO]   penalty_by_reaching_budget_write_limit = 0
[BAO]   alpha                              = 2
[BAO]   scaling_factor                     = 10
[BAO] AMBP: AFTER
[BAO]   budget_read_limit                  = 388122
[BAO]   budget_write_limit                 = 108180
[BAO]   qnt_budget_read_limit_reached      = 2
[BAO]   qnt_budget_write_limit_reached     = 0
[BAO]   penalty_by_reaching_budget_read_limit  = 0
[BAO]   penalty_by_reaching_budget_write_limit = 0
[BAO]   alpha                              = 2
[BAO]   scaling_factor                     = 10
[BAO] VM: AFTER
[BAO]   depleated_op_type               = 4294967295
[BAO]   defined_pmu_read_val            = 379238
[BAO]   defined_pmu_write_val           = 10628470
[BAO]   current_used_read_budget        = 423658
[BAO]   current_used_write_budget       = 70274
[BAO]   new_read_budget                 = 388122
[BAO]   new_write_budget                = 10628470
[BAO]   total_used_read_budget          = 41361702
[BAO]   total_used_write_budget         = 11891069
[BAO]   total_calculated_new_read_budget = 0
[BAO]   total_calculated_new_write_budget= 0
[BAO] Counters: AFTER
[BAO] C0: 0
[BAO] C1: 0
[BAO] C2: 0
[BAO] C3: 0
[BAO] C4: 0
[BAO] C5: 0
[DEBUG] done
[DEBUG] Configured counter.
[DEBUG] Started counter.
[DEBUG] get budget TIMEOUT: 
[DEBUG] (current_time_task_any - last_check_time_task_any) >= period_task_any
[DEBUG] (1882 - 1851) >= 30[DEBUG] OVERFLOW SIGNAL
 | 31 >= 30
[DEBUG] suspending task 0
[DEBUG] suspending task 1
[DEBUG] Stoped counter.
[DEBUG] calling HC_regulator_get_new_budget
[BAO] regulator_budget_depleted	 formula 3
[BAO] VM: BEFORE
[BAO]   depleated_op_type               = 4294967295
[BAO]   defined_pmu_read_val            = 388122
[BAO]   defined_pmu_write_val           = 10628470
[BAO]   current_used_read_budget        = 423658
[BAO]   current_used_write_budget       = 70274
[BAO]   new_read_budget                 = 388122
[BAO]   new_write_budget                = 10628470
[BAO]   total_used_read_budget          = 41361702
[BAO]   total_used_write_budget         = 11891069
[BAO]   total_calculated_new_read_budget = 0
[BAO]   total_calculated_new_write_budget= 0
[BAO] Counters: BEFORE
[BAO] C0: 284185
[BAO] C1: 4284534967
[BAO] C2: 0
[BAO] C3: 0
[BAO] C4: 0
[BAO] C5: 0
[BAO] AMBP: BEFORE
[BAO]   budget_read_limit                  = 388122
[BAO]   budget_write_limit                 = 108180
[BAO]   qnt_budget_read_limit_reached      = 2
[BAO]   qnt_budget_write_limit_reached     = 0
[BAO]   penalty_by_reaching_budget_read_limit  = 0
[BAO]   penalty_by_reaching_budget_write_limit = 0
[BAO]   alpha                              = 2
[BAO]   scaling_factor                     = 10
[BAO] AMBP: AFTER
[BAO]   budget_read_limit                  = 388122
[BAO]   budget_write_limit                 = 108180
[BAO]   qnt_budget_read_limit_reached      = 0
[BAO]   qnt_budget_write_limit_reached     = 0
[BAO]   penalty_by_reaching_budget_read_limit  = 0
[BAO]   penalty_by_reaching_budget_write_limit = 0
[BAO]   alpha                              = 2
[BAO]   scaling_factor                     = 10
[BAO] VM: AFTER
[BAO]   depleated_op_type               = 4294967295
[BAO]   defined_pmu_read_val            = 388122
[BAO]   defined_pmu_write_val           = 10628470
[BAO]   current_used_read_budget        = 284185
[BAO]   current_used_write_budget       = 70274
[BAO]   new_read_budget                 = 388122
[BAO]   new_write_budget                = 38292515
[BAO]   total_used_read_budget          = 41645887
[BAO]   total_used_write_budget         = 11891069
[BAO]   total_calculated_new_read_budget = 0
[BAO]   total_calculated_new_write_budget= 0
[BAO] Counters: AFTER
[BAO] C0: 0
[BAO] C1: 0
[BAO] C2: 0
[BAO] C3: 0
[BAO] C4: 0
[BAO] C5: 0
[DEBUG] done
[DEBUG] Configured counter.
[DEBUG] Started counter.
[DEBUG] get budget TIMEOUT: 
[DEBUG] (current_time_task_any - last_check_time_task_any) >= period_task_any
[DEBUG] (1914[DEBUG] OVERFLOW SIGNAL
 OW SIGNAL
 30 | 32 >= 30
[DEBUG] suspending task 0
[DEBUG] suspending task 1
[DEBUG] Stoped counter.
[DEBUG] calling HC_regulator_get_new_budget
[BAO] regulator_budget_depleted	 formula 3
[BAO] VM: BEFORE
[BAO]   depleated_op_type               = 4294967295
[BAO]   defined_pmu_read_val            = 388122
[BAO]   defined_pmu_write_val           = 38292515
[BAO]   current_used_read_budget        = 284185
[BAO]   current_used_write_budget       = 70274
[BAO]   new_read_budget                 = 388122
[BAO]   new_write_budget                = 38292515
[BAO]   total_used_read_budget          = 41645887
[BAO]   total_used_write_budget         = 11891069
[BAO]   total_calculated_new_read_budget = 0
[BAO]   total_calculated_new_write_budget= 0
[BAO] Counters: BEFORE
[BAO] C0: 382787
[BAO] C1: 4256899229
[BAO] C2: 0
[BAO] C3: 0
[BAO] C4: 0
[BAO] C5: 0
[BAO] AMBP: BEFORE
[BAO]   budget_read_limit                  = 388122
[BAO]   budget_write_limit                 = 108180
[BAO]   qnt_budget_read_limit_reached      = 0
[BAO]   qnt_budget_write_limit_reached     = 0
[BAO]   penalty_by_reaching_budget_read_limit  = 0
[BAO]   penalty_by_reaching_budget_write_limit = 0
[BAO]   alpha                              = 2
[BAO]   scaling_factor                     = 10
[BAO] AMBP: AFTER
[BAO]   budget_read_limit                  = 388122
[BAO]   budget_write_limit                 = 108180
[BAO]   qnt_budget_read_limit_reached      = 0
[BAO]   qnt_budget_write_limit_reached     = 0
[BAO]   penalty_by_reaching_budget_read_limit  = 0
[BAO]   penalty_by_reaching_budget_write_limit = 0
[BAO]   alpha                              = 2
[BAO]   scaling_factor                     = 10
[BAO] VM: AFTER
[BAO]   depleated_op_type               = 4294967295
[BAO]   defined_pmu_read_val            = 388122
[BAO]   defined_pmu_write_val           = 38292515
[BAO]   current_used_read_budget        = 382787
[BAO]   current_used_write_budget       = 70274
[BAO]   new_read_budget                 = 388122
[BAO]   new_write_budget                = 38785525
[BAO]   total_used_read_budget          = 42028674
[BAO]   total_used_write_budget         = 11891069
[BAO]   total_calculated_new_read_budget = 0
[BAO]   total_calculated_new_write_budget= 0
[BAO] Counters: AFTER
[BAO] C0: 0
[BAO] C1: 0
[BAO] C2: 0
[BAO] C3: 0
[BAO] C4: 0
[BAO] C5: 0
[DEBUG] done
[DEBUG] Configured counter.
[DEBUG] Started counter.
[DEBUG] get budget TIMEOUT: 
[DEBUG] (current_time_task_any - last_check_time_task_any) >= period_task_any
[DEBUG] (1945 - 1914) >= 30 | 31 >= 30
[DEBUG] suspending tas[DEBUG] OVERFLOW SIGNAL
k
0
[DEBUG] suspending task 1
[DEBUG] Stoped counter.
[DEBUG] calling HC_regulator_get_new_budget
[BAO] regulator_budget_depleted	 formula 3
[BAO] VM: BEFORE
[BAO]   depleated_op_type               = 4294967295
[BAO]   defined_pmu_read_val            = 388122
[BAO]   defined_pmu_write_val           = 38785525
[BAO]   current_used_read_budget        = 382787
[BAO]   current_used_write_budget       = 70274
[BAO]   new_read_budget                 = 388122
[BAO]   new_write_budget                = 38785525
[BAO]   total_used_read_budget          = 42028674
[BAO]   total_used_write_budget         = 11891069
[BAO]   total_calculated_new_read_budget = 0
[BAO]   total_calculated_new_write_budget= 0
[BAO] Counters: BEFORE
[BAO] C0: 304351
[BAO] C1: 4256383827
[BAO] C2: 0
[BAO] C3: 0
[BAO] C4: 0
[BAO] C5: 0
[BAO] AMBP: BEFORE
[BAO]   budget_read_limit                  = 388122
[BAO]   budget_write_limit                 = 108180
[BAO]   qnt_budget_read_limit_reached      = 0
[BAO]   qnt_budget_write_limit_reached     = 0
[BAO]   penalty_by_reaching_budget_read_limit  = 0
[BAO]   penalty_by_reaching_budget_write_limit = 0
[BAO]   alpha                              = 2
[BAO]   scaling_factor                     = 10
[BAO] AMBP: AFTER
[BAO]   budget_read_limit                  = 388122
[BAO]   budget_write_limit                 = 108180
[BAO]   qnt_budget_read_limit_reached      = 0
[BAO]   qnt_budget_write_limit_reached     = 0
[BAO]   penalty_by_reaching_budget_read_limit  = 0
[BAO]   penalty_by_reaching_budget_write_limit = 0
[BAO]   alpha                              = 2
[BAO]   scaling_factor                     = 10
[BAO] VM: AFTER
[BAO]   depleated_op_type               = 4294967295
[BAO]   defined_pmu_read_val            = 388122
[BAO]   defined_pmu_write_val           = 38785525
[BAO]   current_used_read_budget        = 304351
[BAO]   current_used_write_budget       = 70274
[BAO]   new_read_budget                 = 388122
[BAO]   new_write_budget                = 38393345
[BAO]   total_used_read_budget          = 42333025
[BAO]   total_used_write_budget         = 11891069
[BAO]   total_calculated_new_read_budget = 0
[BAO]   total_calculated_new_write_budget= 0
[BAO] Counters: AFTER
[BAO] C0: 0
[BAO] C1: 0
[BAO] C2: 0
[BAO] C3: 0
[BAO] C4: 0
[BAO] C5: 0
[DEBUG] done
[DEBUG] Configured counter.
[DEBUG] Started counter.
[DEBUG] get budget TIMEOUT: 
[DEBUG] (current_time_task_any - last_check_time_task_any) [DEBUG] OVERFLOW SIGNAL
>= period_task_any
[DEBUG] (1977 - 1945) >= 30 | 32 >= 30
[DEBUG] suspending task 0
[DEBUG] suspending task 1
[DEBUG] Stoped counter.
[DEBUG] calling HC_regulator_get_new_budget
[BAO] regulator_budget_depleted	 formula 3
[BAO] VM: BEFORE
[BAO]   depleated_op_type               = 4294967295
[BAO]   defined_pmu_read_val            = 388122
[BAO]   defined_pmu_write_val           = 38393345
[BAO]   current_used_read_budget        = 304351
[BAO]   current_used_write_budget       = 70274
[BAO]   new_read_budget                 = 388122
[BAO]   new_write_budget                = 38393345
[BAO]   total_used_read_budget          = 42333025
[BAO]   total_used_write_budget         = 11891069
[BAO]   total_calculated_new_read_budget = 0
[BAO]   total_calculated_new_write_budget= 0
[BAO] Counters: BEFORE
[BAO] C0: 365081
[BAO] C1: 4256793250
[BAO] C2: 0
[BAO] C3: 0
[BAO] C4: 0
[BAO] C5: 0
[BAO] AMBP: BEFORE
[BAO]   budget_read_limit                  = 388122
[BAO]   budget_write_limit                 = 108180
[BAO]   qnt_budget_read_limit_reached      = 0
[BAO]   qnt_budget_write_limit_reached     = 0
[BAO]   penalty_by_reaching_budget_read_limit  = 0
[BAO]   penalty_by_reaching_budget_write_limit = 0
[BAO]   alpha                              = 2
[BAO]   scaling_factor                     = 10
[BAO] AMBP: AFTER
[BAO]   budget_read_limit                  = 388122
[BAO]   budget_write_limit                 = 108180
[BAO]   qnt_budget_read_limit_reached      = 0
[BAO]   qnt_budget_write_limit_reached     = 0
[BAO]   penalty_by_reaching_budget_read_limit  = 0
[BAO]   penalty_by_reaching_budget_write_limit = 0
[BAO]   alpha                              = 2
[BAO]   scaling_factor                     = 10
[BAO] VM: AFTER
[BAO]   depleated_op_type               = 4294967295
[BAO]   defined_pmu_read_val            = 388122
[BAO]   defined_pmu_write_val           = 38393345
[BAO]   current_used_read_budget        = 365081
[BAO]   current_used_write_budget       = 70274
[BAO]   new_read_budget                 = 388122
[BAO]   new_write_budget                = 38696995
[BAO]   total_used_read_budget          = 42698106
[BAO]   total_used_write_budget         = 11891069
[BAO]   total_calculated_new_read_budget = 0
[BAO]   total_calculated_new_write_budget= 0
[BAO] Counters: AFTER
[BAO] C0: 0
[BAO] C1: 0
[BAO] C2: 0
[BAO] C3: 0
[BAO] C4: 0
[BAO] C5: 0
[DEBUG] done
AMBP,6128245,1575289,4924969,186704819,436381,552019,592317,393770,494765,461695,356609,431611,238728,410288,423658,284185,382787,304351,365081,126850,161374,172359,115298,143884,133978,104116,125512,70274,70274,70274,70274,70274,70274,70274,87356,180288,262693,288908,330079,356402,356443,371476,371476,379238,388122,388122,388122,388122,388122,25450,52634,76579,84322,96234,103782,103848,108180,10628470,10628470,10628470,38292515,38785525,38393345,38696995,
[DEBUG] TASK: OVER 0 | UNDER 0
[DEBUG] Configured counter.
[DEBUG] Started counter.
[DEBUG] get budget TIMEOUT: 
[DEBUG] (current_time_task_any - last_check_time_task_any) >= period_task_any
[DEBUG][DEBUG] OVERFLOW SIGNAL
OVERFLOW SIGNAL
 30 | 74 >= 30
[DEBUG] suspending task 0
[DEBUG] suspending task 1
[DEBUG] Stoped counter.
[DEBUG] calling HC_regulator_get_new_budget
[BAO] regulator_budget_depleted	 formula 4
[BAO] VM: BEFORE
[BAO]   depleated_op_type               = 4294967295
[BAO]   defined_pmu_read_val            = 388122
[BAO]   defined_pmu_write_val           = 38696995
[BAO]   current_used_read_budget        = 365081
[BAO]   current_used_write_budget       = 70274
[BAO]   new_read_budget                 = 388122
[BAO]   new_write_budget                = 38696995
[BAO]   total_used_read_budget          = 42698106
[BAO]   total_used_write_budget         = 11891069
[BAO]   total_calculated_new_read_budget = 0
[BAO]   total_calculated_new_write_budget= 0
[BAO] Counters: BEFORE
[BAO] C0: 318059
[BAO] C1: 4256476384
[BAO] C2: 0
[BAO] C3: 0
[BAO] C4: 0
[BAO] C5: 0
[BAO] AFC: BEFORE
[BAO]   previous_read_budget   = 0
[BAO]   previous_write_budget  = 0
[BAO]   proportional_gain      = 2
[BAO]   scaling_factor         = 10
[BAO] AFC: AFTER
[BAO]   previous_read_budget   = 63611
[BAO]   previous_write_budget  = 0
[BAO]   proportional_gain      = 2
[BAO]   scaling_factor         = 10
[BAO] VM: AFTER
[BAO]   depleated_op_type               = 4294967295
[BAO]   defined_pmu_read_val            = 388122
[BAO]   defined_pmu_write_val           = 38696995
[BAO]   current_used_read_budget        = 318059
[BAO]   current_used_write_budget       = 70274
[BAO]   new_read_budget                 = 63611
[BAO]   new_write_budget                = 38696995
[BAO]   total_used_read_budget          = 43016165
[BAO]   total_used_write_budget         = 11891069
[BAO]   total_calculated_new_read_budget = 0
[BAO]   total_calculated_new_write_budget= 0
[BAO] Counters: AFTER
[BAO] C0: 0
[BAO] C1: 0
[BAO] C2: 0
[BAO] C3: 0
[BAO] C4: 0
[BAO] C5: 0
[DEBUG] done
[DEBUG] Configured counter.
[DEBUG] Started counter.
[DEBUG] get bu[DEBUG] OVERFLOW SIGNAL
dW SIGNAL
UT: 
[DEBUG] (current_time_task_any - last_check_time_task_any) >= period_task_any
[DEBUG] (2082 - 2051) >= 30 | 31 >= 30
[DEBUG] suspending task 0
[DEBUG] suspending task 1
[DEBUG] Stoped counter.
[DEBUG] calling HC_regulator_get_new_budget
[BAO] regulator_budget_depleted	 formula 4
[BAO] VM: BEFORE
[BAO]   depleated_op_type               = 4294967295
[BAO]   defined_pmu_read_val            = 63611
[BAO]   defined_pmu_write_val           = 38696995
[BAO]   current_used_read_budget        = 318059
[BAO]   current_used_write_budget       = 70274
[BAO]   new_read_budget                 = 63611
[BAO]   new_write_budget                = 38696995
[BAO]   total_used_read_budget          = 43016165
[BAO]   total_used_write_budget         = 11891069
[BAO]   total_calculated_new_read_budget = 0
[BAO]   total_calculated_new_write_budget= 0
[BAO] Counters: BEFORE
[BAO] C0: 557391
[BAO] C1: 4256451873
[BAO] C2: 0
[BAO] C3: 0
[BAO] C4: 0
[BAO] C5: 0
[BAO] AFC: BEFORE
[BAO]   previous_read_budget   = 63611
[BAO]   previous_write_budget  = 0
[BAO]   proportional_gain      = 2
[BAO]   scaling_factor         = 10
[BAO] AFC: AFTER
[BAO]   previous_read_budget   = 162367
[BAO]   previous_write_budget  = 0
[BAO]   proportional_gain      = 2
[BAO]   scaling_factor         = 10
[BAO] VM: AFTER
[BAO]   depleated_op_type               = 4294967295
[BAO]   defined_pmu_read_val            = 63611
[BAO]   defined_pmu_write_val           = 38696995
[BAO]   current_used_read_budget        = 557391
[BAO]   current_used_write_budget       = 70274
[BAO]   new_read_budget                 = 162367
[BAO]   new_write_budget                = 38696995
[BAO]   total_used_read_budget          = 43573556
[BAO]   total_used_write_budget         = 11891069
[BAO]   total_calculated_new_read_budget = 0
[BAO]   total_calculated_new_write_budget= 0
[BAO] Counters: AFTER
[BAO] C0: 0
[BAO] C1: 0
[BAO] C2: 0
[BAO] C3: 0
[BAO] C4: 0
[BAO] C5: 0
[DEBUG] done
[DEBUG] Configured counter.
[DEBUG] Started counter.
[DEBUG] get budget TIMEOUT: 
[DEBUG] (current_time_task_any - last_check_time_ta[DEBUG] OVERFLOW SIGNAL
sk_any) >= period_task_any
[DEBUG] (2113 - 2082) >= 30 | 31 >= 30
[DEBUG] suspending task 0
[DEBUG] suspending task 1
[DEBUG] Stoped counter.
[DEBUG] calling HC_regulator_get_new_budget
[BAO] regulator_budget_depleted	 formula 4
[BAO] VM: BEFORE
[BAO]   depleated_op_type               = 4294967295
[BAO]   defined_pmu_read_val            = 162367
[BAO]   defined_pmu_write_val           = 38696995
[BAO]   current_used_read_budget        = 557391
[BAO]   current_used_write_budget       = 70274
[BAO]   new_read_budget                 = 162367
[BAO]   new_write_budget                = 38696995
[BAO]   total_used_read_budget          = 43573556
[BAO]   total_used_write_budget         = 11891069
[BAO]   total_calculated_new_read_budget = 0
[BAO]   total_calculated_new_write_budget= 0
[BAO] Counters: BEFORE
[BAO] C0: 487763
[BAO] C1: 4256460264
[BAO] C2: 0
[BAO] C3: 0
[BAO] C4: 0
[BAO] C5: 0
[BAO] AFC: BEFORE
[BAO]   previous_read_budget   = 162367
[BAO]   previous_write_budget  = 0
[BAO]   proportional_gain      = 2
[BAO]   scaling_factor         = 10
[BAO] AFC: AFTER
[BAO]   previous_read_budget   = 227446
[BAO]   previous_write_budget  = 0
[BAO]   proportional_gain      = 2
[BAO]   scaling_factor         = 10
[BAO] VM: AFTER
[BAO]   depleated_op_type               = 4294967295
[BAO]   defined_pmu_read_val            = 162367
[BAO]   defined_pmu_write_val           = 38696995
[BAO]   current_used_read_budget        = 487763
[BAO]   current_used_write_budget       = 70274
[BAO]   new_read_budget                 = 227446
[BAO]   new_write_budget                = 38696995
[BAO]   total_used_read_budget          = 44061319
[BAO]   total_used_write_budget         = 11891069
[BAO]   total_calculated_new_read_budget = 0
[BAO]   total_calculated_new_write_budget= 0
[BAO] Counters: AFTER
[BAO] C0: 0
[BAO] C1: 0
[BAO] C2: 0
[BAO] C3: 0
[BAO] C4: 0
[BAO] C5: 0
[DEBUG] done
[DEBUG] Configured counter.
[DEBUG] Started counter.
[DEBUG] get budget TIMEOUT: 
[DEBUG] (current_time_task_any - last_check_time_task_any) >[DEBUG] OVERFLOW SIGNAL
= period_task_any
[DEBUG] (2144 - 2113) >= 30 | 31 >= 30
[DEBUG] suspending task 0
[DEBUG] suspending task 1
[DEBUG] Stoped counter.
[DEBUG] calling HC_regulator_get_new_budget
[BAO] regulator_budget_depleted	 formula 4
[BAO] VM: BEFORE
[BAO]   depleated_op_type               = 4294967295
[BAO]   defined_pmu_read_val            = 227446
[BAO]   defined_pmu_write_val           = 38696995
[BAO]   current_used_read_budget        = 487763
[BAO]   current_used_write_budget       = 70274
[BAO]   new_read_budget                 = 227446
[BAO]   new_write_budget                = 38696995
[BAO]   total_used_read_budget          = 44061319
[BAO]   total_used_write_budget         = 11891069
[BAO]   total_calculated_new_read_budget = 0
[BAO]   total_calculated_new_write_budget= 0
[BAO] Counters: BEFORE
[BAO] C0: 556362
[BAO] C1: 4256498349
[BAO] C2: 0
[BAO] C3: 0
[BAO] C4: 0
[BAO] C5: 0
[BAO] AFC: BEFORE
[BAO]   previous_read_budget   = 227446
[BAO]   previous_write_budget  = 0
[BAO]   proportional_gain      = 2
[BAO]   scaling_factor         = 10
[BAO] AFC: AFTER
[BAO]   previous_read_budget   = 293229
[BAO]   previous_write_budget  = 0
[BAO]   proportional_gain      = 2
[BAO]   scaling_factor         = 10
[BAO] VM: AFTER
[BAO]   depleated_op_type               = 4294967295
[BAO]   defined_pmu_read_val            = 227446
[BAO]   defined_pmu_write_val           = 38696995
[BAO]   current_used_read_budget        = 556362
[BAO]   current_used_write_budget       = 70274
[BAO]   new_read_budget                 = 293229
[BAO]   new_write_budget                = 38696995
[BAO]   total_used_read_budget          = 44617681
[BAO]   total_used_write_budget         = 11891069
[BAO]   total_calculated_new_read_budget = 0
[BAO]   total_calculated_new_write_budget= 0
[BAO] Counters: AFTER
[BAO] C0: 0
[BAO] C1: 0
[BAO] C2: 0
[BAO] C3: 0
[BAO] C4: 0
[BAO] C5: 0
[DEBUG] done
[DEBUG] Configured counter.
[DEBUG] Started counter.
[DEBUG] get budget TIMEOUT: 
[DEBUG] (current_time_task_any - last_check_time_task_any) >= period_task_any
[DEBUG] (2[DEBUG] OVERFLOW SIGNAL
1RFLOW SIGNAL
 30 | 31 >= 30
[DEBUG] suspending task 0
[DEBUG] suspending task 1
[DEBUG] Stoped counter.
[DEBUG] calling HC_regulator_get_new_budget
[BAO] regulator_budget_depleted	 formula 4
[BAO] VM: BEFORE
[BAO]   depleated_op_type               = 4294967295
[BAO]   defined_pmu_read_val            = 293229
[BAO]   defined_pmu_write_val           = 38696995
[BAO]   current_used_read_budget        = 556362
[BAO]   current_used_write_budget       = 70274
[BAO]   new_read_budget                 = 293229
[BAO]   new_write_budget                = 38696995
[BAO]   total_used_read_budget          = 44617681
[BAO]   total_used_write_budget         = 11891069
[BAO]   total_calculated_new_read_budget = 0
[BAO]   total_calculated_new_write_budget= 0
[BAO] Counters: BEFORE
[BAO] C0: 517132
[BAO] C1: 4256506001
[BAO] C2: 0
[BAO] C3: 0
[BAO] C4: 0
[BAO] C5: 0
[BAO] AFC: BEFORE
[BAO]   previous_read_budget   = 293229
[BAO]   previous_write_budget  = 0
[BAO]   proportional_gain      = 2
[BAO]   scaling_factor         = 10
[BAO] AFC: AFTER
[BAO]   previous_read_budget   = 338009
[BAO]   previous_write_budget  = 0
[BAO]   proportional_gain      = 2
[BAO]   scaling_factor         = 10
[BAO] VM: AFTER
[BAO]   depleated_op_type               = 4294967295
[BAO]   defined_pmu_read_val            = 293229
[BAO]   defined_pmu_write_val           = 38696995
[BAO]   current_used_read_budget        = 517132
[BAO]   current_used_write_budget       = 70274
[BAO]   new_read_budget                 = 338009
[BAO]   new_write_budget                = 38696995
[BAO]   total_used_read_budget          = 45134813
[BAO]   total_used_write_budget         = 11891069
[BAO]   total_calculated_new_read_budget = 0
[BAO]   total_calculated_new_write_budget= 0
[BAO] Counters: AFTER
[BAO] C0: 0
[BAO] C1: 0
[BAO] C2: 0
[BAO] C3: 0
[BAO] C4: 0
[BAO] C5: 0
[DEBUG] done
[DEBUG] Configured counter.
[DEBUG] Started counter.
[DEBUG] get budget TIMEOUT: 
[DEBUG] (current_time_task_any - last_check_time_task_any) >= period_task_any[DEBUG] OVERFLOW SIGNAL

[DEBUG] (2206 - 2175) >= 30 | 31 >= 30
[DEBUG] suspending task 0
[DEBUG] suspending task 1
[DEBUG] Stoped counter.
[DEBUG] calling HC_regulator_get_new_budget
[BAO] regulator_budget_depleted	 formula 4
[BAO] VM: BEFORE
[BAO]   depleated_op_type               = 4294967295
[BAO]   defined_pmu_read_val            = 338009
[BAO]   defined_pmu_write_val           = 38696995
[BAO]   current_used_read_budget        = 517132
[BAO]   current_used_write_budget       = 70274
[BAO]   new_read_budget                 = 338009
[BAO]   new_write_budget                = 38696995
[BAO]   total_used_read_budget          = 45134813
[BAO]   total_used_write_budget         = 11891069
[BAO]   total_calculated_new_read_budget = 0
[BAO]   total_calculated_new_write_budget= 0
[BAO] Counters: BEFORE
[BAO] C0: 427059
[BAO] C1: 4256493207
[BAO] C2: 0
[BAO] C3: 0
[BAO] C4: 0
[BAO] C5: 0
[BAO] AFC: BEFORE
[BAO]   previous_read_budget   = 338009
[BAO]   previous_write_budget  = 0
[BAO]   proportional_gain      = 2
[BAO]   scaling_factor         = 10
[BAO] AFC: AFTER
[BAO]   previous_read_budget   = 355819
[BAO]   previous_write_budget  = 0
[BAO]   proportional_gain      = 2
[BAO]   scaling_factor         = 10
[BAO] VM: AFTER
[BAO]   depleated_op_type               = 4294967295
[BAO]   defined_pmu_read_val            = 338009
[BAO]   defined_pmu_write_val           = 38696995
[BAO]   current_used_read_budget        = 427059
[BAO]   current_used_write_budget       = 70274
[BAO]   new_read_budget                 = 355819
[BAO]   new_write_budget                = 38696995
[BAO]   total_used_read_budget          = 45561872
[BAO]   total_used_write_budget         = 11891069
[BAO]   total_calculated_new_read_budget = 0
[BAO]   total_calculated_new_write_budget= 0
[BAO] Counters: AFTER
[BAO] C0: 0
[BAO] C1: 0
[BAO] C2: 0
[BAO] C3: 0
[BAO] C4: 0
[BAO] C5: 0
[DEBUG] done
[DEBUG] Configured counter.
[DEBUG] Started counter.
[DEBUG] get budget TIMEOUT: 
[DEBUG] (current_time_task_any - last_check_time_task_any) [DEBUG] OVERFLOW SIGNAL
>= period_task_any
[DEBUG] (2237 - 2206) >= 30 | 31 >= 30
[DEBUG] suspending task 0
[DEBUG] suspending task 1
[DEBUG] Stoped counter.
[DEBUG] calling HC_regulator_get_new_budget
[BAO] regulator_budget_depleted	 formula 4
[BAO] VM: BEFORE
[BAO]   depleated_op_type               = 4294967295
[BAO]   defined_pmu_read_val            = 355819
[BAO]   defined_pmu_write_val           = 38696995
[BAO]   current_used_read_budget        = 427059
[BAO]   current_used_write_budget       = 70274
[BAO]   new_read_budget                 = 355819
[BAO]   new_write_budget                = 38696995
[BAO]   total_used_read_budget          = 45561872
[BAO]   total_used_write_budget         = 11891069
[BAO]   total_calculated_new_read_budget = 0
[BAO]   total_calculated_new_write_budget= 0
[BAO] Counters: BEFORE
[BAO] C0: 420709
[BAO] C1: 4256496404
[BAO] C2: 0
[BAO] C3: 0
[BAO] C4: 0
[BAO] C5: 0
[BAO] AFC: BEFORE
[BAO]   previous_read_budget   = 355819
[BAO]   previous_write_budget  = 0
[BAO]   proportional_gain      = 2
[BAO]   scaling_factor         = 10
[BAO] AFC: AFTER
[BAO]   previous_read_budget   = 368797
[BAO]   previous_write_budget  = 0
[BAO]   proportional_gain      = 2
[BAO]   scaling_factor         = 10
[BAO] VM: AFTER
[BAO]   depleated_op_type               = 4294967295
[BAO]   defined_pmu_read_val            = 355819
[BAO]   defined_pmu_write_val           = 38696995
[BAO]   current_used_read_budget        = 420709
[BAO]   current_used_write_budget       = 70274
[BAO]   new_read_budget                 = 368797
[BAO]   new_write_budget                = 38696995
[BAO]   total_used_read_budget          = 45982581
[BAO]   total_used_write_budget         = 11891069
[BAO]   total_calculated_new_read_budget = 0
[BAO]   total_calculated_new_write_budget= 0
[BAO] Counters: AFTER
[BAO] C0: 0
[BAO] C1: 0
[BAO] C2: 0
[BAO] C3: 0
[BAO] C4: 0
[BAO] C5: 0
[DEBUG] done
[DEBUG] Configured counter.
[DEBUG] Started counter.
[DEBUG] get budget TIMEOUT: 
[DEBUG] (current_time_task_any - last_check_time_task_any) >= peri[DEBUG] OVERFLOW SIGNAL
od_task_any
[DEBUG] (2268 - 2237) >= 30 | 31 >= 30
[DEBUG] suspending task 0
[DEBUG] suspending task 1
[DEBUG] Stoped counter.
[DEBUG] calling HC_regulator_get_new_budget
[BAO] regulator_budget_depleted	 formula 4
[BAO] VM: BEFORE
[BAO]   depleated_op_type               = 4294967295
[BAO]   defined_pmu_read_val            = 368797
[BAO]   defined_pmu_write_val           = 38696995
[BAO]   current_used_read_budget        = 420709
[BAO]   current_used_write_budget       = 70274
[BAO]   new_read_budget                 = 368797
[BAO]   new_write_budget                = 38696995
[BAO]   total_used_read_budget          = 45982581
[BAO]   total_used_write_budget         = 11891069
[BAO]   total_calculated_new_read_budget = 0
[BAO]   total_calculated_new_write_budget= 0
[BAO] Counters: BEFORE
[BAO] C0: 345695
[BAO] C1: 4256478519
[BAO] C2: 0
[BAO] C3: 0
[BAO] C4: 0
[BAO] C5: 0
[BAO] AFC: BEFORE
[BAO]   previous_read_budget   = 368797
[BAO]   previous_write_budget  = 0
[BAO]   proportional_gain      = 2
[BAO]   scaling_factor         = 10
[BAO] AFC: AFTER
[BAO]   previous_read_budget   = 364177
[BAO]   previous_write_budget  = 0
[BAO]   proportional_gain      = 2
[BAO]   scaling_factor         = 10
[BAO] VM: AFTER
[BAO]   depleated_op_type               = 4294967295
[BAO]   defined_pmu_read_val            = 368797
[BAO]   defined_pmu_write_val           = 38696995
[BAO]   current_used_read_budget        = 345695
[BAO]   current_used_write_budget       = 70274
[BAO]   new_read_budget                 = 364177
[BAO]   new_write_budget                = 38696995
[BAO]   total_used_read_budget          = 46328276
[BAO]   total_used_write_budget         = 11891069
[BAO]   total_calculated_new_read_budget = 0
[BAO]   total_calculated_new_write_budget= 0
[BAO] Counters: AFTER
[BAO] C0: 0
[BAO] C1: 0
[BAO] C2: 0
[BAO] C3: 0
[BAO] C4: 0
[BAO] C5: 0
[DEBUG] done
[DEBUG] Configured counter.
[DEBUG] Started counter.
[DEBUG] get budget TIMEOUT: 
[DEBUG] (current_time_task_any - last_check_time_task_any) >= period_task_any
[DEBUG] (2299 - 2268) >= 30 | 31 >= 30[DEBUG] OVERFLOW SIGNAL

[DEBUG] suspending task 0
[DEBUG] suspending task 1
[DEBUG] Stoped counter.
[DEBUG] calling HC_regulator_get_new_budget
[BAO] regulator_budget_depleted	 formula 4
[BAO] VM: BEFORE
[BAO]   depleated_op_type               = 4294967295
[BAO]   defined_pmu_read_val            = 364177
[BAO]   defined_pmu_write_val           = 38696995
[BAO]   current_used_read_budget        = 345695
[BAO]   current_used_write_budget       = 70274
[BAO]   new_read_budget                 = 364177
[BAO]   new_write_budget                = 38696995
[BAO]   total_used_read_budget          = 46328276
[BAO]   total_used_write_budget         = 11891069
[BAO]   total_calculated_new_read_budget = 0
[BAO]   total_calculated_new_write_budget= 0
[BAO] Counters: BEFORE
[BAO] C0: 249648
[BAO] C1: 4256449939
[BAO] C2: 0
[BAO] C3: 0
[BAO] C4: 0
[BAO] C5: 0
[BAO] AFC: BEFORE
[BAO]   previous_read_budget   = 364177
[BAO]   previous_write_budget  = 0
[BAO]   proportional_gain      = 2
[BAO]   scaling_factor         = 10
[BAO] AFC: AFTER
[BAO]   previous_read_budget   = 341272
[BAO]   previous_write_budget  = 0
[BAO]   proportional_gain      = 2
[BAO]   scaling_factor         = 10
[BAO] VM: AFTER
[BAO]   depleated_op_type               = 4294967295
[BAO]   defined_pmu_read_val            = 364177
[BAO]   defined_pmu_write_val           = 38696995
[BAO]   current_used_read_budget        = 249648
[BAO]   current_used_write_budget       = 70274
[BAO]   new_read_budget                 = 341272
[BAO]   new_write_budget                = 38696995
[BAO]   total_used_read_budget          = 46577924
[BAO]   total_used_write_budget         = 11891069
[BAO]   total_calculated_new_read_budget = 0
[BAO]   total_calculated_new_write_budget= 0
[BAO] Counters: AFTER
[BAO] C0: 0
[BAO] C1: 0
[BAO] C2: 0
[BAO] C3: 0
[BAO] C4: 0
[BAO] C5: 0
[DEBUG] done
[DEBUG] Configured counter.
[DEBUG] Started counter.
[DEBUG] get budget TIMEOUT: 
[DEBUG] (current_time_task_any - last_check_time_task_any) >= period_task_any
[DEBUG] (2330 - 2299) >= 30 | 31 >= 30
[DEB[DEBUG] OVERFLOW SIGNAL
UG] OVERFLOW SIGNAL
0
[DEBUG] suspending task 1
[DEBUG] Stoped counter.
[DEBUG] calling HC_regulator_get_new_budget
[BAO] regulator_budget_depleted	 formula 4
[BAO] VM: BEFORE
[BAO]   depleated_op_type               = 4294967295
[BAO]   defined_pmu_read_val            = 341272
[BAO]   defined_pmu_write_val           = 38696995
[BAO]   current_used_read_budget        = 249648
[BAO]   current_used_write_budget       = 70274
[BAO]   new_read_budget                 = 341272
[BAO]   new_write_budget                = 38696995
[BAO]   total_used_read_budget          = 46577924
[BAO]   total_used_write_budget         = 11891069
[BAO]   total_calculated_new_read_budget = 0
[BAO]   total_calculated_new_write_budget= 0
[BAO] Counters: BEFORE
[BAO] C0: 321896
[BAO] C1: 4256464117
[BAO] C2: 0
[BAO] C3: 0
[BAO] C4: 0
[BAO] C5: 0
[BAO] AFC: BEFORE
[BAO]   previous_read_budget   = 341272
[BAO]   previous_write_budget  = 0
[BAO]   proportional_gain      = 2
[BAO]   scaling_factor         = 10
[BAO] AFC: AFTER
[BAO]   previous_read_budget   = 337397
[BAO]   previous_write_budget  = 0
[BAO]   proportional_gain      = 2
[BAO]   scaling_factor         = 10
[BAO] VM: AFTER
[BAO]   depleated_op_type               = 4294967295
[BAO]   defined_pmu_read_val            = 341272
[BAO]   defined_pmu_write_val           = 38696995
[BAO]   current_used_read_budget        = 321896
[BAO]   current_used_write_budget       = 70274
[BAO]   new_read_budget                 = 337397
[BAO]   new_write_budget                = 38696995
[BAO]   total_used_read_budget          = 46899820
[BAO]   total_used_write_budget         = 11891069
[BAO]   total_calculated_new_read_budget = 0
[BAO]   total_calculated_new_write_budget= 0
[BAO] Counters: AFTER
[BAO] C0: 0
[BAO] C1: 0
[BAO] C2: 0
[BAO] C3: 0
[BAO] C4: 0
[BAO] C5: 0
[DEBUG] done
[DEBUG] Configured counter.
[DEBUG] Started counter.
[DEBUG] get budget TIMEOUT: 
[DEBUG] (current_time_task_any - last_check_time_task_any) >= period_task_any
[DEBUG] (2361 - 2330) >= 30 [DEBUG] OVERFLOW SIGNAL
| 31 >= 30
[DEBUG] suspending task 0
[DEBUG] suspending task 1
[DEBUG] Stoped counter.
[DEBUG] calling HC_regulator_get_new_budget
[BAO] regulator_budget_depleted	 formula 4
[BAO] VM: BEFORE
[BAO]   depleated_op_type               = 4294967295
[BAO]   defined_pmu_read_val            = 337397
[BAO]   defined_pmu_write_val           = 38696995
[BAO]   current_used_read_budget        = 321896
[BAO]   current_used_write_budget       = 70274
[BAO]   new_read_budget                 = 337397
[BAO]   new_write_budget                = 38696995
[BAO]   total_used_read_budget          = 46899820
[BAO]   total_used_write_budget         = 11891069
[BAO]   total_calculated_new_read_budget = 0
[BAO]   total_calculated_new_write_budget= 0
[BAO] Counters: BEFORE
[BAO] C0: 456710
[BAO] C1: 4256501261
[BAO] C2: 0
[BAO] C3: 0
[BAO] C4: 0
[BAO] C5: 0
[BAO] AFC: BEFORE
[BAO]   previous_read_budget   = 337397
[BAO]   previous_write_budget  = 0
[BAO]   proportional_gain      = 2
[BAO]   scaling_factor         = 10
[BAO] AFC: AFTER
[BAO]   previous_read_budget   = 361259
[BAO]   previous_write_budget  = 0
[BAO]   proportional_gain      = 2
[BAO]   scaling_factor         = 10
[BAO] VM: AFTER
[BAO]   depleated_op_type               = 4294967295
[BAO]   defined_pmu_read_val            = 337397
[BAO]   defined_pmu_write_val           = 38696995
[BAO]   current_used_read_budget        = 456710
[BAO]   current_used_write_budget       = 70274
[BAO]   new_read_budget                 = 361259
[BAO]   new_write_budget                = 38696995
[BAO]   total_used_read_budget          = 47356530
[BAO]   total_used_write_budget         = 11891069
[BAO]   total_calculated_new_read_budget = 0
[BAO]   total_calculated_new_write_budget= 0
[BAO] Counters: AFTER
[BAO] C0: 0
[BAO] C1: 0
[BAO] C2: 0
[BAO] C3: 0
[BAO] C4: 0
[BAO] C5: 0
[DEBUG] done
[DEBUG] Configured counter.
[DEBUG] Started counter.
[DEBUG] get budget TIMEOUT: 
[DEBUG] (current_time_task_any - last_check_time_task_any) >= period_task_any
[DEBUG] (2392 - 2361) >=[DEBUG] OVERFLOW SIGNAL
 30 | 31 >= 30
[DEBUG] suspending task 0
[DEBUG] suspending task 1
[DEBUG] Stoped counter.
[DEBUG] calling HC_regulator_get_new_budget
[BAO] regulator_budget_depleted	 formula 4
[BAO] VM: BEFORE
[BAO]   depleated_op_type               = 4294967295
[BAO]   defined_pmu_read_val            = 361259
[BAO]   defined_pmu_write_val           = 38696995
[BAO]   current_used_read_budget        = 456710
[BAO]   current_used_write_budget       = 70274
[BAO]   new_read_budget                 = 361259
[BAO]   new_write_budget                = 38696995
[BAO]   total_used_read_budget          = 47356530
[BAO]   total_used_write_budget         = 11891069
[BAO]   total_calculated_new_read_budget = 0
[BAO]   total_calculated_new_write_budget= 0
[BAO] Counters: BEFORE
[BAO] C0: 442663
[BAO] C1: 4256504132
[BAO] C2: 0
[BAO] C3: 0
[BAO] C4: 0
[BAO] C5: 0
[BAO] AFC: BEFORE
[BAO]   previous_read_budget   = 361259
[BAO]   previous_write_budget  = 0
[BAO]   proportional_gain      = 2
[BAO]   scaling_factor         = 10
[BAO] AFC: AFTER
[BAO]   previous_read_budget   = 377539
[BAO]   previous_write_budget  = 0
[BAO]   proportional_gain      = 2
[BAO]   scaling_factor         = 10
[BAO] VM: AFTER
[BAO]   depleated_op_type               = 4294967295
[BAO]   defined_pmu_read_val            = 361259
[BAO]   defined_pmu_write_val           = 38696995
[BAO]   current_used_read_budget        = 442663
[BAO]   current_used_write_budget       = 70274
[BAO]   new_read_budget                 = 377539
[BAO]   new_write_budget                = 38696995
[BAO]   total_used_read_budget          = 47799193
[BAO]   total_used_write_budget         = 11891069
[BAO]   total_calculated_new_read_budget = 0
[BAO]   total_calculated_new_write_budget= 0
[BAO] Counters: AFTER
[BAO] C0: 0
[BAO] C1: 0
[BAO] C2: 0
[BAO] C3: 0
[BAO] C4: 0
[BAO] C5: 0
[DEBUG] done
[DEBUG] Configured counter.
[DEBUG] Started counter.
[DEBUG] get budget TIMEOUT: 
[DEBUG] (current_time_task_any - last_check_time_task_any) >= period_task_any
[DEBUG[DEBUG] OVERFLOW SIGNAL
] OVERFLOW SIGNAL
 30 | 31 >= 30
[DEBUG] suspending task 0
[DEBUG] suspending task 1
[DEBUG] Stoped counter.
[DEBUG] calling HC_regulator_get_new_budget
[BAO] regulator_budget_depleted	 formula 4
[BAO] VM: BEFORE
[BAO]   depleated_op_type               = 4294967295
[BAO]   defined_pmu_read_val            = 377539
[BAO]   defined_pmu_write_val           = 38696995
[BAO]   current_used_read_budget        = 442663
[BAO]   current_used_write_budget       = 70274
[BAO]   new_read_budget                 = 377539
[BAO]   new_write_budget                = 38696995
[BAO]   total_used_read_budget          = 47799193
[BAO]   total_used_write_budget         = 11891069
[BAO]   total_calculated_new_read_budget = 0
[BAO]   total_calculated_new_write_budget= 0
[BAO] Counters: BEFORE
[BAO] C0: 386331
[BAO] C1: 4256492688
[BAO] C2: 0
[BAO] C3: 0
[BAO] C4: 0
[BAO] C5: 0
[BAO] AFC: BEFORE
[BAO]   previous_read_budget   = 377539
[BAO]   previous_write_budget  = 0
[BAO]   proportional_gain      = 2
[BAO]   scaling_factor         = 10
[BAO] AFC: AFTER
[BAO]   previous_read_budget   = 379297
[BAO]   previous_write_budget  = 0
[BAO]   proportional_gain      = 2
[BAO]   scaling_factor         = 10
[BAO] VM: AFTER
[BAO]   depleated_op_type               = 4294967295
[BAO]   defined_pmu_read_val            = 377539
[BAO]   defined_pmu_write_val           = 38696995
[BAO]   current_used_read_budget        = 386331
[BAO]   current_used_write_budget       = 70274
[BAO]   new_read_budget                 = 379297
[BAO]   new_write_budget                = 38696995
[BAO]   total_used_read_budget          = 48185524
[BAO]   total_used_write_budget         = 11891069
[BAO]   total_calculated_new_read_budget = 0
[BAO]   total_calculated_new_write_budget= 0
[BAO] Counters: AFTER
[BAO] C0: 0
[BAO] C1: 0
[BAO] C2: 0
[BAO] C3: 0
[BAO] C4: 0
[BAO] C5: 0
[DEBUG] done
[DEBUG] Configured counter.
[DEBUG] Started counter.
[DEBUG] get budget TIMEOUT: 
[DEBUG] (current_time_task_any - last_check_time_task_any) >= [DEBUG] OVERFLOW SIGNAL
period_task_any
[DEBUG] (2454 - 2423) >= 30 | 31 >= 30
[DEBUG] suspending task 0
[DEBUG] suspending task 1
[DEBUG] Stoped counter.
[DEBUG] calling HC_regulator_get_new_budget
[BAO] regulator_budget_depleted	 formula 4
[BAO] VM: BEFORE
[BAO]   depleated_op_type               = 4294967295
[BAO]   defined_pmu_read_val            = 379297
[BAO]   defined_pmu_write_val           = 38696995
[BAO]   current_used_read_budget        = 386331
[BAO]   current_used_write_budget       = 70274
[BAO]   new_read_budget                 = 379297
[BAO]   new_write_budget                = 38696995
[BAO]   total_used_read_budget          = 48185524
[BAO]   total_used_write_budget         = 11891069
[BAO]   total_calculated_new_read_budget = 0
[BAO]   total_calculated_new_write_budget= 0
[BAO] Counters: BEFORE
[BAO] C0: 395173
[BAO] C1: 4256495708
[BAO] C2: 0
[BAO] C3: 0
[BAO] C4: 0
[BAO] C5: 0
[BAO] AFC: BEFORE
[BAO]   previous_read_budget   = 379297
[BAO]   previous_write_budget  = 0
[BAO]   proportional_gain      = 2
[BAO]   scaling_factor         = 10
[BAO] AFC: AFTER
[BAO]   previous_read_budget   = 382472
[BAO]   previous_write_budget  = 0
[BAO]   proportional_gain      = 2
[BAO]   scaling_factor         = 10
[BAO] VM: AFTER
[BAO]   depleated_op_type               = 4294967295
[BAO]   defined_pmu_read_val            = 379297
[BAO]   defined_pmu_write_val           = 38696995
[BAO]   current_used_read_budget        = 395173
[BAO]   current_used_write_budget       = 70274
[BAO]   new_read_budget                 = 382472
[BAO]   new_write_budget                = 38696995
[BAO]   total_used_read_budget          = 48580697
[BAO]   total_used_write_budget         = 11891069
[BAO]   total_calculated_new_read_budget = 0
[BAO]   total_calculated_new_write_budget= 0
[BAO] Counters: AFTER
[BAO] C0: 0
[BAO] C1: 0
[BAO] C2: 0
[BAO] C3: 0
[BAO] C4: 0
[BAO] C5: 0
[DEBUG] done
[DEBUG] Configured counter.
[DEBUG] Started counter.
[DEBUG] get budget TIMEOUT: 
[DEBUG] (current_time_task_any - last_check_time_task_any) >= period_task_any
[DEBUG] OVERFLOW SIGNAL
[DEBUG] OVERFLOW SIGNAL
 30 | 31 >= 30
[DEBUG] suspending task 0
[DEBUG] suspending task 1
[DEBUG] Stoped counter.
[DEBUG] calling HC_regulator_get_new_budget
[BAO] regulator_budget_depleted	 formula 4
[BAO] VM: BEFORE
[BAO]   depleated_op_type               = 4294967295
[BAO]   defined_pmu_read_val            = 382472
[BAO]   defined_pmu_write_val           = 38696995
[BAO]   current_used_read_budget        = 395173
[BAO]   current_used_write_budget       = 70274
[BAO]   new_read_budget                 = 382472
[BAO]   new_write_budget                = 38696995
[BAO]   total_used_read_budget          = 48580697
[BAO]   total_used_write_budget         = 11891069
[BAO]   total_calculated_new_read_budget = 0
[BAO]   total_calculated_new_write_budget= 0
[BAO] Counters: BEFORE
[BAO] C0: 323744
[BAO] C1: 4256476443
[BAO] C2: 0
[BAO] C3: 0
[BAO] C4: 0
[BAO] C5: 0
[BAO] AFC: BEFORE
[BAO]   previous_read_budget   = 382472
[BAO]   previous_write_budget  = 0
[BAO]   proportional_gain      = 2
[BAO]   scaling_factor         = 10
[BAO] AFC: AFTER
[BAO]   previous_read_budget   = 370727
[BAO]   previous_write_budget  = 0
[BAO]   proportional_gain      = 2
[BAO]   scaling_factor         = 10
[BAO] VM: AFTER
[BAO]   depleated_op_type               = 4294967295
[BAO]   defined_pmu_read_val            = 382472
[BAO]   defined_pmu_write_val           = 38696995
[BAO]   current_used_read_budget        = 323744
[BAO]   current_used_write_budget       = 70274
[BAO]   new_read_budget                 = 370727
[BAO]   new_write_budget                = 38696995
[BAO]   total_used_read_budget          = 48904441
[BAO]   total_used_write_budget         = 11891069
[BAO]   total_calculated_new_read_budget = 0
[BAO]   total_calculated_new_write_budget= 0
[BAO] Counters: AFTER
[BAO] C0: 0
[BAO] C1: 0
[BAO] C2: 0
[BAO] C3: 0
[BAO] C4: 0
[BAO] C5: 0
[DEBUG] done
AFC,6206335,1054110,4723418,580454925,318059,557391,487763,556362,517132,427059,420709,345695,249648,321896,456710,442663,386331,395173,323744,70274,70274,70274,70274,70274,70274,70274,70274,70274,70274,70274,70274,70274,70274,70274,63611,162367,227446,293229,338009,355819,368797,364177,341272,337397,361259,377539,379297,382472,370727,38696995,38696995,38696995,38696995,38696995,38696995,38696995,38696995,38696995,38696995,38696995,38696995,38696995,38696995,38696995,
[DEBUG] TASK: OVER 0 | UNDER 0
[DEBUG] Configured counter.
[DEBUG] Started counter.
[DEBUG] get budget TIMEOUT: 
[DEBUG] (current_time_task_any - last_check_time_task_any) >= period_task_any
[DEBUG] (2560 - 2[DEBUG] OVERFLOW SIGNAL
4IGNAL
 30 | 75 >= 30
[DEBUG] suspending task 0
[DEBUG] suspending task 1
[DEBUG] Stoped counter.
[DEBUG] calling HC_regulator_get_new_budget
[BAO] regulator_budget_depleted	 formula 4
[BAO] VM: BEFORE
[BAO]   depleated_op_type               = 4294967295
[BAO]   defined_pmu_read_val            = 370727
[BAO]   defined_pmu_write_val           = 38696995
[BAO]   current_used_read_budget        = 323744
[BAO]   current_used_write_budget       = 70274
[BAO]   new_read_budget                 = 370727
[BAO]   new_write_budget                = 38696995
[BAO]   total_used_read_budget          = 48904441
[BAO]   total_used_write_budget         = 11891069
[BAO]   total_calculated_new_read_budget = 0
[BAO]   total_calculated_new_write_budget= 0
[BAO] Counters: BEFORE
[BAO] C0: 418072
[BAO] C1: 4256500153
[BAO] C2: 0
[BAO] C3: 0
[BAO] C4: 0
[BAO] C5: 0
[BAO] AFC: BEFORE
[BAO]   previous_read_budget   = 370727
[BAO]   previous_write_budget  = 0
[BAO]   proportional_gain      = 2
[BAO]   scaling_factor         = 10
[BAO] AFC: AFTER
[BAO]   previous_read_budget   = 380196
[BAO]   previous_write_budget  = 0
[BAO]   proportional_gain      = 2
[BAO]   scaling_factor         = 10
[BAO] VM: AFTER
[BAO]   depleated_op_type               = 4294967295
[BAO]   defined_pmu_read_val            = 370727
[BAO]   defined_pmu_write_val           = 38696995
[BAO]   current_used_read_budget        = 418072
[BAO]   current_used_write_budget       = 70274
[BAO]   new_read_budget                 = 380196
[BAO]   new_write_budget                = 38696995
[BAO]   total_used_read_budget          = 49322513
[BAO]   total_used_write_budget         = 11891069
[BAO]   total_calculated_new_read_budget = 0
[BAO]   total_calculated_new_write_budget= 0
[BAO] Counters: AFTER
[BAO] C0: 0
[BAO] C1: 0
[BAO] C2: 0
[BAO] C3: 0
[BAO] C4: 0
[BAO] C5: 0
[DEBUG] done
[DEBUG] Configured counter.
[DEBUG] Started counter.
[DEBUG] get budget TIMEOUT: 
[DEBUG] (current_time_task_any - last_check_time_task_any) >= period_task_a[DEBUG] OVERFLOW SIGNAL
ny
[DEBUG] (2591 - 2560) >= 30 | 31 >= 30
[DEBUG] suspending task 0
[DEBUG] suspending task 1
[DEBUG] Stoped counter.
[DEBUG] calling HC_regulator_get_new_budget
[BAO] regulator_budget_depleted	 formula 4
[BAO] VM: BEFORE
[BAO]   depleated_op_type               = 4294967295
[BAO]   defined_pmu_read_val            = 380196
[BAO]   defined_pmu_write_val           = 38696995
[BAO]   current_used_read_budget        = 418072
[BAO]   current_used_write_budget       = 70274
[BAO]   new_read_budget                 = 380196
[BAO]   new_write_budget                = 38696995
[BAO]   total_used_read_budget          = 49322513
[BAO]   total_used_write_budget         = 11891069
[BAO]   total_calculated_new_read_budget = 0
[BAO]   total_calculated_new_write_budget= 0
[BAO] Counters: BEFORE
[BAO] C0: 389097
[BAO] C1: 4256494249
[BAO] C2: 0
[BAO] C3: 0
[BAO] C4: 0
[BAO] C5: 0
[BAO] AFC: BEFORE
[BAO]   previous_read_budget   = 380196
[BAO]   previous_write_budget  = 0
[BAO]   proportional_gain      = 2
[BAO]   scaling_factor         = 10
[BAO] AFC: AFTER
[BAO]   previous_read_budget   = 381976
[BAO]   previous_write_budget  = 0
[BAO]   proportional_gain      = 2
[BAO]   scaling_factor         = 10
[BAO] VM: AFTER
[BAO]   depleated_op_type               = 4294967295
[BAO]   defined_pmu_read_val            = 380196
[BAO]   defined_pmu_write_val           = 38696995
[BAO]   current_used_read_budget        = 389097
[BAO]   current_used_write_budget       = 70274
[BAO]   new_read_budget                 = 381976
[BAO]   new_write_budget                = 38696995
[BAO]   total_used_read_budget          = 49711610
[BAO]   total_used_write_budget         = 11891069
[BAO]   total_calculated_new_read_budget = 0
[BAO]   total_calculated_new_write_budget= 0
[BAO] Counters: AFTER
[BAO] C0: 0
[BAO] C1: 0
[BAO] C2: 0
[BAO] C3: 0
[BAO] C4: 0
[BAO] C5: 0
[DEBUG] done
[DEBUG] Configured counter.
[DEBUG] Started counter.
[DEBUG] get budget TIMEOUT: 
[DEBUG] (current_time_task_any - last_check_time_task_any)[DEBUG] OVERFLOW SIGNAL
 >= period_task_any
[DEBUG] (2622 - 2591) >= 30 | 31 >= 30
[DEBUG] suspending task 0
[DEBUG] suspending task 1
[DEBUG] Stoped counter.
[DEBUG] calling HC_regulator_get_new_budget
[BAO] regulator_budget_depleted	 formula 4
[BAO] VM: BEFORE
[BAO]   depleated_op_type               = 4294967295
[BAO]   defined_pmu_read_val            = 381976
[BAO]   defined_pmu_write_val           = 38696995
[BAO]   current_used_read_budget        = 389097
[BAO]   current_used_write_budget       = 70274
[BAO]   new_read_budget                 = 381976
[BAO]   new_write_budget                = 38696995
[BAO]   total_used_read_budget          = 49711610
[BAO]   total_used_write_budget         = 11891069
[BAO]   total_calculated_new_read_budget = 0
[BAO]   total_calculated_new_write_budget= 0
[BAO] Counters: BEFORE
[BAO] C0: 377677
[BAO] C1: 4256491402
[BAO] C2: 0
[BAO] C3: 0
[BAO] C4: 0
[BAO] C5: 0
[BAO] AFC: BEFORE
[BAO]   previous_read_budget   = 381976
[BAO]   previous_write_budget  = 0
[BAO]   proportional_gain      = 2
[BAO]   scaling_factor         = 10
[BAO] AFC: AFTER
[BAO]   previous_read_budget   = 381117
[BAO]   previous_write_budget  = 0
[BAO]   proportional_gain      = 2
[BAO]   scaling_factor         = 10
[BAO] VM: AFTER
[BAO]   depleated_op_type               = 4294967295
[BAO]   defined_pmu_read_val            = 381976
[BAO]   defined_pmu_write_val           = 38696995
[BAO]   current_used_read_budget        = 377677
[BAO]   current_used_write_budget       = 70274
[BAO]   new_read_budget                 = 381117
[BAO]   new_write_budget                = 38696995
[BAO]   total_used_read_budget          = 50089287
[BAO]   total_used_write_budget         = 11891069
[BAO]   total_calculated_new_read_budget = 0
[BAO]   total_calculated_new_write_budget= 0
[BAO] Counters: AFTER
[BAO] C0: 0
[BAO] C1: 0
[BAO] C2: 0
[BAO] C3: 0
[BAO] C4: 0
[BAO] C5: 0
[DEBUG] done
[DEBUG] Configured counter.
[DEBUG] Started counter.
[DEBUG] get budget TIMEOUT: 
[DEBUG] (current_time_task_any - last_check_time_task_any) >= period_task_any
[DEBUG] (2653 - 2622) >= 30 | [DEBUG] OVERFLOW SIGNAL
31 >= 30
[DEBUG] suspending task 0
[DEBUG] suspending task 1
[DEBUG] Stoped counter.
[DEBUG] calling HC_regulator_get_new_budget
[BAO] regulator_budget_depleted	 formula 4
[BAO] VM: BEFORE
[BAO]   depleated_op_type               = 4294967295
[BAO]   defined_pmu_read_val            = 381117
[BAO]   defined_pmu_write_val           = 38696995
[BAO]   current_used_read_budget        = 377677
[BAO]   current_used_write_budget       = 70274
[BAO]   new_read_budget                 = 381117
[BAO]   new_write_budget                = 38696995
[BAO]   total_used_read_budget          = 50089287
[BAO]   total_used_write_budget         = 11891069
[BAO]   total_calculated_new_read_budget = 0
[BAO]   total_calculated_new_write_budget= 0
[BAO] Counters: BEFORE
[BAO] C0: 279385
[BAO] C1: 4256463112
[BAO] C2: 0
[BAO] C3: 0
[BAO] C4: 0
[BAO] C5: 0
[BAO] AFC: BEFORE
[BAO]   previous_read_budget   = 381117
[BAO]   previous_write_budget  = 0
[BAO]   proportional_gain      = 2
[BAO]   scaling_factor         = 10
[BAO] AFC: AFTER
[BAO]   previous_read_budget   = 360771
[BAO]   previous_write_budget  = 0
[BAO]   proportional_gain      = 2
[BAO]   scaling_factor         = 10
[BAO] VM: AFTER
[BAO]   depleated_op_type               = 4294967295
[BAO]   defined_pmu_read_val            = 381117
[BAO]   defined_pmu_write_val           = 38696995
[BAO]   current_used_read_budget        = 279385
[BAO]   current_used_write_budget       = 70274
[BAO]   new_read_budget                 = 360771
[BAO]   new_write_budget                = 38696995
[BAO]   total_used_read_budget          = 50368672
[BAO]   total_used_write_budget         = 11891069
[BAO]   total_calculated_new_read_budget = 0
[BAO]   total_calculated_new_write_budget= 0
[BAO] Counters: AFTER
[BAO] C0: 0
[BAO] C1: 0
[BAO] C2: 0
[BAO] C3: 0
[BAO] C4: 0
[BAO] C5: 0
[DEBUG] done
[DEBUG] Configured counter.
[DEBUG] Started counter.
[DEBUG] get budget TIMEOUT: 
[DEBUG] (current_time_task_any - last_check_time_task_any) >= period_task_any
[DEBUG] (2684 - 2653) >= 30 | 31 >= 30
[DEBUG] suspend[DEBUG] OVERFLOW SIGNAL
i SIGNAL
0
[DEBUG] suspending task 1
[DEBUG] Stoped counter.
[DEBUG] calling HC_regulator_get_new_budget
[BAO] regulator_budget_depleted	 formula 4
[BAO] VM: BEFORE
[BAO]   depleated_op_type               = 4294967295
[BAO]   defined_pmu_read_val            = 360771
[BAO]   defined_pmu_write_val           = 38696995
[BAO]   current_used_read_budget        = 279385
[BAO]   current_used_write_budget       = 70274
[BAO]   new_read_budget                 = 360771
[BAO]   new_write_budget                = 38696995
[BAO]   total_used_read_budget          = 50368672
[BAO]   total_used_write_budget         = 11891069
[BAO]   total_calculated_new_read_budget = 0
[BAO]   total_calculated_new_write_budget= 0
[BAO] Counters: BEFORE
[BAO] C0: 251603
[BAO] C1: 4256449437
[BAO] C2: 0
[BAO] C3: 0
[BAO] C4: 0
[BAO] C5: 0
[BAO] AFC: BEFORE
[BAO]   previous_read_budget   = 360771
[BAO]   previous_write_budget  = 0
[BAO]   proportional_gain      = 2
[BAO]   scaling_factor         = 10
[BAO] AFC: AFTER
[BAO]   previous_read_budget   = 338938
[BAO]   previous_write_budget  = 0
[BAO]   proportional_gain      = 2
[BAO]   scaling_factor         = 10
[BAO] VM: AFTER
[BAO]   depleated_op_type               = 4294967295
[BAO]   defined_pmu_read_val            = 360771
[BAO]   defined_pmu_write_val           = 38696995
[BAO]   current_used_read_budget        = 251603
[BAO]   current_used_write_budget       = 70274
[BAO]   new_read_budget                 = 338938
[BAO]   new_write_budget                = 38696995
[BAO]   total_used_read_budget          = 50620275
[BAO]   total_used_write_budget         = 11891069
[BAO]   total_calculated_new_read_budget = 0
[BAO]   total_calculated_new_write_budget= 0
[BAO] Counters: AFTER
[BAO] C0: 0
[BAO] C1: 0
[BAO] C2: 0
[BAO] C3: 0
[BAO] C4: 0
[BAO] C5: 0
[DEBUG] done
[DEBUG] Configured counter.
[DEBUG] Started counter.
[DEBUG] get budget TIMEOUT: 
[DEBUG] (current_time_task_any - last_check_time_task_any) >= period_task_any
[DEBUG] (2715 - 2684) >= 30 | 31 >= 30
[DEBUG] OVERFLOW SIGNAL
[DEBUG] OVERFLOW SIGNAL
0
[DEBUG] suspending task 1
[DEBUG] Stoped counter.
[DEBUG] calling HC_regulator_get_new_budget
[BAO] regulator_budget_depleted	 formula 4
[BAO] VM: BEFORE
[BAO]   depleated_op_type               = 4294967295
[BAO]   defined_pmu_read_val            = 338938
[BAO]   defined_pmu_write_val           = 38696995
[BAO]   current_used_read_budget        = 251603
[BAO]   current_used_write_budget       = 70274
[BAO]   new_read_budget                 = 338938
[BAO]   new_write_budget                = 38696995
[BAO]   total_used_read_budget          = 50620275
[BAO]   total_used_write_budget         = 11891069
[BAO]   total_calculated_new_read_budget = 0
[BAO]   total_calculated_new_write_budget= 0
[BAO] Counters: BEFORE
[BAO] C0: 389541
[BAO] C1: 4256482757
[BAO] C2: 0
[BAO] C3: 0
[BAO] C4: 0
[BAO] C5: 0
[BAO] AFC: BEFORE
[BAO]   previous_read_budget   = 338938
[BAO]   previous_write_budget  = 0
[BAO]   proportional_gain      = 2
[BAO]   scaling_factor         = 10
[BAO] AFC: AFTER
[BAO]   previous_read_budget   = 349058
[BAO]   previous_write_budget  = 0
[BAO]   proportional_gain      = 2
[BAO]   scaling_factor         = 10
[BAO] VM: AFTER
[BAO]   depleated_op_type               = 4294967295
[BAO]   defined_pmu_read_val            = 338938
[BAO]   defined_pmu_write_val           = 38696995
[BAO]   current_used_read_budget        = 389541
[BAO]   current_used_write_budget       = 70274
[BAO]   new_read_budget                 = 349058
[BAO]   new_write_budget                = 38696995
[BAO]   total_used_read_budget          = 51009816
[BAO]   total_used_write_budget         = 11891069
[BAO]   total_calculated_new_read_budget = 0
[BAO]   total_calculated_new_write_budget= 0
[BAO] Counters: AFTER
[BAO] C0: 0
[BAO] C1: 0
[BAO] C2: 0
[BAO] C3: 0
[BAO] C4: 0
[BAO] C5: 0
[DEBUG] done
[DEBUG] Configured counter.
[DEBUG] Started counter.
[DEBUG] get budget TIMEOUT: 
[DEBUG] (current_time_task_any - last_check_time_task_any) >= period_task_any
[DEBUG] (2746 - 2715) >= 30 |[DEBUG] OVERFLOW SIGNAL
 31 >= 30
[DEBUG] suspending task 0
[DEBUG] suspending task 1
[DEBUG] Stoped counter.
[DEBUG] calling HC_regulator_get_new_budget
[BAO] regulator_budget_depleted	 formula 4
[BAO] VM: BEFORE
[BAO]   depleated_op_type               = 4294967295
[BAO]   defined_pmu_read_val            = 349058
[BAO]   defined_pmu_write_val           = 38696995
[BAO]   current_used_read_budget        = 389541
[BAO]   current_used_write_budget       = 70274
[BAO]   new_read_budget                 = 349058
[BAO]   new_write_budget                = 38696995
[BAO]   total_used_read_budget          = 51009816
[BAO]   total_used_write_budget         = 11891069
[BAO]   total_calculated_new_read_budget = 0
[BAO]   total_calculated_new_write_budget= 0
[BAO] Counters: BEFORE
[BAO] C0: 465408
[BAO] C1: 4256507151
[BAO] C2: 0
[BAO] C3: 0
[BAO] C4: 0
[BAO] C5: 0
[BAO] AFC: BEFORE
[BAO]   previous_read_budget   = 349058
[BAO]   previous_write_budget  = 0
[BAO]   proportional_gain      = 2
[BAO]   scaling_factor         = 10
[BAO] AFC: AFTER
[BAO]   previous_read_budget   = 372328
[BAO]   previous_write_budget  = 0
[BAO]   proportional_gain      = 2
[BAO]   scaling_factor         = 10
[BAO] VM: AFTER
[BAO]   depleated_op_type               = 4294967295
[BAO]   defined_pmu_read_val            = 349058
[BAO]   defined_pmu_write_val           = 38696995
[BAO]   current_used_read_budget        = 465408
[BAO]   current_used_write_budget       = 70274
[BAO]   new_read_budget                 = 372328
[BAO]   new_write_budget                = 38696995
[BAO]   total_used_read_budget          = 51475224
[BAO]   total_used_write_budget         = 11891069
[BAO]   total_calculated_new_read_budget = 0
[BAO]   total_calculated_new_write_budget= 0
[BAO] Counters: AFTER
[BAO] C0: 0
[BAO] C1: 0
[BAO] C2: 0
[BAO] C3: 0
[BAO] C4: 0
[BAO] C5: 0
[DEBUG] done
[DEBUG] Configured counter.
[DEBUG] Started counter.
[DEBUG] get budget TIMEOUT: 
[DEBUG] (current_time_task_any - last_check_time_task_any) >= period_task_any
[DEBUG] (2777 [DEBUG] OVERFLOW SIGNAL
-W SIGNAL
 30 | 31 >= 30
[DEBUG] suspending task 0
[DEBUG] suspending task 1
[DEBUG] Stoped counter.
[DEBUG] calling HC_regulator_get_new_budget
[BAO] regulator_budget_depleted	 formula 4
[BAO] VM: BEFORE
[BAO]   depleated_op_type               = 4294967295
[BAO]   defined_pmu_read_val            = 372328
[BAO]   defined_pmu_write_val           = 38696995
[BAO]   current_used_read_budget        = 465408
[BAO]   current_used_write_budget       = 70274
[BAO]   new_read_budget                 = 372328
[BAO]   new_write_budget                = 38696995
[BAO]   total_used_read_budget          = 51475224
[BAO]   total_used_write_budget         = 11891069
[BAO]   total_calculated_new_read_budget = 0
[BAO]   total_calculated_new_write_budget= 0
[BAO] Counters: BEFORE
[BAO] C0: 408861
[BAO] C1: 4256497718
[BAO] C2: 0
[BAO] C3: 0
[BAO] C4: 0
[BAO] C5: 0
[BAO] AFC: BEFORE
[BAO]   previous_read_budget   = 372328
[BAO]   previous_write_budget  = 0
[BAO]   proportional_gain      = 2
[BAO]   scaling_factor         = 10
[BAO] AFC: AFTER
[BAO]   previous_read_budget   = 379634
[BAO]   previous_write_budget  = 0
[BAO]   proportional_gain      = 2
[BAO]   scaling_factor         = 10
[BAO] VM: AFTER
[BAO]   depleated_op_type               = 4294967295
[BAO]   defined_pmu_read_val            = 372328
[BAO]   defined_pmu_write_val           = 38696995
[BAO]   current_used_read_budget        = 408861
[BAO]   current_used_write_budget       = 70274
[BAO]   new_read_budget                 = 379634
[BAO]   new_write_budget                = 38696995
[BAO]   total_used_read_budget          = 51884085
[BAO]   total_used_write_budget         = 11891069
[BAO]   total_calculated_new_read_budget = 0
[BAO]   total_calculated_new_write_budget= 0
[BAO] Counters: AFTER
[BAO] C0: 0
[BAO] C1: 0
[BAO] C2: 0
[BAO] C3: 0
[BAO] C4: 0
[BAO] C5: 0
[DEBUG] done
[DEBUG] Configured counter.
[DEBUG] Started counter.
[DEBUG] get budget TIMEOUT: 
[DEBUG] (current_time_task_any - last_check_time_task_any) >= period_tas[DEBUG] OVERFLOW SIGNAL
k_any
[DEBUG] (2808 - 2777) >= 30 | 31 >= 30
[DEBUG] suspending task 0
[DEBUG] suspending task 1
[DEBUG] Stoped counter.
[DEBUG] calling HC_regulator_get_new_budget
[BAO] regulator_budget_depleted	 formula 4
[BAO] VM: BEFORE
[BAO]   depleated_op_type               = 4294967295
[BAO]   defined_pmu_read_val            = 379634
[BAO]   defined_pmu_write_val           = 38696995
[BAO]   current_used_read_budget        = 408861
[BAO]   current_used_write_budget       = 70274
[BAO]   new_read_budget                 = 379634
[BAO]   new_write_budget                = 38696995
[BAO]   total_used_read_budget          = 51884085
[BAO]   total_used_write_budget         = 11891069
[BAO]   total_calculated_new_read_budget = 0
[BAO]   total_calculated_new_write_budget= 0
[BAO] Counters: BEFORE
[BAO] C0: 389770
[BAO] C1: 4256494199
[BAO] C2: 0
[BAO] C3: 0
[BAO] C4: 0
[BAO] C5: 0
[BAO] AFC: BEFORE
[BAO]   previous_read_budget   = 379634
[BAO]   previous_write_budget  = 0
[BAO]   proportional_gain      = 2
[BAO]   scaling_factor         = 10
[BAO] AFC: AFTER
[BAO]   previous_read_budget   = 381661
[BAO]   previous_write_budget  = 0
[BAO]   proportional_gain      = 2
[BAO]   scaling_factor         = 10
[BAO] VM: AFTER
[BAO]   depleated_op_type               = 4294967295
[BAO]   defined_pmu_read_val            = 379634
[BAO]   defined_pmu_write_val           = 38696995
[BAO]   current_used_read_budget        = 389770
[BAO]   current_used_write_budget       = 70274
[BAO]   new_read_budget                 = 381661
[BAO]   new_write_budget                = 38696995
[BAO]   total_used_read_budget          = 52273855
[BAO]   total_used_write_budget         = 11891069
[BAO]   total_calculated_new_read_budget = 0
[BAO]   total_calculated_new_write_budget= 0
[BAO] Counters: AFTER
[BAO] C0: 0
[BAO] C1: 0
[BAO] C2: 0
[BAO] C3: 0
[BAO] C4: 0
[BAO] C5: 0
[DEBUG] done
[DEBUG] Configured counter.
[DEBUG] Started counter.
[DEBUG] get budget TIMEOUT: 
[DEBUG] (current_time_task_any - last_check_time_task_any)[DEBUG] OVERFLOW SIGNAL
 >= period_task_any
[DEBUG] (2838 - 2808) >= 30 | 30 >= 30
[DEBUG] suspending task 0
[DEBUG] suspending task 1
[DEBUG] Stoped counter.
[DEBUG] calling HC_regulator_get_new_budget
[BAO] regulator_budget_depleted	 formula 4
[BAO] VM: BEFORE
[BAO]   depleated_op_type               = 4294967295
[BAO]   defined_pmu_read_val            = 381661
[BAO]   defined_pmu_write_val           = 38696995
[BAO]   current_used_read_budget        = 389770
[BAO]   current_used_write_budget       = 70274
[BAO]   new_read_budget                 = 381661
[BAO]   new_write_budget                = 38696995
[BAO]   total_used_read_budget          = 52273855
[BAO]   total_used_write_budget         = 11891069
[BAO]   total_calculated_new_read_budget = 0
[BAO]   total_calculated_new_write_budget= 0
[BAO] Counters: BEFORE
[BAO] C0: 360630
[BAO] C1: 4256486436
[BAO] C2: 0
[BAO] C3: 0
[BAO] C4: 0
[BAO] C5: 0
[BAO] AFC: BEFORE
[BAO]   previous_read_budget   = 381661
[BAO]   previous_write_budget  = 0
[BAO]   proportional_gain      = 2
[BAO]   scaling_factor         = 10
[BAO] AFC: AFTER
[BAO]   previous_read_budget   = 377455
[BAO]   previous_write_budget  = 0
[BAO]   proportional_gain      = 2
[BAO]   scaling_factor         = 10
[BAO] VM: AFTER
[BAO]   depleated_op_type               = 4294967295
[BAO]   defined_pmu_read_val            = 381661
[BAO]   defined_pmu_write_val           = 38696995
[BAO]   current_used_read_budget        = 360630
[BAO]   current_used_write_budget       = 70274
[BAO]   new_read_budget                 = 377455
[BAO]   new_write_budget                = 38696995
[BAO]   total_used_read_budget          = 52634485
[BAO]   total_used_write_budget         = 11891069
[BAO]   total_calculated_new_read_budget = 0
[BAO]   total_calculated_new_write_budget= 0
[BAO] Counters: AFTER
[BAO] C0: 0
[BAO] C1: 0
[BAO] C2: 0
[BAO] C3: 0
[BAO] C4: 0
[BAO] C5: 0
[DEBUG] done
[DEBUG] Configured counter.
[DEBUG] Started counter.
[DEBUG] get budget TIMEOUT: 
[DEBUG] (current_time_task_any - last_check_time_task_any) >= period_task_any
[DEBUG] (2869 - 2838) >= 30 | 31 >=[DEBUG] OVERFLOW SIGNAL
 30
[DEBUG] suspending task 0
[DEBUG] suspending task 1
[DEBUG] Stoped counter.
[DEBUG] calling HC_regulator_get_new_budget
[BAO] regulator_budget_depleted	 formula 4
[BAO] VM: BEFORE
[BAO]   depleated_op_type               = 4294967295
[BAO]   defined_pmu_read_val            = 377455
[BAO]   defined_pmu_write_val           = 38696995
[BAO]   current_used_read_budget        = 360630
[BAO]   current_used_write_budget       = 70274
[BAO]   new_read_budget                 = 377455
[BAO]   new_write_budget                = 38696995
[BAO]   total_used_read_budget          = 52634485
[BAO]   total_used_write_budget         = 11891069
[BAO]   total_calculated_new_read_budget = 0
[BAO]   total_calculated_new_write_budget= 0
[BAO] Counters: BEFORE
[BAO] C0: 263334
[BAO] C1: 4256457439
[BAO] C2: 0
[BAO] C3: 0
[BAO] C4: 0
[BAO] C5: 0
[BAO] AFC: BEFORE
[BAO]   previous_read_budget   = 377455
[BAO]   previous_write_budget  = 0
[BAO]   proportional_gain      = 2
[BAO]   scaling_factor         = 10
[BAO] AFC: AFTER
[BAO]   previous_read_budget   = 354631
[BAO]   previous_write_budget  = 0
[BAO]   proportional_gain      = 2
[BAO]   scaling_factor         = 10
[BAO] VM: AFTER
[BAO]   depleated_op_type               = 4294967295
[BAO]   defined_pmu_read_val            = 377455
[BAO]   defined_pmu_write_val           = 38696995
[BAO]   current_used_read_budget        = 263334
[BAO]   current_used_write_budget       = 70274
[BAO]   new_read_budget                 = 354631
[BAO]   new_write_budget                = 38696995
[BAO]   total_used_read_budget          = 52897819
[BAO]   total_used_write_budget         = 11891069
[BAO]   total_calculated_new_read_budget = 0
[BAO]   total_calculated_new_write_budget= 0
[BAO] Counters: AFTER
[BAO] C0: 0
[BAO] C1: 0
[BAO] C2: 0
[BAO] C3: 0
[BAO] C4: 0
[BAO] C5: 0
[DEBUG] done
[DEBUG] Configured counter.
[DEBUG] Started counter.
[DEBUG] get budget TIMEOUT: 
[DEBUG] (current_time_task_any - last_check_time_task_any) >= period_task_any
[DEBUG] (2900 - 2869) >= 30 | 31 >= 30
[DEBUG] suspe[DEBUG] OVERFLOW SIGNAL
nOW SIGNAL
0
[DEBUG] suspending task 1
[DEBUG] Stoped counter.
[DEBUG] calling HC_regulator_get_new_budget
[BAO] regulator_budget_depleted	 formula 4
[BAO] VM: BEFORE
[BAO]   depleated_op_type               = 4294967295
[BAO]   defined_pmu_read_val            = 354631
[BAO]   defined_pmu_write_val           = 38696995
[BAO]   current_used_read_budget        = 263334
[BAO]   current_used_write_budget       = 70274
[BAO]   new_read_budget                 = 354631
[BAO]   new_write_budget                = 38696995
[BAO]   total_used_read_budget          = 52897819
[BAO]   total_used_write_budget         = 11891069
[BAO]   total_calculated_new_read_budget = 0
[BAO]   total_calculated_new_write_budget= 0
[BAO] Counters: BEFORE
[BAO] C0: 269011
[BAO] C1: 4256452534
[BAO] C2: 0
[BAO] C3: 0
[BAO] C4: 0
[BAO] C5: 0
[BAO] AFC: BEFORE
[BAO]   previous_read_budget   = 354631
[BAO]   previous_write_budget  = 0
[BAO]   proportional_gain      = 2
[BAO]   scaling_factor         = 10
[BAO] AFC: AFTER
[BAO]   previous_read_budget   = 337507
[BAO]   previous_write_budget  = 0
[BAO]   proportional_gain      = 2
[BAO]   scaling_factor         = 10
[BAO] VM: AFTER
[BAO]   depleated_op_type               = 4294967295
[BAO]   defined_pmu_read_val            = 354631
[BAO]   defined_pmu_write_val           = 38696995
[BAO]   current_used_read_budget        = 269011
[BAO]   current_used_write_budget       = 70274
[BAO]   new_read_budget                 = 337507
[BAO]   new_write_budget                = 38696995
[BAO]   total_used_read_budget          = 53166830
[BAO]   total_used_write_budget         = 11891069
[BAO]   total_calculated_new_read_budget = 0
[BAO]   total_calculated_new_write_budget= 0
[BAO] Counters: AFTER
[BAO] C0: 0
[BAO] C1: 0
[BAO] C2: 0
[BAO] C3: 0
[BAO] C4: 0
[BAO] C5: 0
[DEBUG] done
[DEBUG] Configured counter.
[DEBUG] Started counter.
[DEBUG] get budget TIMEOUT: 
[DEBUG] (current_time_task_any - last_check_time_task_any) >= period_task_any
[DEBUG] (2931 - 2900) >= 30 | 31 >= 3[DEBUG] OVERFLOW SIGNAL
0
[DEBUG] suspending task 0
[DEBUG] suspending task 1
[DEBUG] Stoped counter.
[DEBUG] calling HC_regulator_get_new_budget
[BAO] regulator_budget_depleted	 formula 4
[BAO] VM: BEFORE
[BAO]   depleated_op_type               = 4294967295
[BAO]   defined_pmu_read_val            = 337507
[BAO]   defined_pmu_write_val           = 38696995
[BAO]   current_used_read_budget        = 269011
[BAO]   current_used_write_budget       = 70274
[BAO]   new_read_budget                 = 337507
[BAO]   new_write_budget                = 38696995
[BAO]   total_used_read_budget          = 53166830
[BAO]   total_used_write_budget         = 11891069
[BAO]   total_calculated_new_read_budget = 0
[BAO]   total_calculated_new_write_budget= 0
[BAO] Counters: BEFORE
[BAO] C0: 407004
[BAO] C1: 4256487147
[BAO] C2: 0
[BAO] C3: 0
[BAO] C4: 0
[BAO] C5: 0
[BAO] AFC: BEFORE
[BAO]   previous_read_budget   = 337507
[BAO]   previous_write_budget  = 0
[BAO]   proportional_gain      = 2
[BAO]   scaling_factor         = 10
[BAO] AFC: AFTER
[BAO]   previous_read_budget   = 351406
[BAO]   previous_write_budget  = 0
[BAO]   proportional_gain      = 2
[BAO]   scaling_factor         = 10
[BAO] VM: AFTER
[BAO]   depleated_op_type               = 4294967295
[BAO]   defined_pmu_read_val            = 337507
[BAO]   defined_pmu_write_val           = 38696995
[BAO]   current_used_read_budget        = 407004
[BAO]   current_used_write_budget       = 70274
[BAO]   new_read_budget                 = 351406
[BAO]   new_write_budget                = 38696995
[BAO]   total_used_read_budget          = 53573834
[BAO]   total_used_write_budget         = 11891069
[BAO]   total_calculated_new_read_budget = 0
[BAO]   total_calculated_new_write_budget= 0
[BAO] Counters: AFTER
[BAO] C0: 0
[BAO] C1: 0
[BAO] C2: 0
[BAO] C3: 0
[BAO] C4: 0
[BAO] C5: 0
[DEBUG] done
[DEBUG] Configured counter.
[DEBUG] Started counter.
[DEBUG] get budget TIMEOUT: 
[DEBUG] (current_time_task_any - last_check_time_task_any) >= period_task_any
[DEBUG] (2962 - 2931) >= 3[DEBUG] OVERFLOW SIGNAL
0 | 31 >= 30
[DEBUG] suspending task 0
[DEBUG] suspending task 1
[DEBUG] Stoped counter.
[DEBUG] calling HC_regulator_get_new_budget
[BAO] regulator_budget_depleted	 formula 4
[BAO] VM: BEFORE
[BAO]   depleated_op_type               = 4294967295
[BAO]   defined_pmu_read_val            = 351406
[BAO]   defined_pmu_write_val           = 38696995
[BAO]   current_used_read_budget        = 407004
[BAO]   current_used_write_budget       = 70274
[BAO]   new_read_budget                 = 351406
[BAO]   new_write_budget                = 38696995
[BAO]   total_used_read_budget          = 53573834
[BAO]   total_used_write_budget         = 11891069
[BAO]   total_calculated_new_read_budget = 0
[BAO]   total_calculated_new_write_budget= 0
[BAO] Counters: BEFORE
[BAO] C0: 464519
[BAO] C1: 4256507525
[BAO] C2: 0
[BAO] C3: 0
[BAO] C4: 0
[BAO] C5: 0
[BAO] AFC: BEFORE
[BAO]   previous_read_budget   = 351406
[BAO]   previous_write_budget  = 0
[BAO]   proportional_gain      = 2
[BAO]   scaling_factor         = 10
[BAO] AFC: AFTER
[BAO]   previous_read_budget   = 374028
[BAO]   previous_write_budget  = 0
[BAO]   proportional_gain      = 2
[BAO]   scaling_factor         = 10
[BAO] VM: AFTER
[BAO]   depleated_op_type               = 4294967295
[BAO]   defined_pmu_read_val            = 351406
[BAO]   defined_pmu_write_val           = 38696995
[BAO]   current_used_read_budget        = 464519
[BAO]   current_used_write_budget       = 70274
[BAO]   new_read_budget                 = 374028
[BAO]   new_write_budget                = 38696995
[BAO]   total_used_read_budget          = 54038353
[BAO]   total_used_write_budget         = 11891069
[BAO]   total_calculated_new_read_budget = 0
[BAO]   total_calculated_new_write_budget= 0
[BAO] Counters: AFTER
[BAO] C0: 0
[BAO] C1: 0
[BAO] C2: 0
[BAO] C3: 0
[BAO] C4: 0
[BAO] C5: 0
[DEBUG] done
[DEBUG] Configured counter.
[DEBUG] Started counter.
[DEBUG] get budget TIMEOUT: 
[DEBUG] (current_time_task_any - last_check_time_task_any) >= period_task_any
[DEBUG] (299[DEBUG] OVERFLOW SIGNAL
3LOW SIGNAL
 30 | 31 >= 30
[DEBUG] suspending task 0
[DEBUG] suspending task 1
[DEBUG] Stoped counter.
[DEBUG] calling HC_regulator_get_new_budget
[BAO] regulator_budget_depleted	 formula 4
[BAO] VM: BEFORE
[BAO]   depleated_op_type               = 4294967295
[BAO]   defined_pmu_read_val            = 374028
[BAO]   defined_pmu_write_val           = 38696995
[BAO]   current_used_read_budget        = 464519
[BAO]   current_used_write_budget       = 70274
[BAO]   new_read_budget                 = 374028
[BAO]   new_write_budget                = 38696995
[BAO]   total_used_read_budget          = 54038353
[BAO]   total_used_write_budget         = 11891069
[BAO]   total_calculated_new_read_budget = 0
[BAO]   total_calculated_new_write_budget= 0
[BAO] Counters: BEFORE
[BAO] C0: 400573
[BAO] C1: 4256495750
[BAO] C2: 0
[BAO] C3: 0
[BAO] C4: 0
[BAO] C5: 0
[BAO] AFC: BEFORE
[BAO]   previous_read_budget   = 374028
[BAO]   previous_write_budget  = 0
[BAO]   proportional_gain      = 2
[BAO]   scaling_factor         = 10
[BAO] AFC: AFTER
[BAO]   previous_read_budget   = 379337
[BAO]   previous_write_budget  = 0
[BAO]   proportional_gain      = 2
[BAO]   scaling_factor         = 10
[BAO] VM: AFTER
[BAO]   depleated_op_type               = 4294967295
[BAO]   defined_pmu_read_val            = 374028
[BAO]   defined_pmu_write_val           = 38696995
[BAO]   current_used_read_budget        = 400573
[BAO]   current_used_write_budget       = 70274
[BAO]   new_read_budget                 = 379337
[BAO]   new_write_budget                = 38696995
[BAO]   total_used_read_budget          = 54438926
[BAO]   total_used_write_budget         = 11891069
[BAO]   total_calculated_new_read_budget = 0
[BAO]   total_calculated_new_write_budget= 0
[BAO] Counters: AFTER
[BAO] C0: 0
[BAO] C1: 0
[BAO] C2: 0
[BAO] C3: 0
[BAO] C4: 0
[BAO] C5: 0
[DEBUG] done
[DEBUG] Configured counter.
[DEBUG] Started counter.
[DEBUG] get budget TIMEOUT: 
[DEBUG] (current_time_task_any - last_check_time_task_any) >= period[DEBUG] OVERFLOW SIGNAL
_task_any
[DEBUG] (3024 - 2993) >= 30 | 31 >= 30
[DEBUG] suspending task 0
[DEBUG] suspending task 1
[DEBUG] Stoped counter.
[DEBUG] calling HC_regulator_get_new_budget
[BAO] regulator_budget_depleted	 formula 4
[BAO] VM: BEFORE
[BAO]   depleated_op_type               = 4294967295
[BAO]   defined_pmu_read_val            = 379337
[BAO]   defined_pmu_write_val           = 38696995
[BAO]   current_used_read_budget        = 400573
[BAO]   current_used_write_budget       = 70274
[BAO]   new_read_budget                 = 379337
[BAO]   new_write_budget                = 38696995
[BAO]   total_used_read_budget          = 54438926
[BAO]   total_used_write_budget         = 11891069
[BAO]   total_calculated_new_read_budget = 0
[BAO]   total_calculated_new_write_budget= 0
[BAO] Counters: BEFORE
[BAO] C0: 390553
[BAO] C1: 4256494400
[BAO] C2: 0
[BAO] C3: 0
[BAO] C4: 0
[BAO] C5: 0
[BAO] AFC: BEFORE
[BAO]   previous_read_budget   = 379337
[BAO]   previous_write_budget  = 0
[BAO]   proportional_gain      = 2
[BAO]   scaling_factor         = 10
[BAO] AFC: AFTER
[BAO]   previous_read_budget   = 381580
[BAO]   previous_write_budget  = 0
[BAO]   proportional_gain      = 2
[BAO]   scaling_factor         = 10
[BAO] VM: AFTER
[BAO]   depleated_op_type               = 4294967295
[BAO]   defined_pmu_read_val            = 379337
[BAO]   defined_pmu_write_val           = 38696995
[BAO]   current_used_read_budget        = 390553
[BAO]   current_used_write_budget       = 70274
[BAO]   new_read_budget                 = 381580
[BAO]   new_write_budget                = 38696995
[BAO]   total_used_read_budget          = 54829479
[BAO]   total_used_write_budget         = 11891069
[BAO]   total_calculated_new_read_budget = 0
[BAO]   total_calculated_new_write_budget= 0
[BAO] Counters: AFTER
[BAO] C0: 0
[BAO] C1: 0
[BAO] C2: 0
[BAO] C3: 0
[BAO] C4: 0
[BAO] C5: 0
[DEBUG] done
[DEBUG] Configured counter.
[DEBUG] Started counter.
[DEBUG] get budget TIMEOUT: 
[DEBUG] (current_time_task_any - last_check_time_task_any) >= pe[DEBUG] OVERFLOW SIGNAL
riod_task_any
[DEBUG] (3055 - 3024) >= 30 | 31 >= 30
[DEBUG] suspending task 0
[DEBUG] suspending task 1
[DEBUG] Stoped counter.
[DEBUG] calling HC_regulator_get_new_budget
[BAO] regulator_budget_depleted	 formula 4
[BAO] VM: BEFORE
[BAO]   depleated_op_type               = 4294967295
[BAO]   defined_pmu_read_val            = 381580
[BAO]   defined_pmu_write_val           = 38696995
[BAO]   current_used_read_budget        = 390553
[BAO]   current_used_write_budget       = 70274
[BAO]   new_read_budget                 = 381580
[BAO]   new_write_budget                = 38696995
[BAO]   total_used_read_budget          = 54829479
[BAO]   total_used_write_budget         = 11891069
[BAO]   total_calculated_new_read_budget = 0
[BAO]   total_calculated_new_write_budget= 0
[BAO] Counters: BEFORE
[BAO] C0: 346936
[BAO] C1: 4256482645
[BAO] C2: 0
[BAO] C3: 0
[BAO] C4: 0
[BAO] C5: 0
[BAO] AFC: BEFORE
[BAO]   previous_read_budget   = 381580
[BAO]   previous_write_budget  = 0
[BAO]   proportional_gain      = 2
[BAO]   scaling_factor         = 10
[BAO] AFC: AFTER
[BAO]   previous_read_budget   = 374652
[BAO]   previous_write_budget  = 0
[BAO]   proportional_gain      = 2
[BAO]   scaling_factor         = 10
[BAO] VM: AFTER
[BAO]   depleated_op_type               = 4294967295
[BAO]   defined_pmu_read_val            = 381580
[BAO]   defined_pmu_write_val           = 38696995
[BAO]   current_used_read_budget        = 346936
[BAO]   current_used_write_budget       = 70274
[BAO]   new_read_budget                 = 374652
[BAO]   new_write_budget                = 38696995
[BAO]   total_used_read_budget          = 55176415
[BAO]   total_used_write_budget         = 11891069
[BAO]   total_calculated_new_read_budget = 0
[BAO]   total_calculated_new_write_budget= 0
[BAO] Counters: AFTER
[BAO] C0: 0
[BAO] C1: 0
[BAO] C2: 0
[BAO] C3: 0
[BAO] C4: 0
[BAO] C5: 0
[DEBUG] done
[DEBUG] Configured counter.
[DEBUG] Started counter.
[DEBUG] get budget TIMEOUT: 
[DEBUG] (current_time_task_any - last_check_time_task_any) >= period_task_any
[DEBUG] (3086 - 3055) >= 30 | 31 >= 30[DEBUG] OVERFLOW SIGNAL

[DEBUG] suspending task 0
[DEBUG] suspending task 1
[DEBUG] Stoped counter.
[DEBUG] calling HC_regulator_get_new_budget
[BAO] regulator_budget_depleted	 formula 4
[BAO] VM: BEFORE
[BAO]   depleated_op_type               = 4294967295
[BAO]   defined_pmu_read_val            = 374652
[BAO]   defined_pmu_write_val           = 38696995
[BAO]   current_used_read_budget        = 346936
[BAO]   current_used_write_budget       = 70274
[BAO]   new_read_budget                 = 374652
[BAO]   new_write_budget                = 38696995
[BAO]   total_used_read_budget          = 55176415
[BAO]   total_used_write_budget         = 11891069
[BAO]   total_calculated_new_read_budget = 0
[BAO]   total_calculated_new_write_budget= 0
[BAO] Counters: BEFORE
[BAO] C0: 255591
[BAO] C1: 4256454562
[BAO] C2: 0
[BAO] C3: 0
[BAO] C4: 0
[BAO] C5: 0
[BAO] AFC: BEFORE
[BAO]   previous_read_budget   = 374652
[BAO]   previous_write_budget  = 0
[BAO]   proportional_gain      = 2
[BAO]   scaling_factor         = 10
[BAO] AFC: AFTER
[BAO]   previous_read_budget   = 350840
[BAO]   previous_write_budget  = 0
[BAO]   proportional_gain      = 2
[BAO]   scaling_factor         = 10
[BAO] VM: AFTER
[BAO]   depleated_op_type               = 4294967295
[BAO]   defined_pmu_read_val            = 374652
[BAO]   defined_pmu_write_val           = 38696995
[BAO]   current_used_read_budget        = 255591
[BAO]   current_used_write_budget       = 70274
[BAO]   new_read_budget                 = 350840
[BAO]   new_write_budget                = 38696995
[BAO]   total_used_read_budget          = 55432006
[BAO]   total_used_write_budget         = 11891069
[BAO]   total_calculated_new_read_budget = 0
[BAO]   total_calculated_new_write_budget= 0
[BAO] Counters: AFTER
[BAO] C0: 0
[BAO] C1: 0
[BAO] C2: 0
[BAO] C3: 0
[BAO] C4: 0
[BAO] C5: 0
[DEBUG] done
[DEBUG] Configured counter.
[DEBUG] Started counter.
[DEBUG] get budget TIMEOUT: 
[DEBUG] (current_time_task_any - last_check_time_task_any) >= period_task_any
[DEBUG] (3117 - 3086) >= 30 | 31 >= 30
[DEBUG] s[DEBUG] OVERFLOW SIGNAL
uERFLOW SIGNAL
0
[DEBUG] suspending task 1
[DEBUG] Stoped counter.
[DEBUG] calling HC_regulator_get_new_budget
[BAO] regulator_budget_depleted	 formula 4
[BAO] VM: BEFORE
[BAO]   depleated_op_type               = 4294967295
[BAO]   defined_pmu_read_val            = 350840
[BAO]   defined_pmu_write_val           = 38696995
[BAO]   current_used_read_budget        = 255591
[BAO]   current_used_write_budget       = 70274
[BAO]   new_read_budget                 = 350840
[BAO]   new_write_budget                = 38696995
[BAO]   total_used_read_budget          = 55432006
[BAO]   total_used_write_budget         = 11891069
[BAO]   total_calculated_new_read_budget = 0
[BAO]   total_calculated_new_write_budget= 0
[BAO] Counters: BEFORE
[BAO] C0: 291074
[BAO] C1: 4256457767
[BAO] C2: 0
[BAO] C3: 0
[BAO] C4: 0
[BAO] C5: 0
[BAO] AFC: BEFORE
[BAO]   previous_read_budget   = 350840
[BAO]   previous_write_budget  = 0
[BAO]   proportional_gain      = 2
[BAO]   scaling_factor         = 10
[BAO] AFC: AFTER
[BAO]   previous_read_budget   = 338887
[BAO]   previous_write_budget  = 0
[BAO]   proportional_gain      = 2
[BAO]   scaling_factor         = 10
[BAO] VM: AFTER
[BAO]   depleated_op_type               = 4294967295
[BAO]   defined_pmu_read_val            = 350840
[BAO]   defined_pmu_write_val           = 38696995
[BAO]   current_used_read_budget        = 291074
[BAO]   current_used_write_budget       = 70274
[BAO]   new_read_budget                 = 338887
[BAO]   new_write_budget                = 38696995
[BAO]   total_used_read_budget          = 55723080
[BAO]   total_used_write_budget         = 11891069
[BAO]   total_calculated_new_read_budget = 0
[BAO]   total_calculated_new_write_budget= 0
[BAO] Counters: AFTER
[BAO] C0: 0
[BAO] C1: 0
[BAO] C2: 0
[BAO] C3: 0
[BAO] C4: 0
[BAO] C5: 0
[DEBUG] done
[DEBUG] Configured counter.
[DEBUG] Started counter.
[DEBUG] get budget TIMEOUT: 
[DEBUG] (current_time_task_any - last_check_time_task_any) >= period_task_any
[DEBUG] (3148 - 3117) >= 30 | 31 >= 3[DEBUG] OVERFLOW SIGNAL
0
[DEBUG] suspending task 0
[DEBUG] suspending task 1
[DEBUG] Stoped counter.
[DEBUG] calling HC_regulator_get_new_budget
[BAO] regulator_budget_depleted	 formula 4
[BAO] VM: BEFORE
[BAO]   depleated_op_type               = 4294967295
[BAO]   defined_pmu_read_val            = 338887
[BAO]   defined_pmu_write_val           = 38696995
[BAO]   current_used_read_budget        = 291074
[BAO]   current_used_write_budget       = 70274
[BAO]   new_read_budget                 = 338887
[BAO]   new_write_budget                = 38696995
[BAO]   total_used_read_budget          = 55723080
[BAO]   total_used_write_budget         = 11891069
[BAO]   total_calculated_new_read_budget = 0
[BAO]   total_calculated_new_write_budget= 0
[BAO] Counters: BEFORE
[BAO] C0: 422415
[BAO] C1: 4256491974
[BAO] C2: 0
[BAO] C3: 0
[BAO] C4: 0
[BAO] C5: 0
[BAO] AFC: BEFORE
[BAO]   previous_read_budget   = 338887
[BAO]   previous_write_budget  = 0
[BAO]   proportional_gain      = 2
[BAO]   scaling_factor         = 10
[BAO] AFC: AFTER
[BAO]   previous_read_budget   = 355592
[BAO]   previous_write_budget  = 0
[BAO]   proportional_gain      = 2
[BAO]   scaling_factor         = 10
[BAO] VM: AFTER
[BAO]   depleated_op_type               = 4294967295
[BAO]   defined_pmu_read_val            = 338887
[BAO]   defined_pmu_write_val           = 38696995
[BAO]   current_used_read_budget        = 422415
[BAO]   current_used_write_budget       = 70274
[BAO]   new_read_budget                 = 355592
[BAO]   new_write_budget                = 38696995
[BAO]   total_used_read_budget          = 56145495
[BAO]   total_used_write_budget         = 11891069
[BAO]   total_calculated_new_read_budget = 0
[BAO]   total_calculated_new_write_budget= 0
[BAO] Counters: AFTER
[BAO] C0: 0
[BAO] C1: 0
[BAO] C2: 0
[BAO] C3: 0
[BAO] C4: 0
[BAO] C5: 0
[DEBUG] done
[DEBUG] Configured counter.
[DEBUG] Started counter.
[DEBUG] get budget TIMEOUT: 
[DEBUG] (current_time_task_any - last_check_time_task_any) >= period_task_any
[DEBUG] (3179 - 3148) >=[DEBUG] OVERFLOW SIGNAL
 30 | 31 >= 30
[DEBUG] suspending task 0
[DEBUG] suspending task 1
[DEBUG] Stoped counter.
[DEBUG] calling HC_regulator_get_new_budget
[BAO] regulator_budget_depleted	 formula 4
[BAO] VM: BEFORE
[BAO]   depleated_op_type               = 4294967295
[BAO]   defined_pmu_read_val            = 355592
[BAO]   defined_pmu_write_val           = 38696995
[BAO]   current_used_read_budget        = 422415
[BAO]   current_used_write_budget       = 70274
[BAO]   new_read_budget                 = 355592
[BAO]   new_write_budget                = 38696995
[BAO]   total_used_read_budget          = 56145495
[BAO]   total_used_write_budget         = 11891069
[BAO]   total_calculated_new_read_budget = 0
[BAO]   total_calculated_new_write_budget= 0
[BAO] Counters: BEFORE
[BAO] C0: 458112
[BAO] C1: 4256506971
[BAO] C2: 0
[BAO] C3: 0
[BAO] C4: 0
[BAO] C5: 0
[BAO] AFC: BEFORE
[BAO]   previous_read_budget   = 355592
[BAO]   previous_write_budget  = 0
[BAO]   proportional_gain      = 2
[BAO]   scaling_factor         = 10
[BAO] AFC: AFTER
[BAO]   previous_read_budget   = 376096
[BAO]   previous_write_budget  = 0
[BAO]   proportional_gain      = 2
[BAO]   scaling_factor         = 10
[BAO] VM: AFTER
[BAO]   depleated_op_type               = 4294967295
[BAO]   defined_pmu_read_val            = 355592
[BAO]   defined_pmu_write_val           = 38696995
[BAO]   current_used_read_budget        = 458112
[BAO]   current_used_write_budget       = 70274
[BAO]   new_read_budget                 = 376096
[BAO]   new_write_budget                = 38696995
[BAO]   total_used_read_budget          = 56603607
[BAO]   total_used_write_budget         = 11891069
[BAO]   total_calculated_new_read_budget = 0
[BAO]   total_calculated_new_write_budget= 0
[BAO] Counters: AFTER
[BAO] C0: 0
[BAO] C1: 0
[BAO] C2: 0
[BAO] C3: 0
[BAO] C4: 0
[BAO] C5: 0
[DEBUG] done
[DEBUG] Configured counter.
[DEBUG] Started counter.
[DEBUG] get budget TIMEOUT: 
[DEBUG] (current_time_task_any - last_check_time_task_any) >= period_task_any
[DEBUG] [DEBUG] OVERFLOW SIGNAL
VERFLOW SIGNAL
 30 | 31 >= 30
[DEBUG] suspending task 0
[DEBUG] suspending task 1
[DEBUG] Stoped counter.
[DEBUG] calling HC_regulator_get_new_budget
[BAO] regulator_budget_depleted	 formula 4
[BAO] VM: BEFORE
[BAO]   depleated_op_type               = 4294967295
[BAO]   defined_pmu_read_val            = 376096
[BAO]   defined_pmu_write_val           = 38696995
[BAO]   current_used_read_budget        = 458112
[BAO]   current_used_write_budget       = 70274
[BAO]   new_read_budget                 = 376096
[BAO]   new_write_budget                = 38696995
[BAO]   total_used_read_budget          = 56603607
[BAO]   total_used_write_budget         = 11891069
[BAO]   total_calculated_new_read_budget = 0
[BAO]   total_calculated_new_write_budget= 0
[BAO] Counters: BEFORE
[BAO] C0: 396118
[BAO] C1: 4256495293
[BAO] C2: 0
[BAO] C3: 0
[BAO] C4: 0
[BAO] C5: 0
[BAO] AFC: BEFORE
[BAO]   previous_read_budget   = 376096
[BAO]   previous_write_budget  = 0
[BAO]   proportional_gain      = 2
[BAO]   scaling_factor         = 10
[BAO] AFC: AFTER
[BAO]   previous_read_budget   = 380100
[BAO]   previous_write_budget  = 0
[BAO]   proportional_gain      = 2
[BAO]   scaling_factor         = 10
[BAO] VM: AFTER
[BAO]   depleated_op_type               = 4294967295
[BAO]   defined_pmu_read_val            = 376096
[BAO]   defined_pmu_write_val           = 38696995
[BAO]   current_used_read_budget        = 396118
[BAO]   current_used_write_budget       = 70274
[BAO]   new_read_budget                 = 380100
[BAO]   new_write_budget                = 38696995
[BAO]   total_used_read_budget          = 56999725
[BAO]   total_used_write_budget         = 11891069
[BAO]   total_calculated_new_read_budget = 0
[BAO]   total_calculated_new_write_budget= 0
[BAO] Counters: AFTER
[BAO] C0: 0
[BAO] C1: 0
[BAO] C2: 0
[BAO] C3: 0
[BAO] C4: 0
[BAO] C5: 0
[DEBUG] done
[DEBUG] Configured counter.
[DEBUG] Started counter.
[DEBUG] get budget TIMEOUT: 
[DEBUG] (current_time_task_any - last_check_time_task_any) >= per[DEBUG] OVERFLOW SIGNAL
iod_task_any
[DEBUG] (3241 - 3210) >= 30 | 31 >= 30
[DEBUG] suspending task 0
[DEBUG] suspending task 1
[DEBUG] Stoped counter.
[DEBUG] calling HC_regulator_get_new_budget
[BAO] regulator_budget_depleted	 formula 4
[BAO] VM: BEFORE
[BAO]   depleated_op_type               = 4294967295
[BAO]   defined_pmu_read_val            = 380100
[BAO]   defined_pmu_write_val           = 38696995
[BAO]   current_used_read_budget        = 396118
[BAO]   current_used_write_budget       = 70274
[BAO]   new_read_budget                 = 380100
[BAO]   new_write_budget                = 38696995
[BAO]   total_used_read_budget          = 56999725
[BAO]   total_used_write_budget         = 11891069
[BAO]   total_calculated_new_read_budget = 0
[BAO]   total_calculated_new_write_budget= 0
[BAO] Counters: BEFORE
[BAO] C0: 392895
[BAO] C1: 4256495267
[BAO] C2: 0
[BAO] C3: 0
[BAO] C4: 0
[BAO] C5: 0
[BAO] AFC: BEFORE
[BAO]   previous_read_budget   = 380100
[BAO]   previous_write_budget  = 0
[BAO]   proportional_gain      = 2
[BAO]   scaling_factor         = 10
[BAO] AFC: AFTER
[BAO]   previous_read_budget   = 382659
[BAO]   previous_write_budget  = 0
[BAO]   proportional_gain      = 2
[BAO]   scaling_factor         = 10
[BAO] VM: AFTER
[BAO]   depleated_op_type               = 4294967295
[BAO]   defined_pmu_read_val            = 380100
[BAO]   defined_pmu_write_val           = 38696995
[BAO]   current_used_read_budget        = 392895
[BAO]   current_used_write_budget       = 70274
[BAO]   new_read_budget                 = 382659
[BAO]   new_write_budget                = 38696995
[BAO]   total_used_read_budget          = 57392620
[BAO]   total_used_write_budget         = 11891069
[BAO]   total_calculated_new_read_budget = 0
[BAO]   total_calculated_new_write_budget= 0
[BAO] Counters: AFTER
[BAO] C0: 0
[BAO] C1: 0
[BAO] C2: 0
[BAO] C3: 0
[BAO] C4: 0
[BAO] C5: 0
[DEBUG] done
[DEBUG] Configured counter.
[DEBUG] Started counter.
[DEBUG] get budget TIMEOUT: 
[DEBUG] (current_time_task_any - last_check_time_task_any) >= period_ta[DEBUG] OVERFLOW SIGNAL
sk_any
[DEBUG] (3272 - 3241) >= 30 | 31 >= 30
[DEBUG] suspending task 0
[DEBUG] suspending task 1
[DEBUG] Stoped counter.
[DEBUG] calling HC_regulator_get_new_budget
[BAO] regulator_budget_depleted	 formula 4
[BAO] VM: BEFORE
[BAO]   depleated_op_type               = 4294967295
[BAO]   defined_pmu_read_val            = 382659
[BAO]   defined_pmu_write_val           = 38696995
[BAO]   current_used_read_budget        = 392895
[BAO]   current_used_write_budget       = 70274
[BAO]   new_read_budget                 = 382659
[BAO]   new_write_budget                = 38696995
[BAO]   total_used_read_budget          = 57392620
[BAO]   total_used_write_budget         = 11891069
[BAO]   total_calculated_new_read_budget = 0
[BAO]   total_calculated_new_write_budget= 0
[BAO] Counters: BEFORE
[BAO] C0: 333379
[BAO] C1: 4256479024
[BAO] C2: 0
[BAO] C3: 0
[BAO] C4: 0
[BAO] C5: 0
[BAO] AFC: BEFORE
[BAO]   previous_read_budget   = 382659
[BAO]   previous_write_budget  = 0
[BAO]   proportional_gain      = 2
[BAO]   scaling_factor         = 10
[BAO] AFC: AFTER
[BAO]   previous_read_budget   = 372803
[BAO]   previous_write_budget  = 0
[BAO]   proportional_gain      = 2
[BAO]   scaling_factor         = 10
[BAO] VM: AFTER
[BAO]   depleated_op_type               = 4294967295
[BAO]   defined_pmu_read_val            = 382659
[BAO]   defined_pmu_write_val           = 38696995
[BAO]   current_used_read_budget        = 333379
[BAO]   current_used_write_budget       = 70274
[BAO]   new_read_budget                 = 372803
[BAO]   new_write_budget                = 38696995
[BAO]   total_used_read_budget          = 57725999
[BAO]   total_used_write_budget         = 11891069
[BAO]   total_calculated_new_read_budget = 0
[BAO]   total_calculated_new_write_budget= 0
[BAO] Counters: AFTER
[BAO] C0: 0
[BAO] C1: 0
[BAO] C2: 0
[BAO] C3: 0
[BAO] C4: 0
[BAO] C5: 0
[DEBUG] done
[DEBUG] Configured counter.
[DEBUG] Started counter.
[DEBUG] get budget TIMEOUT: 
[DEBUG] (current_time_task_any - last_check_time_task_any) >= period_task_any
[DEBUG] (3303 - 3272) >= 30 | 31 >= 30
[DE[DEBUG] OVERFLOW SIGNAL
BUG] OVERFLOW SIGNAL
0
[DEBUG] suspending task 1
[DEBUG] Stoped counter.
[DEBUG] calling HC_regulator_get_new_budget
[BAO] regulator_budget_depleted	 formula 4
[BAO] VM: BEFORE
[BAO]   depleated_op_type               = 4294967295
[BAO]   defined_pmu_read_val            = 372803
[BAO]   defined_pmu_write_val           = 38696995
[BAO]   current_used_read_budget        = 333379
[BAO]   current_used_write_budget       = 70274
[BAO]   new_read_budget                 = 372803
[BAO]   new_write_budget                = 38696995
[BAO]   total_used_read_budget          = 57725999
[BAO]   total_used_write_budget         = 11891069
[BAO]   total_calculated_new_read_budget = 0
[BAO]   total_calculated_new_write_budget= 0
[BAO] Counters: BEFORE
[BAO] C0: 241974
[BAO] C1: 4256450190
[BAO] C2: 0
[BAO] C3: 0
[BAO] C4: 0
[BAO] C5: 0
[BAO] AFC: BEFORE
[BAO]   previous_read_budget   = 372803
[BAO]   previous_write_budget  = 0
[BAO]   proportional_gain      = 2
[BAO]   scaling_factor         = 10
[BAO] AFC: AFTER
[BAO]   previous_read_budget   = 346638
[BAO]   previous_write_budget  = 0
[BAO]   proportional_gain      = 2
[BAO]   scaling_factor         = 10
[BAO] VM: AFTER
[BAO]   depleated_op_type               = 4294967295
[BAO]   defined_pmu_read_val            = 372803
[BAO]   defined_pmu_write_val           = 38696995
[BAO]   current_used_read_budget        = 241974
[BAO]   current_used_write_budget       = 70274
[BAO]   new_read_budget                 = 346638
[BAO]   new_write_budget                = 38696995
[BAO]   total_used_read_budget          = 57967973
[BAO]   total_used_write_budget         = 11891069
[BAO]   total_calculated_new_read_budget = 0
[BAO]   total_calculated_new_write_budget= 0
[BAO] Counters: AFTER
[BAO] C0: 0
[BAO] C1: 0
[BAO] C2: 0
[BAO] C3: 0
[BAO] C4: 0
[BAO] C5: 0
[DEBUG] done
[DEBUG] Configured counter.
[DEBUG] Started counter.
[DEBUG] get budget TIMEOUT: 
[DEBUG] (current_time_task_any - last_check_time_task_any) >= period_task_any
[DEBUG] (3334 - 3303) >= 30 | 31 >= 30
[DEBUG] [DEBUG] OVERFLOW SIGNAL
sVERFLOW SIGNAL
0
[DEBUG] suspending task 1
[DEBUG] Stoped counter.
[DEBUG] calling HC_regulator_get_new_budget
[BAO] regulator_budget_depleted	 formula 4
[BAO] VM: BEFORE
[BAO]   depleated_op_type               = 4294967295
[BAO]   defined_pmu_read_val            = 346638
[BAO]   defined_pmu_write_val           = 38696995
[BAO]   current_used_read_budget        = 241974
[BAO]   current_used_write_budget       = 70274
[BAO]   new_read_budget                 = 346638
[BAO]   new_write_budget                = 38696995
[BAO]   total_used_read_budget          = 57967973
[BAO]   total_used_write_budget         = 11891069
[BAO]   total_calculated_new_read_budget = 0
[BAO]   total_calculated_new_write_budget= 0
[BAO] Counters: BEFORE
[BAO] C0: 308778
[BAO] C1: 4256461711
[BAO] C2: 0
[BAO] C3: 0
[BAO] C4: 0
[BAO] C5: 0
[BAO] AFC: BEFORE
[BAO]   previous_read_budget   = 346638
[BAO]   previous_write_budget  = 0
[BAO]   proportional_gain      = 2
[BAO]   scaling_factor         = 10
[BAO] AFC: AFTER
[BAO]   previous_read_budget   = 339066
[BAO]   previous_write_budget  = 0
[BAO]   proportional_gain      = 2
[BAO]   scaling_factor         = 10
[BAO] VM: AFTER
[BAO]   depleated_op_type               = 4294967295
[BAO]   defined_pmu_read_val            = 346638
[BAO]   defined_pmu_write_val           = 38696995
[BAO]   current_used_read_budget        = 308778
[BAO]   current_used_write_budget       = 70274
[BAO]   new_read_budget                 = 339066
[BAO]   new_write_budget                = 38696995
[BAO]   total_used_read_budget          = 58276751
[BAO]   total_used_write_budget         = 11891069
[BAO]   total_calculated_new_read_budget = 0
[BAO]   total_calculated_new_write_budget= 0
[BAO] Counters: AFTER
[BAO] C0: 0
[BAO] C1: 0
[BAO] C2: 0
[BAO] C3: 0
[BAO] C4: 0
[BAO] C5: 0
[DEBUG] done
[DEBUG] Configured counter.
[DEBUG] Started counter.
[DEBUG] get budget TIMEOUT: 
[DEBUG] (current_time_task_any - last_check_time_task_any) >= period_task_any
[DEBUG] (3365 - 3334) >= 30 | 31 >=[DEBUG] OVERFLOW SIGNAL
 30
[DEBUG] suspending task 0
[DEBUG] suspending task 1
[DEBUG] Stoped counter.
[DEBUG] calling HC_regulator_get_new_budget
[BAO] regulator_budget_depleted	 formula 4
[BAO] VM: BEFORE
[BAO]   depleated_op_type               = 4294967295
[BAO]   defined_pmu_read_val            = 339066
[BAO]   defined_pmu_write_val           = 38696995
[BAO]   current_used_read_budget        = 308778
[BAO]   current_used_write_budget       = 70274
[BAO]   new_read_budget                 = 339066
[BAO]   new_write_budget                = 38696995
[BAO]   total_used_read_budget          = 58276751
[BAO]   total_used_write_budget         = 11891069
[BAO]   total_calculated_new_read_budget = 0
[BAO]   total_calculated_new_write_budget= 0
[BAO] Counters: BEFORE
[BAO] C0: 439658
[BAO] C1: 4256496948
[BAO] C2: 0
[BAO] C3: 0
[BAO] C4: 0
[BAO] C5: 0
[BAO] AFC: BEFORE
[BAO]   previous_read_budget   = 339066
[BAO]   previous_write_budget  = 0
[BAO]   proportional_gain      = 2
[BAO]   scaling_factor         = 10
[BAO] AFC: AFTER
[BAO]   previous_read_budget   = 359184
[BAO]   previous_write_budget  = 0
[BAO]   proportional_gain      = 2
[BAO]   scaling_factor         = 10
[BAO] VM: AFTER
[BAO]   depleated_op_type               = 4294967295
[BAO]   defined_pmu_read_val            = 339066
[BAO]   defined_pmu_write_val           = 38696995
[BAO]   current_used_read_budget        = 439658
[BAO]   current_used_write_budget       = 70274
[BAO]   new_read_budget                 = 359184
[BAO]   new_write_budget                = 38696995
[BAO]   total_used_read_budget          = 58716409
[BAO]   total_used_write_budget         = 11891069
[BAO]   total_calculated_new_read_budget = 0
[BAO]   total_calculated_new_write_budget= 0
[BAO] Counters: AFTER
[BAO] C0: 0
[BAO] C1: 0
[BAO] C2: 0
[BAO] C3: 0
[BAO] C4: 0
[BAO] C5: 0
[DEBUG] done
[DEBUG] Configured counter.
[DEBUG] Started counter.
[DEBUG] get budget TIMEOUT: 
[DEBUG] (current_time_task_any - last_check_time_task_any) >= period_task_any
[DEBUG] (3396 - 3365) >[DEBUG] OVERFLOW SIGNAL
= 30 | 31 >= 30
[DEBUG] suspending task 0
[DEBUG] suspending task 1
[DEBUG] Stoped counter.
[DEBUG] calling HC_regulator_get_new_budget
[BAO] regulator_budget_depleted	 formula 4
[BAO] VM: BEFORE
[BAO]   depleated_op_type               = 4294967295
[BAO]   defined_pmu_read_val            = 359184
[BAO]   defined_pmu_write_val           = 38696995
[BAO]   current_used_read_budget        = 439658
[BAO]   current_used_write_budget       = 70274
[BAO]   new_read_budget                 = 359184
[BAO]   new_write_budget                = 38696995
[BAO]   total_used_read_budget          = 58716409
[BAO]   total_used_write_budget         = 11891069
[BAO]   total_calculated_new_read_budget = 0
[BAO]   total_calculated_new_write_budget= 0
[BAO] Counters: BEFORE
[BAO] C0: 444035
[BAO] C1: 4256503863
[BAO] C2: 0
[BAO] C3: 0
[BAO] C4: 0
[BAO] C5: 0
[BAO] AFC: BEFORE
[BAO]   previous_read_budget   = 359184
[BAO]   previous_write_budget  = 0
[BAO]   proportional_gain      = 2
[BAO]   scaling_factor         = 10
[BAO] AFC: AFTER
[BAO]   previous_read_budget   = 376154
[BAO]   previous_write_budget  = 0
[BAO]   proportional_gain      = 2
[BAO]   scaling_factor         = 10
[BAO] VM: AFTER
[BAO]   depleated_op_type               = 4294967295
[BAO]   defined_pmu_read_val            = 359184
[BAO]   defined_pmu_write_val           = 38696995
[BAO]   current_used_read_budget        = 444035
[BAO]   current_used_write_budget       = 70274
[BAO]   new_read_budget                 = 376154
[BAO]   new_write_budget                = 38696995
[BAO]   total_used_read_budget          = 59160444
[BAO]   total_used_write_budget         = 11891069
[BAO]   total_calculated_new_read_budget = 0
[BAO]   total_calculated_new_write_budget= 0
[BAO] Counters: AFTER
[BAO] C0: 0
[BAO] C1: 0
[BAO] C2: 0
[BAO] C3: 0
[BAO] C4: 0
[BAO] C5: 0
[DEBUG] done
[DEBUG] Configured counter.
[DEBUG] Started counter.
[DEBUG] get budget TIMEOUT: 
[DEBUG] (current_time_task_any - last_check_time_task_any) >= period_task_any
[DEBU[DEBUG] OVERFLOW SIGNAL
G] OVERFLOW SIGNAL
 30 | 31 >= 30
[DEBUG] suspending task 0
[DEBUG] suspending task 1
[DEBUG] Stoped counter.
[DEBUG] calling HC_regulator_get_new_budget
[BAO] regulator_budget_depleted	 formula 4
[BAO] VM: BEFORE
[BAO]   depleated_op_type               = 4294967295
[BAO]   defined_pmu_read_val            = 376154
[BAO]   defined_pmu_write_val           = 38696995
[BAO]   current_used_read_budget        = 444035
[BAO]   current_used_write_budget       = 70274
[BAO]   new_read_budget                 = 376154
[BAO]   new_write_budget                = 38696995
[BAO]   total_used_read_budget          = 59160444
[BAO]   total_used_write_budget         = 11891069
[BAO]   total_calculated_new_read_budget = 0
[BAO]   total_calculated_new_write_budget= 0
[BAO] Counters: BEFORE
[BAO] C0: 390189
[BAO] C1: 4256493460
[BAO] C2: 0
[BAO] C3: 0
[BAO] C4: 0
[BAO] C5: 0
[BAO] AFC: BEFORE
[BAO]   previous_read_budget   = 376154
[BAO]   previous_write_budget  = 0
[BAO]   proportional_gain      = 2
[BAO]   scaling_factor         = 10
[BAO] AFC: AFTER
[BAO]   previous_read_budget   = 378961
[BAO]   previous_write_budget  = 0
[BAO]   proportional_gain      = 2
[BAO]   scaling_factor         = 10
[BAO] VM: AFTER
[BAO]   depleated_op_type               = 4294967295
[BAO]   defined_pmu_read_val            = 376154
[BAO]   defined_pmu_write_val           = 38696995
[BAO]   current_used_read_budget        = 390189
[BAO]   current_used_write_budget       = 70274
[BAO]   new_read_budget                 = 378961
[BAO]   new_write_budget                = 38696995
[BAO]   total_used_read_budget          = 59550633
[BAO]   total_used_write_budget         = 11891069
[BAO]   total_calculated_new_read_budget = 0
[BAO]   total_calculated_new_write_budget= 0
[BAO] Counters: AFTER
[BAO] C0: 0
[BAO] C1: 0
[BAO] C2: 0
[BAO] C3: 0
[BAO] C4: 0
[BAO] C5: 0
[DEBUG] done
[DEBUG] Configured counter.
[DEBUG] Started counter.
[DEBUG] get budget TIMEOUT: 
[DEBUG] (current_time_task_any - last_check_time_task_any) >=[DEBUG] OVERFLOW SIGNAL
 period_task_any
[DEBUG] (3459 - 3427) >= 30 | 32 >= 30
[DEBUG] suspending task 0
[DEBUG] suspending task 1
[DEBUG] Stoped counter.
[DEBUG] calling HC_regulator_get_new_budget
[BAO] regulator_budget_depleted	 formula 4
[BAO] VM: BEFORE
[BAO]   depleated_op_type               = 4294967295
[BAO]   defined_pmu_read_val            = 378961
[BAO]   defined_pmu_write_val           = 38696995
[BAO]   current_used_read_budget        = 390189
[BAO]   current_used_write_budget       = 70274
[BAO]   new_read_budget                 = 378961
[BAO]   new_write_budget                = 38696995
[BAO]   total_used_read_budget          = 59550633
[BAO]   total_used_write_budget         = 11891069
[BAO]   total_calculated_new_read_budget = 0
[BAO]   total_calculated_new_write_budget= 0
[BAO] Counters: BEFORE
[BAO] C0: 393169
[BAO] C1: 4256495025
[BAO] C2: 0
[BAO] C3: 0
[BAO] C4: 0
[BAO] C5: 0
[BAO] AFC: BEFORE
[BAO]   previous_read_budget   = 378961
[BAO]   previous_write_budget  = 0
[BAO]   proportional_gain      = 2
[BAO]   scaling_factor         = 10
[BAO] AFC: AFTER
[BAO]   previous_read_budget   = 381802
[BAO]   previous_write_budget  = 0
[BAO]   proportional_gain      = 2
[BAO]   scaling_factor         = 10
[BAO] VM: AFTER
[BAO]   depleated_op_type               = 4294967295
[BAO]   defined_pmu_read_val            = 378961
[BAO]   defined_pmu_write_val           = 38696995
[BAO]   current_used_read_budget        = 393169
[BAO]   current_used_write_budget       = 70274
[BAO]   new_read_budget                 = 381802
[BAO]   new_write_budget                = 38696995
[BAO]   total_used_read_budget          = 59943802
[BAO]   total_used_write_budget         = 11891069
[BAO]   total_calculated_new_read_budget = 0
[BAO]   total_calculated_new_write_budget= 0
[BAO] Counters: AFTER
[BAO] C0: 0
[BAO] C1: 0
[BAO] C2: 0
[BAO] C3: 0
[BAO] C4: 0
[BAO] C5: 0
[DEBUG] done
[DEBUG] Configured counter.
[DEBUG] Started counter.
[DEBUG] get budget TIMEOUT: 
[DEBUG] (current_time_task_any - last_check_time_task_any) >= period_task_any
[DEBUG] OVERFLOW SIGNAL
[DEBUG] OVERFLOW SIGNAL
 30 | 31 >= 30
[DEBUG] suspending task 0
[DEBUG] suspending task 1
[DEBUG] Stoped counter.
[DEBUG] calling HC_regulator_get_new_budget
[BAO] regulator_budget_depleted	 formula 4
[BAO] VM: BEFORE
[BAO]   depleated_op_type               = 4294967295
[BAO]   defined_pmu_read_val            = 381802
[BAO]   defined_pmu_write_val           = 38696995
[BAO]   current_used_read_budget        = 393169
[BAO]   current_used_write_budget       = 70274
[BAO]   new_read_budget                 = 381802
[BAO]   new_write_budget                = 38696995
[BAO]   total_used_read_budget          = 59943802
[BAO]   total_used_write_budget         = 11891069
[BAO]   total_calculated_new_read_budget = 0
[BAO]   total_calculated_new_write_budget= 0
[BAO] Counters: BEFORE
[BAO] C0: 316684
[BAO] C1: 4256474203
[BAO] C2: 0
[BAO] C3: 0
[BAO] C4: 0
[BAO] C5: 0
[BAO] AFC: BEFORE
[BAO]   previous_read_budget   = 381802
[BAO]   previous_write_budget  = 0
[BAO]   proportional_gain      = 2
[BAO]   scaling_factor         = 10
[BAO] AFC: AFTER
[BAO]   previous_read_budget   = 368779
[BAO]   previous_write_budget  = 0
[BAO]   proportional_gain      = 2
[BAO]   scaling_factor         = 10
[BAO] VM: AFTER
[BAO]   depleated_op_type               = 4294967295
[BAO]   defined_pmu_read_val            = 381802
[BAO]   defined_pmu_write_val           = 38696995
[BAO]   current_used_read_budget        = 316684
[BAO]   current_used_write_budget       = 70274
[BAO]   new_read_budget                 = 368779
[BAO]   new_write_budget                = 38696995
[BAO]   total_used_read_budget          = 60260486
[BAO]   total_used_write_budget         = 11891069
[BAO]   total_calculated_new_read_budget = 0
[BAO]   total_calculated_new_write_budget= 0
[BAO] Counters: AFTER
[BAO] C0: 0
[BAO] C1: 0
[BAO] C2: 0
[BAO] C3: 0
[BAO] C4: 0
[BAO] C5: 0
[DEBUG] done
[DEBUG] Configured counter.
[DEBUG] Started counter.
[DEBUG] get budget TIMEOUT: 
[DEBUG] (current_time_task_any - last_check_time_task_any) >= period_task_any
[DEBUG] (3521 - 3490) >= 30 | 31 >= 30
[DEBUG] s[DEBUG] OVERFLOW SIGNAL
uERFLOW SIGNAL
0
[DEBUG] suspending task 1
[DEBUG] Stoped counter.
[DEBUG] calling HC_regulator_get_new_budget
[BAO] regulator_budget_depleted	 formula 4
[BAO] VM: BEFORE
[BAO]   depleated_op_type               = 4294967295
[BAO]   defined_pmu_read_val            = 368779
[BAO]   defined_pmu_write_val           = 38696995
[BAO]   current_used_read_budget        = 316684
[BAO]   current_used_write_budget       = 70274
[BAO]   new_read_budget                 = 368779
[BAO]   new_write_budget                = 38696995
[BAO]   total_used_read_budget          = 60260486
[BAO]   total_used_write_budget         = 11891069
[BAO]   total_calculated_new_read_budget = 0
[BAO]   total_calculated_new_write_budget= 0
[BAO] Counters: BEFORE
[BAO] C0: 230737
[BAO] C1: 4256445678
[BAO] C2: 0
[BAO] C3: 0
[BAO] C4: 0
[BAO] C5: 0
[BAO] AFC: BEFORE
[BAO]   previous_read_budget   = 368779
[BAO]   previous_write_budget  = 0
[BAO]   proportional_gain      = 2
[BAO]   scaling_factor         = 10
[BAO] AFC: AFTER
[BAO]   previous_read_budget   = 341171
[BAO]   previous_write_budget  = 0
[BAO]   proportional_gain      = 2
[BAO]   scaling_factor         = 10
[BAO] VM: AFTER
[BAO]   depleated_op_type               = 4294967295
[BAO]   defined_pmu_read_val            = 368779
[BAO]   defined_pmu_write_val           = 38696995
[BAO]   current_used_read_budget        = 230737
[BAO]   current_used_write_budget       = 70274
[BAO]   new_read_budget                 = 341171
[BAO]   new_write_budget                = 38696995
[BAO]   total_used_read_budget          = 60491223
[BAO]   total_used_write_budget         = 11891069
[BAO]   total_calculated_new_read_budget = 0
[BAO]   total_calculated_new_write_budget= 0
[BAO] Counters: AFTER
[BAO] C0: 0
[BAO] C1: 0
[BAO] C2: 0
[BAO] C3: 0
[BAO] C4: 0
[BAO] C5: 0
[DEBUG] done
[DEBUG] Configured counter.
[DEBUG] Started counter.
[DEBUG] get budget TIMEOUT: 
[DEBUG] (current_time_task_any - last_check_time_task_any) >= period_task_any
[DEBUG] (3552 - 3521) >= 30 | 31 >= 30
[DEBU[DEBUG] OVERFLOW SIGNAL
G] OVERFLOW SIGNAL
0
[DEBUG] suspending task 1
[DEBUG] Stoped counter.
[DEBUG] calling HC_regulator_get_new_budget
[BAO] regulator_budget_depleted	 formula 4
[BAO] VM: BEFORE
[BAO]   depleated_op_type               = 4294967295
[BAO]   defined_pmu_read_val            = 341171
[BAO]   defined_pmu_write_val           = 38696995
[BAO]   current_used_read_budget        = 230737
[BAO]   current_used_write_budget       = 70274
[BAO]   new_read_budget                 = 341171
[BAO]   new_write_budget                = 38696995
[BAO]   total_used_read_budget          = 60491223
[BAO]   total_used_write_budget         = 11891069
[BAO]   total_calculated_new_read_budget = 0
[BAO]   total_calculated_new_write_budget= 0
[BAO] Counters: BEFORE
[BAO] C0: 340178
[BAO] C1: 4256469064
[BAO] C2: 0
[BAO] C3: 0
[BAO] C4: 0
[BAO] C5: 0
[BAO] AFC: BEFORE
[BAO]   previous_read_budget   = 341171
[BAO]   previous_write_budget  = 0
[BAO]   proportional_gain      = 2
[BAO]   scaling_factor         = 10
[BAO] AFC: AFTER
[BAO]   previous_read_budget   = 340973
[BAO]   previous_write_budget  = 0
[BAO]   proportional_gain      = 2
[BAO]   scaling_factor         = 10
[BAO] VM: AFTER
[BAO]   depleated_op_type               = 4294967295
[BAO]   defined_pmu_read_val            = 341171
[BAO]   defined_pmu_write_val           = 38696995
[BAO]   current_used_read_budget        = 340178
[BAO]   current_used_write_budget       = 70274
[BAO]   new_read_budget                 = 340973
[BAO]   new_write_budget                = 38696995
[BAO]   total_used_read_budget          = 60831401
[BAO]   total_used_write_budget         = 11891069
[BAO]   total_calculated_new_read_budget = 0
[BAO]   total_calculated_new_write_budget= 0
[BAO] Counters: AFTER
[BAO] C0: 0
[BAO] C1: 0
[BAO] C2: 0
[BAO] C3: 0
[BAO] C4: 0
[BAO] C5: 0
[DEBUG] done
[DEBUG] Configured counter.
[DEBUG] Started counter.
[DEBUG] get budget TIMEOUT: 
[DEBUG] (current_time_task_any - last_check_time_task_any) >= period_task_any
[DEBUG] (3583 - 3552) >= 30 | 31 >[DEBUG] OVERFLOW SIGNAL
= 30
[DEBUG] suspending task 0
[DEBUG] suspending task 1
[DEBUG] Stoped counter.
[DEBUG] calling HC_regulator_get_new_budget
[BAO] regulator_budget_depleted	 formula 4
[BAO] VM: BEFORE
[BAO]   depleated_op_type               = 4294967295
[BAO]   defined_pmu_read_val            = 340973
[BAO]   defined_pmu_write_val           = 38696995
[BAO]   current_used_read_budget        = 340178
[BAO]   current_used_write_budget       = 70274
[BAO]   new_read_budget                 = 340973
[BAO]   new_write_budget                = 38696995
[BAO]   total_used_read_budget          = 60831401
[BAO]   total_used_write_budget         = 11891069
[BAO]   total_calculated_new_read_budget = 0
[BAO]   total_calculated_new_write_budget= 0
[BAO] Counters: BEFORE
[BAO] C0: 465127
[BAO] C1: 4256504736
[BAO] C2: 0
[BAO] C3: 0
[BAO] C4: 0
[BAO] C5: 0
[BAO] AFC: BEFORE
[BAO]   previous_read_budget   = 340973
[BAO]   previous_write_budget  = 0
[BAO]   proportional_gain      = 2
[BAO]   scaling_factor         = 10
[BAO] AFC: AFTER
[BAO]   previous_read_budget   = 365803
[BAO]   previous_write_budget  = 0
[BAO]   proportional_gain      = 2
[BAO]   scaling_factor         = 10
[BAO] VM: AFTER
[BAO]   depleated_op_type               = 4294967295
[BAO]   defined_pmu_read_val            = 340973
[BAO]   defined_pmu_write_val           = 38696995
[BAO]   current_used_read_budget        = 465127
[BAO]   current_used_write_budget       = 70274
[BAO]   new_read_budget                 = 365803
[BAO]   new_write_budget                = 38696995
[BAO]   total_used_read_budget          = 61296528
[BAO]   total_used_write_budget         = 11891069
[BAO]   total_calculated_new_read_budget = 0
[BAO]   total_calculated_new_write_budget= 0
[BAO] Counters: AFTER
[BAO] C0: 0
[BAO] C1: 0
[BAO] C2: 0
[BAO] C3: 0
[BAO] C4: 0
[BAO] C5: 0
[DEBUG] done
[DEBUG] Configured counter.
[DEBUG] Started counter.
[DEBUG] get budget TIMEOUT: 
[DEBUG] (current_time_task_any - last_check_time_task_any) >= period_task_any
[DEBUG] (3614 - 3583[DEBUG] OVERFLOW SIGNAL
)AL
 30 | 31 >= 30
[DEBUG] suspending task 0
[DEBUG] suspending task 1
[DEBUG] Stoped counter.
[DEBUG] calling HC_regulator_get_new_budget
[BAO] regulator_budget_depleted	 formula 4
[BAO] VM: BEFORE
[BAO]   depleated_op_type               = 4294967295
[BAO]   defined_pmu_read_val            = 365803
[BAO]   defined_pmu_write_val           = 38696995
[BAO]   current_used_read_budget        = 465127
[BAO]   current_used_write_budget       = 70274
[BAO]   new_read_budget                 = 365803
[BAO]   new_write_budget                = 38696995
[BAO]   total_used_read_budget          = 61296528
[BAO]   total_used_write_budget         = 11891069
[BAO]   total_calculated_new_read_budget = 0
[BAO]   total_calculated_new_write_budget= 0
[BAO] Counters: BEFORE
[BAO] C0: 437265
[BAO] C1: 4256503893
[BAO] C2: 0
[BAO] C3: 0
[BAO] C4: 0
[BAO] C5: 0
[BAO] AFC: BEFORE
[BAO]   previous_read_budget   = 365803
[BAO]   previous_write_budget  = 0
[BAO]   proportional_gain      = 2
[BAO]   scaling_factor         = 10
[BAO] AFC: AFTER
[BAO]   previous_read_budget   = 380095
[BAO]   previous_write_budget  = 0
[BAO]   proportional_gain      = 2
[BAO]   scaling_factor         = 10
[BAO] VM: AFTER
[BAO]   depleated_op_type               = 4294967295
[BAO]   defined_pmu_read_val            = 365803
[BAO]   defined_pmu_write_val           = 38696995
[BAO]   current_used_read_budget        = 437265
[BAO]   current_used_write_budget       = 70274
[BAO]   new_read_budget                 = 380095
[BAO]   new_write_budget                = 38696995
[BAO]   total_used_read_budget          = 61733793
[BAO]   total_used_write_budget         = 11891069
[BAO]   total_calculated_new_read_budget = 0
[BAO]   total_calculated_new_write_budget= 0
[BAO] Counters: AFTER
[BAO] C0: 0
[BAO] C1: 0
[BAO] C2: 0
[BAO] C3: 0
[BAO] C4: 0
[BAO] C5: 0
[DEBUG] done
[DEBUG] Configured counter.
[DEBUG] Started counter.
[DEBUG] get budget TIMEOUT: 
[DEBUG] (current_time_task_any - last_check_time_task_any) >= period_task_any
[[DEBUG] OVERFLOW SIGNAL
DEBUG] OVERFLOW SIGNAL
 30 | 31 >= 30
[DEBUG] suspending task 0
[DEBUG] suspending task 1
[DEBUG] Stoped counter.
[DEBUG] calling HC_regulator_get_new_budget
[BAO] regulator_budget_depleted	 formula 4
[BAO] VM: BEFORE
[BAO]   depleated_op_type               = 4294967295
[BAO]   defined_pmu_read_val            = 380095
[BAO]   defined_pmu_write_val           = 38696995
[BAO]   current_used_read_budget        = 437265
[BAO]   current_used_write_budget       = 70274
[BAO]   new_read_budget                 = 380095
[BAO]   new_write_budget                = 38696995
[BAO]   total_used_read_budget          = 61733793
[BAO]   total_used_write_budget         = 11891069
[BAO]   total_calculated_new_read_budget = 0
[BAO]   total_calculated_new_write_budget= 0
[BAO] Counters: BEFORE
[BAO] C0: 377833
[BAO] C1: 4256490976
[BAO] C2: 0
[BAO] C3: 0
[BAO] C4: 0
[BAO] C5: 0
[BAO] AFC: BEFORE
[BAO]   previous_read_budget   = 380095
[BAO]   previous_write_budget  = 0
[BAO]   proportional_gain      = 2
[BAO]   scaling_factor         = 10
[BAO] AFC: AFTER
[BAO]   previous_read_budget   = 379643
[BAO]   previous_write_budget  = 0
[BAO]   proportional_gain      = 2
[BAO]   scaling_factor         = 10
[BAO] VM: AFTER
[BAO]   depleated_op_type               = 4294967295
[BAO]   defined_pmu_read_val            = 380095
[BAO]   defined_pmu_write_val           = 38696995
[BAO]   current_used_read_budget        = 377833
[BAO]   current_used_write_budget       = 70274
[BAO]   new_read_budget                 = 379643
[BAO]   new_write_budget                = 38696995
[BAO]   total_used_read_budget          = 62111626
[BAO]   total_used_write_budget         = 11891069
[BAO]   total_calculated_new_read_budget = 0
[BAO]   total_calculated_new_write_budget= 0
[BAO] Counters: AFTER
[BAO] C0: 0
[BAO] C1: 0
[BAO] C2: 0
[BAO] C3: 0
[BAO] C4: 0
[BAO] C5: 0
[DEBUG] done
[DEBUG] Configured counter.
[DEBUG] Started counter.
[DEBUG] get budget TIMEOUT: 
[DEBUG] (current_time_task_any - last_check_time_task_any[DEBUG] OVERFLOW SIGNAL
) >= period_task_any
[DEBUG] (3676 - 3645) >= 30 | 31 >= 30
[DEBUG] suspending task 0
[DEBUG] suspending task 1
[DEBUG] Stoped counter.
[DEBUG] calling HC_regulator_get_new_budget
[BAO] regulator_budget_depleted	 formula 4
[BAO] VM: BEFORE
[BAO]   depleated_op_type               = 4294967295
[BAO]   defined_pmu_read_val            = 379643
[BAO]   defined_pmu_write_val           = 38696995
[BAO]   current_used_read_budget        = 377833
[BAO]   current_used_write_budget       = 70274
[BAO]   new_read_budget                 = 379643
[BAO]   new_write_budget                = 38696995
[BAO]   total_used_read_budget          = 62111626
[BAO]   total_used_write_budget         = 11891069
[BAO]   total_calculated_new_read_budget = 0
[BAO]   total_calculated_new_write_budget= 0
[BAO] Counters: BEFORE
[BAO] C0: 390416
[BAO] C1: 4256494454
[BAO] C2: 0
[BAO] C3: 0
[BAO] C4: 0
[BAO] C5: 0
[BAO] AFC: BEFORE
[BAO]   previous_read_budget   = 379643
[BAO]   previous_write_budget  = 0
[BAO]   proportional_gain      = 2
[BAO]   scaling_factor         = 10
[BAO] AFC: AFTER
[BAO]   previous_read_budget   = 381797
[BAO]   previous_write_budget  = 0
[BAO]   proportional_gain      = 2
[BAO]   scaling_factor         = 10
[BAO] VM: AFTER
[BAO]   depleated_op_type               = 4294967295
[BAO]   defined_pmu_read_val            = 379643
[BAO]   defined_pmu_write_val           = 38696995
[BAO]   current_used_read_budget        = 390416
[BAO]   current_used_write_budget       = 70274
[BAO]   new_read_budget                 = 381797
[BAO]   new_write_budget                = 38696995
[BAO]   total_used_read_budget          = 62502042
[BAO]   total_used_write_budget         = 11891069
[BAO]   total_calculated_new_read_budget = 0
[BAO]   total_calculated_new_write_budget= 0
[BAO] Counters: AFTER
[BAO] C0: 0
[BAO] C1: 0
[BAO] C2: 0
[BAO] C3: 0
[BAO] C4: 0
[BAO] C5: 0
[DEBUG] done
[DEBUG] Configured counter.
[DEBUG] Started counter.
[DEBUG] get budget TIMEOUT: 
[DEBUG] (current_time_task_any - last_check_time_task_any) >= period_task_any
[DEBUG] (3707 - 36[DEBUG] OVERFLOW SIGNAL
7GNAL
 30 | 31 >= 30
[DEBUG] suspending task 0
[DEBUG] suspending task 1
[DEBUG] Stoped counter.
[DEBUG] calling HC_regulator_get_new_budget
[BAO] regulator_budget_depleted	 formula 4
[BAO] VM: BEFORE
[BAO]   depleated_op_type               = 4294967295
[BAO]   defined_pmu_read_val            = 381797
[BAO]   defined_pmu_write_val           = 38696995
[BAO]   current_used_read_budget        = 390416
[BAO]   current_used_write_budget       = 70274
[BAO]   new_read_budget                 = 381797
[BAO]   new_write_budget                = 38696995
[BAO]   total_used_read_budget          = 62502042
[BAO]   total_used_write_budget         = 11891069
[BAO]   total_calculated_new_read_budget = 0
[BAO]   total_calculated_new_write_budget= 0
[BAO] Counters: BEFORE
[BAO] C0: 288444
[BAO] C1: 4256465849
[BAO] C2: 0
[BAO] C3: 0
[BAO] C4: 0
[BAO] C5: 0
[BAO] AFC: BEFORE
[BAO]   previous_read_budget   = 381797
[BAO]   previous_write_budget  = 0
[BAO]   proportional_gain      = 2
[BAO]   scaling_factor         = 10
[BAO] AFC: AFTER
[BAO]   previous_read_budget   = 363127
[BAO]   previous_write_budget  = 0
[BAO]   proportional_gain      = 2
[BAO]   scaling_factor         = 10
[BAO] VM: AFTER
[BAO]   depleated_op_type               = 4294967295
[BAO]   defined_pmu_read_val            = 381797
[BAO]   defined_pmu_write_val           = 38696995
[BAO]   current_used_read_budget        = 288444
[BAO]   current_used_write_budget       = 70274
[BAO]   new_read_budget                 = 363127
[BAO]   new_write_budget                = 38696995
[BAO]   total_used_read_budget          = 62790486
[BAO]   total_used_write_budget         = 11891069
[BAO]   total_calculated_new_read_budget = 0
[BAO]   total_calculated_new_write_budget= 0
[BAO] Counters: AFTER
[BAO] C0: 0
[BAO] C1: 0
[BAO] C2: 0
[BAO] C3: 0
[BAO] C4: 0
[BAO] C5: 0
[DEBUG] done
[DEBUG] Configured counter.
[DEBUG] Started counter.
[DEBUG] get budget TIMEOUT: 
[DEBUG] (current_time_task_any - last_check_time_task_any) >= period_task_any
[DEBUG] (3738 - 3707) >= 30 | 31 >= 30
[DEBUG] suspendin[DEBUG] OVERFLOW SIGNAL
gIGNAL
0
[DEBUG] suspending task 1
[DEBUG] Stoped counter.
[DEBUG] calling HC_regulator_get_new_budget
[BAO] regulator_budget_depleted	 formula 4
[BAO] VM: BEFORE
[BAO]   depleated_op_type               = 4294967295
[BAO]   defined_pmu_read_val            = 363127
[BAO]   defined_pmu_write_val           = 38696995
[BAO]   current_used_read_budget        = 288444
[BAO]   current_used_write_budget       = 70274
[BAO]   new_read_budget                 = 363127
[BAO]   new_write_budget                = 38696995
[BAO]   total_used_read_budget          = 62790486
[BAO]   total_used_write_budget         = 11891069
[BAO]   total_calculated_new_read_budget = 0
[BAO]   total_calculated_new_write_budget= 0
[BAO] Counters: BEFORE
[BAO] C0: 233508
[BAO] C1: 4256444921
[BAO] C2: 0
[BAO] C3: 0
[BAO] C4: 0
[BAO] C5: 0
[BAO] AFC: BEFORE
[BAO]   previous_read_budget   = 363127
[BAO]   previous_write_budget  = 0
[BAO]   proportional_gain      = 2
[BAO]   scaling_factor         = 10
[BAO] AFC: AFTER
[BAO]   previous_read_budget   = 337204
[BAO]   previous_write_budget  = 0
[BAO]   proportional_gain      = 2
[BAO]   scaling_factor         = 10
[BAO] VM: AFTER
[BAO]   depleated_op_type               = 4294967295
[BAO]   defined_pmu_read_val            = 363127
[BAO]   defined_pmu_write_val           = 38696995
[BAO]   current_used_read_budget        = 233508
[BAO]   current_used_write_budget       = 70274
[BAO]   new_read_budget                 = 337204
[BAO]   new_write_budget                = 38696995
[BAO]   total_used_read_budget          = 63023994
[BAO]   total_used_write_budget         = 11891069
[BAO]   total_calculated_new_read_budget = 0
[BAO]   total_calculated_new_write_budget= 0
[BAO] Counters: AFTER
[BAO] C0: 0
[BAO] C1: 0
[BAO] C2: 0
[BAO] C3: 0
[BAO] C4: 0
[BAO] C5: 0
[DEBUG] done
[DEBUG] Configured counter.
[DEBUG] Started counter.
[DEBUG] get budget TIMEOUT: 
[DEBUG] (current_time_task_any - last_check_time_task_any) >= period_task_any
[DEBUG] (3769 - 3738) >= 30 | 31 >= 30
[DEBUG[DEBUG] OVERFLOW SIGNAL
] OVERFLOW SIGNAL
0
[DEBUG] suspending task 1
[DEBUG] Stoped counter.
[DEBUG] calling HC_regulator_get_new_budget
[BAO] regulator_budget_depleted	 formula 4
[BAO] VM: BEFORE
[BAO]   depleated_op_type               = 4294967295
[BAO]   defined_pmu_read_val            = 337204
[BAO]   defined_pmu_write_val           = 38696995
[BAO]   current_used_read_budget        = 233508
[BAO]   current_used_write_budget       = 70274
[BAO]   new_read_budget                 = 337204
[BAO]   new_write_budget                = 38696995
[BAO]   total_used_read_budget          = 63023994
[BAO]   total_used_write_budget         = 11891069
[BAO]   total_calculated_new_read_budget = 0
[BAO]   total_calculated_new_write_budget= 0
[BAO] Counters: BEFORE
[BAO] C0: 361463
[BAO] C1: 4256474180
[BAO] C2: 0
[BAO] C3: 0
[BAO] C4: 0
[BAO] C5: 0
[BAO] AFC: BEFORE
[BAO]   previous_read_budget   = 337204
[BAO]   previous_write_budget  = 0
[BAO]   proportional_gain      = 2
[BAO]   scaling_factor         = 10
[BAO] AFC: AFTER
[BAO]   previous_read_budget   = 342055
[BAO]   previous_write_budget  = 0
[BAO]   proportional_gain      = 2
[BAO]   scaling_factor         = 10
[BAO] VM: AFTER
[BAO]   depleated_op_type               = 4294967295
[BAO]   defined_pmu_read_val            = 337204
[BAO]   defined_pmu_write_val           = 38696995
[BAO]   current_used_read_budget        = 361463
[BAO]   current_used_write_budget       = 70274
[BAO]   new_read_budget                 = 342055
[BAO]   new_write_budget                = 38696995
[BAO]   total_used_read_budget          = 63385457
[BAO]   total_used_write_budget         = 11891069
[BAO]   total_calculated_new_read_budget = 0
[BAO]   total_calculated_new_write_budget= 0
[BAO] Counters: AFTER
[BAO] C0: 0
[BAO] C1: 0
[BAO] C2: 0
[BAO] C3: 0
[BAO] C4: 0
[BAO] C5: 0
[DEBUG] done
[DEBUG] Configured counter.
[DEBUG] Started counter.
[DEBUG] get budget TIMEOUT: 
[DEBUG] (current_time_task_any - last_check_time_task_any) >= period_task_any
[DEBUG] (3800 - 3769) >= 30 | 3[DEBUG] OVERFLOW SIGNAL
1 >= 30
[DEBUG] suspending task 0
[DEBUG] suspending task 1
[DEBUG] Stoped counter.
[DEBUG] calling HC_regulator_get_new_budget
[BAO] regulator_budget_depleted	 formula 4
[BAO] VM: BEFORE
[BAO]   depleated_op_type               = 4294967295
[BAO]   defined_pmu_read_val            = 342055
[BAO]   defined_pmu_write_val           = 38696995
[BAO]   current_used_read_budget        = 361463
[BAO]   current_used_write_budget       = 70274
[BAO]   new_read_budget                 = 342055
[BAO]   new_write_budget                = 38696995
[BAO]   total_used_read_budget          = 63385457
[BAO]   total_used_write_budget         = 11891069
[BAO]   total_calculated_new_read_budget = 0
[BAO]   total_calculated_new_write_budget= 0
[BAO] Counters: BEFORE
[BAO] C0: 464800
[BAO] C1: 4256504935
[BAO] C2: 0
[BAO] C3: 0
[BAO] C4: 0
[BAO] C5: 0
[BAO] AFC: BEFORE
[BAO]   previous_read_budget   = 342055
[BAO]   previous_write_budget  = 0
[BAO]   proportional_gain      = 2
[BAO]   scaling_factor         = 10
[BAO] AFC: AFTER
[BAO]   previous_read_budget   = 366604
[BAO]   previous_write_budget  = 0
[BAO]   proportional_gain      = 2
[BAO]   scaling_factor         = 10
[BAO] VM: AFTER
[BAO]   depleated_op_type               = 4294967295
[BAO]   defined_pmu_read_val            = 342055
[BAO]   defined_pmu_write_val           = 38696995
[BAO]   current_used_read_budget        = 464800
[BAO]   current_used_write_budget       = 70274
[BAO]   new_read_budget                 = 366604
[BAO]   new_write_budget                = 38696995
[BAO]   total_used_read_budget          = 63850257
[BAO]   total_used_write_budget         = 11891069
[BAO]   total_calculated_new_read_budget = 0
[BAO]   total_calculated_new_write_budget= 0
[BAO] Counters: AFTER
[BAO] C0: 0
[BAO] C1: 0
[BAO] C2: 0
[BAO] C3: 0
[BAO] C4: 0
[BAO] C5: 0
[DEBUG] done
[DEBUG] Configured counter.
[DEBUG] Started counter.
[DEBUG] get budget TIMEOUT: 
[DEBUG] (current_time_task_any - last_check_time_task_any) >= period_task_any
[DEBUG] (3831 - [DEBUG] OVERFLOW SIGNAL
3SIGNAL
 30 | 31 >= 30
[DEBUG] suspending task 0
[DEBUG] suspending task 1
[DEBUG] Stoped counter.
[DEBUG] calling HC_regulator_get_new_budget
[BAO] regulator_budget_depleted	 formula 4
[BAO] VM: BEFORE
[BAO]   depleated_op_type               = 4294967295
[BAO]   defined_pmu_read_val            = 366604
[BAO]   defined_pmu_write_val           = 38696995
[BAO]   current_used_read_budget        = 464800
[BAO]   current_used_write_budget       = 70274
[BAO]   new_read_budget                 = 366604
[BAO]   new_write_budget                = 38696995
[BAO]   total_used_read_budget          = 63850257
[BAO]   total_used_write_budget         = 11891069
[BAO]   total_calculated_new_read_budget = 0
[BAO]   total_calculated_new_write_budget= 0
[BAO] Counters: BEFORE
[BAO] C0: 423736
[BAO] C1: 4256500434
[BAO] C2: 0
[BAO] C3: 0
[BAO] C4: 0
[BAO] C5: 0
[BAO] AFC: BEFORE
[BAO]   previous_read_budget   = 366604
[BAO]   previous_write_budget  = 0
[BAO]   proportional_gain      = 2
[BAO]   scaling_factor         = 10
[BAO] AFC: AFTER
[BAO]   previous_read_budget   = 378030
[BAO]   previous_write_budget  = 0
[BAO]   proportional_gain      = 2
[BAO]   scaling_factor         = 10
[BAO] VM: AFTER
[BAO]   depleated_op_type               = 4294967295
[BAO]   defined_pmu_read_val            = 366604
[BAO]   defined_pmu_write_val           = 38696995
[BAO]   current_used_read_budget        = 423736
[BAO]   current_used_write_budget       = 70274
[BAO]   new_read_budget                 = 378030
[BAO]   new_write_budget                = 38696995
[BAO]   total_used_read_budget          = 64273993
[BAO]   total_used_write_budget         = 11891069
[BAO]   total_calculated_new_read_budget = 0
[BAO]   total_calculated_new_write_budget= 0
[BAO] Counters: AFTER
[BAO] C0: 0
[BAO] C1: 0
[BAO] C2: 0
[BAO] C3: 0
[BAO] C4: 0
[BAO] C5: 0
[DEBUG] done
[DEBUG] Configured counter.
[DEBUG] Started counter.
[DEBUG] get budget TIMEOUT: 
[DEBUG] (current_time_task_any - last_check_time_task_any) >= period_task[DEBUG] OVERFLOW SIGNAL
_any
[DEBUG] (3863 - 3831) >= 30 | 32 >= 30
[DEBUG] suspending task 0
[DEBUG] suspending task 1
[DEBUG] Stoped counter.
[DEBUG] calling HC_regulator_get_new_budget
[BAO] regulator_budget_depleted	 formula 4
[BAO] VM: BEFORE
[BAO]   depleated_op_type               = 4294967295
[BAO]   defined_pmu_read_val            = 378030
[BAO]   defined_pmu_write_val           = 38696995
[BAO]   current_used_read_budget        = 423736
[BAO]   current_used_write_budget       = 70274
[BAO]   new_read_budget                 = 378030
[BAO]   new_write_budget                = 38696995
[BAO]   total_used_read_budget          = 64273993
[BAO]   total_used_write_budget         = 11891069
[BAO]   total_calculated_new_read_budget = 0
[BAO]   total_calculated_new_write_budget= 0
[BAO] Counters: BEFORE
[BAO] C0: 384643
[BAO] C1: 4256492215
[BAO] C2: 0
[BAO] C3: 0
[BAO] C4: 0
[BAO] C5: 0
[BAO] AFC: BEFORE
[BAO]   previous_read_budget   = 378030
[BAO]   previous_write_budget  = 0
[BAO]   proportional_gain      = 2
[BAO]   scaling_factor         = 10
[BAO] AFC: AFTER
[
